1e-05 1.1869e-10
1.0027e-05 1.1869e-10
1.0053e-05 1.1869e-10
1.008e-05 1.1869e-10
1.0107e-05 1.1869e-10
1.0133e-05 1.1869e-10
1.016e-05 1.1869e-10
1.0187e-05 1.1869e-10
1.0214e-05 1.1869e-10
1.0241e-05 1.1869e-10
1.0269e-05 1.1869e-10
1.0296e-05 1.1869e-10
1.0323e-05 1.1869e-10
1.035e-05 1.1869e-10
1.0378e-05 1.1869e-10
1.0405e-05 1.1869e-10
1.0433e-05 1.1869e-10
1.0461e-05 1.1869e-10
1.0489e-05 1.1869e-10
1.0516e-05 1.1869e-10
1.0544e-05 1.1869e-10
1.0572e-05 1.1869e-10
1.06e-05 1.1869e-10
1.0628e-05 1.1869e-10
1.0657e-05 1.1869e-10
1.0685e-05 1.1869e-10
1.0713e-05 1.1869e-10
1.0742e-05 1.1869e-10
1.077e-05 1.1869e-10
1.0799e-05 1.1869e-10
1.0827e-05 1.1869e-10
1.0856e-05 1.1869e-10
1.0885e-05 1.1869e-10
1.0914e-05 1.1869e-10
1.0943e-05 1.1869e-10
1.0972e-05 1.1869e-10
1.1001e-05 1.1869e-10
1.103e-05 1.1869e-10
1.1059e-05 1.1869e-10
1.1089e-05 1.1869e-10
1.1118e-05 1.1869e-10
1.1148e-05 1.1869e-10
1.1177e-05 1.1869e-10
1.1207e-05 1.1869e-10
1.1237e-05 1.1869e-10
1.1266e-05 1.1869e-10
1.1296e-05 1.1869e-10
1.1326e-05 1.1869e-10
1.1356e-05 1.1869e-10
1.1386e-05 1.1869e-10
1.1417e-05 1.1869e-10
1.1447e-05 1.1869e-10
1.1477e-05 1.1869e-10
1.1508e-05 1.1869e-10
1.1538e-05 1.1869e-10
1.1569e-05 1.1869e-10
1.16e-05 1.1869e-10
1.163e-05 1.1869e-10
1.1661e-05 1.1869e-10
1.1692e-05 1.1869e-10
1.1723e-05 1.1869e-10
1.1754e-05 1.1869e-10
1.1786e-05 1.1869e-10
1.1817e-05 1.1869e-10
1.1848e-05 1.1869e-10
1.188e-05 1.1869e-10
1.1911e-05 1.1869e-10
1.1943e-05 1.1869e-10
1.1974e-05 1.1869e-10
1.2006e-05 1.1869e-10
1.2038e-05 1.1869e-10
1.207e-05 1.1869e-10
1.2102e-05 1.1869e-10
1.2134e-05 1.1869e-10
1.2166e-05 1.1869e-10
1.2199e-05 1.1869e-10
1.2231e-05 1.1869e-10
1.2263e-05 1.1869e-10
1.2296e-05 1.1869e-10
1.2329e-05 1.1869e-10
1.2361e-05 1.1869e-10
1.2394e-05 1.1869e-10
1.2427e-05 1.1869e-10
1.246e-05 1.1869e-10
1.2493e-05 1.1869e-10
1.2526e-05 1.1869e-10
1.2559e-05 1.1869e-10
1.2593e-05 1.1869e-10
1.2626e-05 1.1869e-10
1.266e-05 1.1869e-10
1.2693e-05 1.1869e-10
1.2727e-05 1.1869e-10
1.2761e-05 1.1869e-10
1.2795e-05 1.1869e-10
1.2828e-05 1.1869e-10
1.2863e-05 1.1869e-10
1.2897e-05 1.1869e-10
1.2931e-05 1.1869e-10
1.2965e-05 1.1869e-10
1.3e-05 1.1869e-10
1.3034e-05 1.1869e-10
1.3069e-05 1.1869e-10
1.3103e-05 1.1869e-10
1.3138e-05 1.1869e-10
1.3173e-05 1.1869e-10
1.3208e-05 1.1869e-10
1.3243e-05 1.1869e-10
1.3278e-05 1.1869e-10
1.3313e-05 1.1869e-10
1.3349e-05 1.1869e-10
1.3384e-05 1.1869e-10
1.342e-05 1.1869e-10
1.3455e-05 1.1869e-10
1.3491e-05 1.1869e-10
1.3527e-05 1.1869e-10
1.3563e-05 1.1869e-10
1.3599e-05 1.1869e-10
1.3635e-05 1.1869e-10
1.3671e-05 1.1869e-10
1.3707e-05 1.1869e-10
1.3743e-05 1.1869e-10
1.378e-05 1.1869e-10
1.3816e-05 1.1869e-10
1.3853e-05 1.1869e-10
1.389e-05 1.1869e-10
1.3927e-05 1.1869e-10
1.3964e-05 1.1869e-10
1.4001e-05 1.1869e-10
1.4038e-05 1.1869e-10
1.4075e-05 1.1869e-10
1.4113e-05 1.1869e-10
1.415e-05 1.1869e-10
1.4188e-05 1.1869e-10
1.4225e-05 1.1869e-10
1.4263e-05 1.1869e-10
1.4301e-05 1.1869e-10
1.4339e-05 1.1869e-10
1.4377e-05 1.1869e-10
1.4415e-05 1.1869e-10
1.4453e-05 1.1869e-10
1.4491e-05 1.1869e-10
1.453e-05 1.1869e-10
1.4568e-05 1.1869e-10
1.4607e-05 1.1869e-10
1.4646e-05 1.1869e-10
1.4685e-05 1.1869e-10
1.4724e-05 1.1869e-10
1.4763e-05 1.1869e-10
1.4802e-05 1.1869e-10
1.4841e-05 1.1869e-10
1.4881e-05 1.1869e-10
1.492e-05 1.1869e-10
1.496e-05 1.1869e-10
1.4999e-05 1.1869e-10
1.5039e-05 1.1869e-10
1.5079e-05 1.1869e-10
1.5119e-05 1.1869e-10
1.5159e-05 1.1869e-10
1.5199e-05 1.1869e-10
1.524e-05 1.1869e-10
1.528e-05 1.1869e-10
1.5321e-05 1.1869e-10
1.5361e-05 1.1869e-10
1.5402e-05 1.1869e-10
1.5443e-05 1.1869e-10
1.5484e-05 1.1869e-10
1.5525e-05 1.1869e-10
1.5566e-05 1.1869e-10
1.5608e-05 1.1869e-10
1.5649e-05 1.1869e-10
1.569e-05 1.1869e-10
1.5732e-05 1.1869e-10
1.5774e-05 1.1869e-10
1.5816e-05 1.1869e-10
1.5858e-05 1.1869e-10
1.59e-05 1.1869e-10
1.5942e-05 1.1869e-10
1.5984e-05 1.1869e-10
1.6027e-05 1.1869e-10
1.6069e-05 1.1869e-10
1.6112e-05 1.1869e-10
1.6155e-05 1.1869e-10
1.6197e-05 1.1869e-10
1.624e-05 1.1869e-10
1.6283e-05 1.1869e-10
1.6327e-05 1.1869e-10
1.637e-05 1.1869e-10
1.6413e-05 1.1869e-10
1.6457e-05 1.1869e-10
1.6501e-05 1.1869e-10
1.6544e-05 1.1869e-10
1.6588e-05 1.1869e-10
1.6632e-05 1.1869e-10
1.6677e-05 1.1869e-10
1.6721e-05 1.1869e-10
1.6765e-05 1.1869e-10
1.681e-05 1.1869e-10
1.6854e-05 1.1869e-10
1.6899e-05 1.1869e-10
1.6944e-05 1.1869e-10
1.6989e-05 1.1869e-10
1.7034e-05 1.1869e-10
1.7079e-05 1.1869e-10
1.7124e-05 1.1869e-10
1.717e-05 1.1869e-10
1.7215e-05 1.1869e-10
1.7261e-05 1.1869e-10
1.7307e-05 1.1869e-10
1.7353e-05 1.1869e-10
1.7399e-05 1.1869e-10
1.7445e-05 1.1869e-10
1.7491e-05 1.1869e-10
1.7538e-05 1.1869e-10
1.7584e-05 1.1869e-10
1.7631e-05 1.1869e-10
1.7678e-05 1.1869e-10
1.7724e-05 1.1869e-10
1.7772e-05 1.1869e-10
1.7819e-05 1.1869e-10
1.7866e-05 1.1869e-10
1.7913e-05 1.1869e-10
1.7961e-05 1.1869e-10
1.8009e-05 1.1869e-10
1.8056e-05 1.1869e-10
1.8104e-05 1.1869e-10
1.8152e-05 1.1869e-10
1.82e-05 1.1869e-10
1.8249e-05 1.1869e-10
1.8297e-05 1.1869e-10
1.8346e-05 1.1869e-10
1.8394e-05 1.1869e-10
1.8443e-05 1.1869e-10
1.8492e-05 1.1869e-10
1.8541e-05 1.1869e-10
1.859e-05 1.1869e-10
1.864e-05 1.1869e-10
1.8689e-05 1.1869e-10
1.8739e-05 1.1869e-10
1.8788e-05 1.1869e-10
1.8838e-05 1.1869e-10
1.8888e-05 1.1869e-10
1.8938e-05 1.1869e-10
1.8989e-05 1.1869e-10
1.9039e-05 1.1869e-10
1.909e-05 1.1869e-10
1.914e-05 1.1869e-10
1.9191e-05 1.1869e-10
1.9242e-05 1.1869e-10
1.9293e-05 1.1869e-10
1.9344e-05 1.1869e-10
1.9395e-05 1.1869e-10
1.9447e-05 1.1869e-10
1.9499e-05 1.1869e-10
1.955e-05 1.1869e-10
1.9602e-05 1.1869e-10
1.9654e-05 1.1869e-10
1.9706e-05 1.1869e-10
1.9759e-05 1.1869e-10
1.9811e-05 1.1869e-10
1.9864e-05 1.1869e-10
1.9916e-05 1.1869e-10
1.9969e-05 1.1869e-10
2.0022e-05 1.1869e-10
2.0075e-05 1.1869e-10
2.0129e-05 1.1869e-10
2.0182e-05 1.1869e-10
2.0235e-05 1.1869e-10
2.0289e-05 1.1869e-10
2.0343e-05 1.1869e-10
2.0397e-05 1.1869e-10
2.0451e-05 1.1869e-10
2.0505e-05 1.1869e-10
2.056e-05 1.1869e-10
2.0614e-05 1.1869e-10
2.0669e-05 1.1869e-10
2.0724e-05 1.1869e-10
2.0779e-05 1.1869e-10
2.0834e-05 1.1869e-10
2.0889e-05 1.1869e-10
2.0945e-05 1.1869e-10
2.1e-05 1.1869e-10
2.1056e-05 1.1869e-10
2.1112e-05 1.1869e-10
2.1168e-05 1.1869e-10
2.1224e-05 1.1869e-10
2.128e-05 1.1869e-10
2.1337e-05 1.1869e-10
2.1393e-05 1.1869e-10
2.145e-05 1.1869e-10
2.1507e-05 1.1869e-10
2.1564e-05 1.1869e-10
2.1621e-05 1.1869e-10
2.1679e-05 1.1869e-10
2.1736e-05 1.1869e-10
2.1794e-05 1.1869e-10
2.1852e-05 1.1869e-10
2.191e-05 1.1869e-10
2.1968e-05 1.1869e-10
2.2026e-05 1.1869e-10
2.2085e-05 1.1869e-10
2.2143e-05 1.1869e-10
2.2202e-05 1.1869e-10
2.2261e-05 1.1869e-10
2.232e-05 1.1869e-10
2.2379e-05 1.1869e-10
2.2439e-05 1.1869e-10
2.2498e-05 1.1869e-10
2.2558e-05 1.1869e-10
2.2618e-05 1.1869e-10
2.2678e-05 1.1869e-10
2.2738e-05 1.1869e-10
2.2798e-05 1.1869e-10
2.2859e-05 1.1869e-10
2.2919e-05 1.1869e-10
2.298e-05 1.1869e-10
2.3041e-05 1.1869e-10
2.3102e-05 1.1869e-10
2.3164e-05 1.1869e-10
2.3225e-05 1.1869e-10
2.3287e-05 1.1869e-10
2.3348e-05 1.1869e-10
2.341e-05 1.1869e-10
2.3472e-05 1.1869e-10
2.3535e-05 1.1869e-10
2.3597e-05 1.1869e-10
2.366e-05 1.1869e-10
2.3723e-05 1.1869e-10
2.3786e-05 1.1869e-10
2.3849e-05 1.1869e-10
2.3912e-05 1.1869e-10
2.3975e-05 1.1869e-10
2.4039e-05 1.1869e-10
2.4103e-05 1.1869e-10
2.4167e-05 1.1869e-10
2.4231e-05 1.1869e-10
2.4295e-05 1.1869e-10
2.436e-05 1.1869e-10
2.4424e-05 1.1869e-10
2.4489e-05 1.1869e-10
2.4554e-05 1.1869e-10
2.4619e-05 1.1869e-10
2.4684e-05 1.1869e-10
2.475e-05 1.1869e-10
2.4816e-05 1.1869e-10
2.4881e-05 1.1869e-10
2.4947e-05 1.1869e-10
2.5014e-05 1.1869e-10
2.508e-05 1.1869e-10
2.5147e-05 1.1869e-10
2.5213e-05 1.1869e-10
2.528e-05 1.1869e-10
2.5347e-05 1.1869e-10
2.5415e-05 1.1869e-10
2.5482e-05 1.1869e-10
2.555e-05 1.1869e-10
2.5617e-05 1.1869e-10
2.5685e-05 1.1869e-10
2.5754e-05 1.1869e-10
2.5822e-05 1.1869e-10
2.589e-05 1.1869e-10
2.5959e-05 1.1869e-10
2.6028e-05 1.1869e-10
2.6097e-05 1.1869e-10
2.6166e-05 1.1869e-10
2.6236e-05 1.1869e-10
2.6305e-05 1.1869e-10
2.6375e-05 1.1869e-10
2.6445e-05 1.1869e-10
2.6515e-05 1.1869e-10
2.6586e-05 1.1869e-10
2.6656e-05 1.1869e-10
2.6727e-05 1.1869e-10
2.6798e-05 1.1869e-10
2.6869e-05 1.1869e-10
2.694e-05 1.1869e-10
2.7012e-05 1.1869e-10
2.7083e-05 1.1869e-10
2.7155e-05 1.1869e-10
2.7227e-05 1.1869e-10
2.7299e-05 1.1869e-10
2.7372e-05 1.1869e-10
2.7445e-05 1.1869e-10
2.7517e-05 1.1869e-10
2.759e-05 1.1869e-10
2.7664e-05 1.1869e-10
2.7737e-05 1.1869e-10
2.7811e-05 1.1869e-10
2.7884e-05 1.1869e-10
2.7958e-05 1.1869e-10
2.8033e-05 1.1869e-10
2.8107e-05 1.1869e-10
2.8181e-05 1.1869e-10
2.8256e-05 1.1869e-10
2.8331e-05 1.1869e-10
2.8406e-05 1.1869e-10
2.8482e-05 1.1869e-10
2.8557e-05 1.1869e-10
2.8633e-05 1.1869e-10
2.8709e-05 1.1869e-10
2.8785e-05 1.1869e-10
2.8862e-05 1.1869e-10
2.8938e-05 1.1869e-10
2.9015e-05 1.1869e-10
2.9092e-05 1.1869e-10
2.9169e-05 1.1869e-10
2.9247e-05 1.1869e-10
2.9324e-05 1.1869e-10
2.9402e-05 1.1869e-10
2.948e-05 1.1869e-10
2.9558e-05 1.1869e-10
2.9637e-05 1.1869e-10
2.9715e-05 1.1869e-10
2.9794e-05 1.1869e-10
2.9873e-05 1.1869e-10
2.9952e-05 1.1869e-10
3.0032e-05 1.1869e-10
3.0112e-05 1.1869e-10
3.0192e-05 1.1869e-10
3.0272e-05 1.1869e-10
3.0352e-05 1.1869e-10
3.0432e-05 1.1869e-10
3.0513e-05 1.1869e-10
3.0594e-05 1.1869e-10
3.0675e-05 1.1869e-10
3.0757e-05 1.1869e-10
3.0838e-05 1.1869e-10
3.092e-05 1.1869e-10
3.1002e-05 1.1869e-10
3.1084e-05 1.1869e-10
3.1167e-05 1.1869e-10
3.125e-05 1.1869e-10
3.1333e-05 1.1869e-10
3.1416e-05 1.1869e-10
3.1499e-05 1.1869e-10
3.1583e-05 1.1869e-10
3.1666e-05 1.1869e-10
3.175e-05 1.1869e-10
3.1835e-05 1.1869e-10
3.1919e-05 1.1869e-10
3.2004e-05 1.1869e-10
3.2089e-05 1.1869e-10
3.2174e-05 1.1869e-10
3.2259e-05 1.1869e-10
3.2345e-05 1.1869e-10
3.2431e-05 1.1869e-10
3.2517e-05 1.1869e-10
3.2603e-05 1.1869e-10
3.269e-05 1.1869e-10
3.2776e-05 1.1869e-10
3.2863e-05 1.1869e-10
3.295e-05 1.1869e-10
3.3038e-05 1.1869e-10
3.3126e-05 1.1869e-10
3.3213e-05 1.1869e-10
3.3302e-05 1.1869e-10
3.339e-05 1.1869e-10
3.3479e-05 1.1869e-10
3.3567e-05 1.1869e-10
3.3656e-05 1.1869e-10
3.3746e-05 1.1869e-10
3.3835e-05 1.1869e-10
3.3925e-05 1.1869e-10
3.4015e-05 1.1869e-10
3.4105e-05 1.1869e-10
3.4196e-05 1.1869e-10
3.4287e-05 1.1869e-10
3.4377e-05 1.1869e-10
3.4469e-05 1.1869e-10
3.456e-05 1.1869e-10
3.4652e-05 1.1869e-10
3.4744e-05 1.1869e-10
3.4836e-05 1.1869e-10
3.4928e-05 1.1869e-10
3.5021e-05 1.1869e-10
3.5114e-05 1.1869e-10
3.5207e-05 1.1869e-10
3.5301e-05 1.1869e-10
3.5394e-05 1.1869e-10
3.5488e-05 1.1869e-10
3.5582e-05 1.1869e-10
3.5677e-05 1.1869e-10
3.5771e-05 1.1869e-10
3.5866e-05 1.1869e-10
3.5961e-05 1.1869e-10
3.6057e-05 1.1869e-10
3.6153e-05 1.1869e-10
3.6249e-05 1.1869e-10
3.6345e-05 1.1869e-10
3.6441e-05 1.1869e-10
3.6538e-05 1.1869e-10
3.6635e-05 1.1869e-10
3.6732e-05 1.1869e-10
3.6829e-05 1.1869e-10
3.6927e-05 1.1869e-10
3.7025e-05 1.1869e-10
3.7123e-05 1.1869e-10
3.7222e-05 1.1869e-10
3.7321e-05 1.1869e-10
3.742e-05 1.1869e-10
3.7519e-05 1.1869e-10
3.7618e-05 1.1869e-10
3.7718e-05 1.1869e-10
3.7818e-05 1.1869e-10
3.7919e-05 1.1869e-10
3.8019e-05 1.1869e-10
3.812e-05 1.1869e-10
3.8221e-05 1.1869e-10
3.8323e-05 1.1869e-10
3.8424e-05 1.1869e-10
3.8526e-05 1.1869e-10
3.8629e-05 1.1869e-10
3.8731e-05 1.1869e-10
3.8834e-05 1.1869e-10
3.8937e-05 1.1869e-10
3.904e-05 1.1869e-10
3.9144e-05 1.1869e-10
3.9248e-05 1.1869e-10
3.9352e-05 1.1869e-10
3.9456e-05 1.1869e-10
3.9561e-05 1.1869e-10
3.9666e-05 1.1869e-10
3.9771e-05 1.1869e-10
3.9877e-05 1.1869e-10
3.9982e-05 1.1869e-10
4.0089e-05 1.1869e-10
4.0195e-05 1.1869e-10
4.0302e-05 1.1869e-10
4.0409e-05 1.1869e-10
4.0516e-05 1.1869e-10
4.0623e-05 1.1869e-10
4.0731e-05 1.1869e-10
4.0839e-05 1.1869e-10
4.0947e-05 1.1869e-10
4.1056e-05 1.1869e-10
4.1165e-05 1.1869e-10
4.1274e-05 1.1869e-10
4.1384e-05 1.1869e-10
4.1494e-05 1.1869e-10
4.1604e-05 1.1869e-10
4.1714e-05 1.1869e-10
4.1825e-05 1.1869e-10
4.1936e-05 1.1869e-10
4.2047e-05 1.1869e-10
4.2159e-05 1.1869e-10
4.227e-05 1.1869e-10
4.2383e-05 1.1869e-10
4.2495e-05 1.1869e-10
4.2608e-05 1.1869e-10
4.2721e-05 1.1869e-10
4.2834e-05 1.1869e-10
4.2948e-05 1.1869e-10
4.3062e-05 1.1869e-10
4.3176e-05 1.1869e-10
4.3291e-05 1.1869e-10
4.3405e-05 1.1869e-10
4.3521e-05 1.1869e-10
4.3636e-05 1.1869e-10
4.3752e-05 1.1869e-10
4.3868e-05 1.1869e-10
4.3984e-05 1.1869e-10
4.4101e-05 1.1869e-10
4.4218e-05 1.1869e-10
4.4335e-05 1.1869e-10
4.4453e-05 1.1869e-10
4.4571e-05 1.1869e-10
4.4689e-05 1.1869e-10
4.4808e-05 1.1869e-10
4.4927e-05 1.1869e-10
4.5046e-05 1.1869e-10
4.5165e-05 1.1869e-10
4.5285e-05 1.1869e-10
4.5405e-05 1.1869e-10
4.5526e-05 1.1869e-10
4.5647e-05 1.1869e-10
4.5768e-05 1.1869e-10
4.5889e-05 1.1869e-10
4.6011e-05 1.1869e-10
4.6133e-05 1.1869e-10
4.6256e-05 1.1869e-10
4.6378e-05 1.1869e-10
4.6501e-05 1.1869e-10
4.6625e-05 1.1869e-10
4.6748e-05 1.1869e-10
4.6872e-05 1.1869e-10
4.6997e-05 1.1869e-10
4.7122e-05 1.1869e-10
4.7247e-05 1.1869e-10
4.7372e-05 1.1869e-10
4.7498e-05 1.1869e-10
4.7624e-05 1.1869e-10
4.775e-05 1.1869e-10
4.7877e-05 1.1869e-10
4.8004e-05 1.1869e-10
4.8131e-05 1.1869e-10
4.8259e-05 1.1869e-10
4.8387e-05 1.1869e-10
4.8515e-05 1.1869e-10
4.8644e-05 1.1869e-10
4.8773e-05 1.1869e-10
4.8902e-05 1.1869e-10
4.9032e-05 1.1869e-10
4.9162e-05 1.1869e-10
4.9293e-05 1.1869e-10
4.9424e-05 1.1869e-10
4.9555e-05 1.1869e-10
4.9686e-05 1.1869e-10
4.9818e-05 1.1869e-10
4.995e-05 1.1869e-10
5.0083e-05 1.1869e-10
5.0216e-05 1.1869e-10
5.0349e-05 1.1869e-10
5.0482e-05 1.1869e-10
5.0616e-05 1.1869e-10
5.0751e-05 1.1869e-10
5.0885e-05 1.1869e-10
5.102e-05 1.1869e-10
5.1156e-05 1.1869e-10
5.1291e-05 1.1869e-10
5.1428e-05 1.1869e-10
5.1564e-05 1.1869e-10
5.1701e-05 1.1869e-10
5.1838e-05 1.1869e-10
5.1976e-05 1.1869e-10
5.2113e-05 1.1869e-10
5.2252e-05 1.1869e-10
5.239e-05 1.1869e-10
5.2529e-05 1.1869e-10
5.2669e-05 1.1869e-10
5.2809e-05 1.1869e-10
5.2949e-05 1.1869e-10
5.3089e-05 1.1869e-10
5.323e-05 1.1869e-10
5.3371e-05 1.1869e-10
5.3513e-05 1.1869e-10
5.3655e-05 1.1869e-10
5.3797e-05 1.1869e-10
5.394e-05 1.1869e-10
5.4083e-05 1.1869e-10
5.4227e-05 1.1869e-10
5.437e-05 1.1869e-10
5.4515e-05 1.1869e-10
5.4659e-05 1.1869e-10
5.4804e-05 1.1869e-10
5.495e-05 1.1869e-10
5.5096e-05 1.1869e-10
5.5242e-05 1.1869e-10
5.5388e-05 1.1869e-10
5.5535e-05 1.1869e-10
5.5683e-05 1.1869e-10
5.583e-05 1.1869e-10
5.5979e-05 1.1869e-10
5.6127e-05 1.1869e-10
5.6276e-05 1.1869e-10
5.6425e-05 1.1869e-10
5.6575e-05 1.1869e-10
5.6725e-05 1.1869e-10
5.6876e-05 1.1869e-10
5.7027e-05 1.1869e-10
5.7178e-05 1.1869e-10
5.733e-05 1.1869e-10
5.7482e-05 1.1869e-10
5.7634e-05 1.1869e-10
5.7787e-05 1.1869e-10
5.794e-05 1.1869e-10
5.8094e-05 1.1869e-10
5.8248e-05 1.1869e-10
5.8403e-05 1.1869e-10
5.8558e-05 1.1869e-10
5.8713e-05 1.1869e-10
5.8869e-05 1.1869e-10
5.9025e-05 1.1869e-10
5.9182e-05 1.1869e-10
5.9339e-05 1.1869e-10
5.9496e-05 1.1869e-10
5.9654e-05 1.1869e-10
5.9812e-05 1.1869e-10
5.9971e-05 1.1869e-10
6.013e-05 1.1869e-10
6.029e-05 1.1869e-10
6.045e-05 1.1869e-10
6.061e-05 1.1869e-10
6.0771e-05 1.1869e-10
6.0932e-05 1.1869e-10
6.1094e-05 1.1869e-10
6.1256e-05 1.1869e-10
6.1419e-05 1.1869e-10
6.1582e-05 1.1869e-10
6.1745e-05 1.1869e-10
6.1909e-05 1.1869e-10
6.2073e-05 1.1869e-10
6.2238e-05 1.1869e-10
6.2403e-05 1.1869e-10
6.2568e-05 1.1869e-10
6.2734e-05 1.1869e-10
6.2901e-05 1.1869e-10
6.3068e-05 1.1869e-10
6.3235e-05 1.1869e-10
6.3403e-05 1.1869e-10
6.3571e-05 1.1869e-10
6.374e-05 1.1869e-10
6.3909e-05 1.1869e-10
6.4079e-05 1.1869e-10
6.4249e-05 1.1869e-10
6.4419e-05 1.1869e-10
6.459e-05 1.1869e-10
6.4761e-05 1.1869e-10
6.4933e-05 1.1869e-10
6.5105e-05 1.1869e-10
6.5278e-05 1.1869e-10
6.5451e-05 1.1869e-10
6.5625e-05 1.1869e-10
6.5799e-05 1.1869e-10
6.5974e-05 1.1869e-10
6.6149e-05 1.1869e-10
6.6324e-05 1.1869e-10
6.65e-05 1.1869e-10
6.6677e-05 1.1869e-10
6.6854e-05 1.1869e-10
6.7031e-05 1.1869e-10
6.7209e-05 1.1869e-10
6.7387e-05 1.1869e-10
6.7566e-05 1.1869e-10
6.7745e-05 1.1869e-10
6.7925e-05 1.1869e-10
6.8105e-05 1.1869e-10
6.8286e-05 1.1869e-10
6.8467e-05 1.1869e-10
6.8649e-05 1.1869e-10
6.8831e-05 1.1869e-10
6.9014e-05 1.1869e-10
6.9197e-05 1.1869e-10
6.938e-05 1.1869e-10
6.9564e-05 1.1869e-10
6.9749e-05 1.1869e-10
6.9934e-05 1.1869e-10
7.012e-05 1.1869e-10
7.0306e-05 1.1869e-10
7.0492e-05 1.1869e-10
7.0679e-05 1.1869e-10
7.0867e-05 1.1869e-10
7.1055e-05 1.1869e-10
7.1243e-05 1.1869e-10
7.1432e-05 1.1869e-10
7.1622e-05 1.1869e-10
7.1812e-05 1.1869e-10
7.2003e-05 1.1869e-10
7.2194e-05 1.1869e-10
7.2385e-05 1.1869e-10
7.2577e-05 1.1869e-10
7.277e-05 1.1869e-10
7.2963e-05 1.1869e-10
7.3156e-05 1.1869e-10
7.3351e-05 1.1869e-10
7.3545e-05 1.1869e-10
7.374e-05 1.1869e-10
7.3936e-05 1.1869e-10
7.4132e-05 1.1869e-10
7.4329e-05 1.1869e-10
7.4526e-05 1.1869e-10
7.4724e-05 1.1869e-10
7.4922e-05 1.1869e-10
7.5121e-05 1.1869e-10
7.532e-05 1.1869e-10
7.552e-05 1.1869e-10
7.572e-05 1.1869e-10
7.5921e-05 1.1869e-10
7.6123e-05 1.1869e-10
7.6325e-05 1.1869e-10
7.6527e-05 1.1869e-10
7.673e-05 1.1869e-10
7.6934e-05 1.1869e-10
7.7138e-05 1.1869e-10
7.7343e-05 1.1869e-10
7.7548e-05 1.1869e-10
7.7754e-05 1.1869e-10
7.796e-05 1.1869e-10
7.8167e-05 1.1869e-10
7.8374e-05 1.1869e-10
7.8582e-05 1.1869e-10
7.8791e-05 1.1869e-10
7.9e-05 1.1869e-10
7.9209e-05 1.1869e-10
7.942e-05 1.1869e-10
7.963e-05 1.1869e-10
7.9842e-05 1.1869e-10
8.0053e-05 1.1869e-10
8.0266e-05 1.1869e-10
8.0479e-05 1.1869e-10
8.0692e-05 1.1869e-10
8.0906e-05 1.1869e-10
8.1121e-05 1.1869e-10
8.1336e-05 1.1869e-10
8.1552e-05 1.1869e-10
8.1769e-05 1.1869e-10
8.1986e-05 1.1869e-10
8.2203e-05 1.1869e-10
8.2421e-05 1.1869e-10
8.264e-05 1.1869e-10
8.2859e-05 1.1869e-10
8.3079e-05 1.1869e-10
8.3299e-05 1.1869e-10
8.352e-05 1.1869e-10
8.3742e-05 1.1869e-10
8.3964e-05 1.1869e-10
8.4187e-05 1.1869e-10
8.441e-05 1.1869e-10
8.4634e-05 1.1869e-10
8.4859e-05 1.1869e-10
8.5084e-05 1.1869e-10
8.531e-05 1.1869e-10
8.5536e-05 1.1869e-10
8.5763e-05 1.1869e-10
8.5991e-05 1.1869e-10
8.6219e-05 1.1869e-10
8.6448e-05 1.1869e-10
8.6677e-05 1.1869e-10
8.6907e-05 1.1869e-10
8.7138e-05 1.1869e-10
8.7369e-05 1.1869e-10
8.7601e-05 1.1869e-10
8.7833e-05 1.1869e-10
8.8066e-05 1.1869e-10
8.83e-05 1.1869e-10
8.8534e-05 1.1869e-10
8.8769e-05 1.1869e-10
8.9005e-05 1.1869e-10
8.9241e-05 1.1869e-10
8.9477e-05 1.1869e-10
8.9715e-05 1.1869e-10
8.9953e-05 1.1869e-10
9.0192e-05 1.1869e-10
9.0431e-05 1.1869e-10
9.0671e-05 1.1869e-10
9.0911e-05 1.1869e-10
9.1153e-05 1.1869e-10
9.1395e-05 1.1869e-10
9.1637e-05 1.1869e-10
9.188e-05 1.1869e-10
9.2124e-05 1.1869e-10
9.2368e-05 1.1869e-10
9.2613e-05 1.1869e-10
9.2859e-05 1.1869e-10
9.3106e-05 1.1869e-10
9.3353e-05 1.1869e-10
9.36e-05 1.1869e-10
9.3849e-05 1.1869e-10
9.4098e-05 1.1869e-10
9.4347e-05 1.1869e-10
9.4598e-05 1.1869e-10
9.4849e-05 1.1869e-10
9.51e-05 1.1869e-10
9.5353e-05 1.1869e-10
9.5606e-05 1.1869e-10
9.5859e-05 1.1869e-10
9.6114e-05 1.1869e-10
9.6369e-05 1.1869e-10
9.6624e-05 1.1869e-10
9.6881e-05 1.1869e-10
9.7138e-05 1.1869e-10
9.7396e-05 1.1869e-10
9.7654e-05 1.1869e-10
9.7913e-05 1.1869e-10
9.8173e-05 1.1869e-10
9.8433e-05 1.1869e-10
9.8695e-05 1.1869e-10
9.8957e-05 1.1869e-10
9.9219e-05 1.1869e-10
9.9482e-05 1.1869e-10
9.9746e-05 1.1869e-10
0.00010001 1.1869e-10
0.00010028 1.1869e-10
0.00010054 1.1869e-10
0.00010081 1.1869e-10
0.00010108 1.1869e-10
0.00010134 1.1869e-10
0.00010161 1.1869e-10
0.00010188 1.1869e-10
0.00010215 1.1869e-10
0.00010242 1.1869e-10
0.0001027 1.1869e-10
0.00010297 1.1869e-10
0.00010324 1.1869e-10
0.00010352 1.1869e-10
0.00010379 1.1869e-10
0.00010407 1.1869e-10
0.00010434 1.1869e-10
0.00010462 1.1869e-10
0.0001049 1.1869e-10
0.00010518 1.1869e-10
0.00010545 1.1869e-10
0.00010573 1.1869e-10
0.00010601 1.1869e-10
0.0001063 1.1869e-10
0.00010658 1.1869e-10
0.00010686 1.1869e-10
0.00010714 1.1869e-10
0.00010743 1.1869e-10
0.00010771 1.1869e-10
0.000108 1.1869e-10
0.00010829 1.1869e-10
0.00010857 1.1869e-10
0.00010886 1.1869e-10
0.00010915 1.1869e-10
0.00010944 1.1869e-10
0.00010973 1.1869e-10
0.00011002 1.1869e-10
0.00011031 1.1869e-10
0.00011061 1.1869e-10
0.0001109 1.1869e-10
0.00011119 1.1869e-10
0.00011149 1.1869e-10
0.00011178 1.1869e-10
0.00011208 1.1869e-10
0.00011238 1.1869e-10
0.00011268 1.1869e-10
0.00011298 1.1869e-10
0.00011328 1.1869e-10
0.00011358 1.1869e-10
0.00011388 1.1869e-10
0.00011418 1.1869e-10
0.00011448 1.1869e-10
0.00011479 1.1869e-10
0.00011509 1.1869e-10
0.0001154 1.1869e-10
0.0001157 1.1869e-10
0.00011601 1.1869e-10
0.00011632 1.1869e-10
0.00011663 1.1869e-10
0.00011694 1.1869e-10
0.00011725 1.1869e-10
0.00011756 1.1869e-10
0.00011787 1.1869e-10
0.00011818 1.1869e-10
0.00011849 1.1869e-10
0.00011881 1.1869e-10
0.00011912 1.1869e-10
0.00011944 1.1869e-10
0.00011976 1.1869e-10
0.00012008 1.1869e-10
0.00012039 1.1869e-10
0.00012071 1.1869e-10
0.00012103 1.1869e-10
0.00012135 1.1869e-10
0.00012168 1.1869e-10
0.000122 1.1869e-10
0.00012232 1.1869e-10
0.00012265 1.1869e-10
0.00012297 1.1869e-10
0.0001233 1.1869e-10
0.00012363 1.1869e-10
0.00012395 1.1869e-10
0.00012428 1.1869e-10
0.00012461 1.1869e-10
0.00012494 1.1869e-10
0.00012528 1.1869e-10
0.00012561 1.1869e-10
0.00012594 1.1869e-10
0.00012628 1.1869e-10
0.00012661 1.1869e-10
0.00012695 1.1869e-10
0.00012728 1.1869e-10
0.00012762 1.1869e-10
0.00012796 1.1869e-10
0.0001283 1.1869e-10
0.00012864 1.1869e-10
0.00012898 1.1869e-10
0.00012932 1.1868e-10
0.00012967 1.1868e-10
0.00013001 1.1868e-10
0.00013036 1.1868e-10
0.0001307 1.1868e-10
0.00013105 1.1868e-10
0.0001314 1.1868e-10
0.00013174 1.1868e-10
0.00013209 1.1868e-10
0.00013244 1.1868e-10
0.0001328 1.1868e-10
0.00013315 1.1868e-10
0.0001335 1.1868e-10
0.00013386 1.1868e-10
0.00013421 1.1868e-10
0.00013457 1.1868e-10
0.00013492 1.1868e-10
0.00013528 1.1868e-10
0.00013564 1.1868e-10
0.000136 1.1868e-10
0.00013636 1.1868e-10
0.00013672 1.1868e-10
0.00013709 1.1868e-10
0.00013745 1.1868e-10
0.00013781 1.1868e-10
0.00013818 1.1868e-10
0.00013855 1.1868e-10
0.00013891 1.1868e-10
0.00013928 1.1868e-10
0.00013965 1.1868e-10
0.00014002 1.1868e-10
0.00014039 1.1868e-10
0.00014077 1.1868e-10
0.00014114 1.1868e-10
0.00014152 1.1868e-10
0.00014189 1.1868e-10
0.00014227 1.1868e-10
0.00014264 1.1868e-10
0.00014302 1.1868e-10
0.0001434 1.1868e-10
0.00014378 1.1868e-10
0.00014416 1.1868e-10
0.00014455 1.1868e-10
0.00014493 1.1868e-10
0.00014532 1.1868e-10
0.0001457 1.1868e-10
0.00014609 1.1868e-10
0.00014647 1.1868e-10
0.00014686 1.1868e-10
0.00014725 1.1868e-10
0.00014764 1.1868e-10
0.00014804 1.1868e-10
0.00014843 1.1868e-10
0.00014882 1.1868e-10
0.00014922 1.1868e-10
0.00014961 1.1868e-10
0.00015001 1.1868e-10
0.00015041 1.1868e-10
0.00015081 1.1868e-10
0.00015121 1.1868e-10
0.00015161 1.1868e-10
0.00015201 1.1867e-10
0.00015241 1.1867e-10
0.00015282 1.1867e-10
0.00015322 1.1867e-10
0.00015363 1.1867e-10
0.00015404 1.1867e-10
0.00015445 1.1867e-10
0.00015486 1.1867e-10
0.00015527 1.1867e-10
0.00015568 1.1867e-10
0.00015609 1.1867e-10
0.00015651 1.1867e-10
0.00015692 1.1867e-10
0.00015734 1.1867e-10
0.00015776 1.1867e-10
0.00015817 1.1867e-10
0.00015859 1.1867e-10
0.00015901 1.1867e-10
0.00015944 1.1867e-10
0.00015986 1.1867e-10
0.00016028 1.1867e-10
0.00016071 1.1867e-10
0.00016114 1.1867e-10
0.00016156 1.1867e-10
0.00016199 1.1867e-10
0.00016242 1.1867e-10
0.00016285 1.1867e-10
0.00016328 1.1867e-10
0.00016372 1.1867e-10
0.00016415 1.1867e-10
0.00016459 1.1867e-10
0.00016502 1.1867e-10
0.00016546 1.1867e-10
0.0001659 1.1867e-10
0.00016634 1.1867e-10
0.00016678 1.1867e-10
0.00016723 1.1867e-10
0.00016767 1.1867e-10
0.00016811 1.1867e-10
0.00016856 1.1867e-10
0.00016901 1.1867e-10
0.00016946 1.1867e-10
0.00016991 1.1866e-10
0.00017036 1.1866e-10
0.00017081 1.1866e-10
0.00017126 1.1866e-10
0.00017172 1.1866e-10
0.00017217 1.1866e-10
0.00017263 1.1866e-10
0.00017309 1.1866e-10
0.00017355 1.1866e-10
0.00017401 1.1866e-10
0.00017447 1.1866e-10
0.00017493 1.1866e-10
0.0001754 1.1866e-10
0.00017586 1.1866e-10
0.00017633 1.1866e-10
0.0001768 1.1866e-10
0.00017726 1.1866e-10
0.00017773 1.1866e-10
0.00017821 1.1866e-10
0.00017868 1.1866e-10
0.00017915 1.1866e-10
0.00017963 1.1866e-10
0.0001801 1.1866e-10
0.00018058 1.1866e-10
0.00018106 1.1866e-10
0.00018154 1.1866e-10
0.00018202 1.1866e-10
0.00018251 1.1866e-10
0.00018299 1.1866e-10
0.00018348 1.1866e-10
0.00018396 1.1866e-10
0.00018445 1.1866e-10
0.00018494 1.1866e-10
0.00018543 1.1866e-10
0.00018592 1.1866e-10
0.00018642 1.1865e-10
0.00018691 1.1865e-10
0.00018741 1.1865e-10
0.00018791 1.1865e-10
0.0001884 1.1865e-10
0.0001889 1.1865e-10
0.0001894 1.1865e-10
0.00018991 1.1865e-10
0.00019041 1.1865e-10
0.00019092 1.1865e-10
0.00019142 1.1865e-10
0.00019193 1.1865e-10
0.00019244 1.1865e-10
0.00019295 1.1865e-10
0.00019346 1.1865e-10
0.00019398 1.1865e-10
0.00019449 1.1865e-10
0.00019501 1.1865e-10
0.00019552 1.1865e-10
0.00019604 1.1865e-10
0.00019656 1.1865e-10
0.00019708 1.1865e-10
0.00019761 1.1865e-10
0.00019813 1.1865e-10
0.00019866 1.1865e-10
0.00019918 1.1865e-10
0.00019971 1.1865e-10
0.00020024 1.1865e-10
0.00020077 1.1865e-10
0.00020131 1.1865e-10
0.00020184 1.1864e-10
0.00020238 1.1864e-10
0.00020291 1.1864e-10
0.00020345 1.1864e-10
0.00020399 1.1864e-10
0.00020453 1.1864e-10
0.00020508 1.1864e-10
0.00020562 1.1864e-10
0.00020617 1.1864e-10
0.00020671 1.1864e-10
0.00020726 1.1864e-10
0.00020781 1.1864e-10
0.00020836 1.1864e-10
0.00020892 1.1864e-10
0.00020947 1.1864e-10
0.00021003 1.1864e-10
0.00021058 1.1864e-10
0.00021114 1.1864e-10
0.0002117 1.1864e-10
0.00021226 1.1864e-10
0.00021283 1.1864e-10
0.00021339 1.1864e-10
0.00021396 1.1864e-10
0.00021453 1.1864e-10
0.00021509 1.1864e-10
0.00021567 1.1864e-10
0.00021624 1.1864e-10
0.00021681 1.1863e-10
0.00021739 1.1863e-10
0.00021796 1.1863e-10
0.00021854 1.1863e-10
0.00021912 1.1863e-10
0.0002197 1.1863e-10
0.00022029 1.1863e-10
0.00022087 1.1863e-10
0.00022146 1.1863e-10
0.00022204 1.1863e-10
0.00022263 1.1863e-10
0.00022322 1.1863e-10
0.00022382 1.1863e-10
0.00022441 1.1863e-10
0.00022501 1.1863e-10
0.0002256 1.1863e-10
0.0002262 1.1863e-10
0.0002268 1.1863e-10
0.0002274 1.1863e-10
0.00022801 1.1863e-10
0.00022861 1.1863e-10
0.00022922 1.1863e-10
0.00022983 1.1863e-10
0.00023044 1.1863e-10
0.00023105 1.1862e-10
0.00023166 1.1862e-10
0.00023228 1.1862e-10
0.00023289 1.1862e-10
0.00023351 1.1862e-10
0.00023413 1.1862e-10
0.00023475 1.1862e-10
0.00023537 1.1862e-10
0.000236 1.1862e-10
0.00023662 1.1862e-10
0.00023725 1.1862e-10
0.00023788 1.1862e-10
0.00023851 1.1862e-10
0.00023915 1.1862e-10
0.00023978 1.1862e-10
0.00024042 1.1862e-10
0.00024105 1.1862e-10
0.00024169 1.1862e-10
0.00024233 1.1862e-10
0.00024298 1.1862e-10
0.00024362 1.1862e-10
0.00024427 1.1862e-10
0.00024492 1.1862e-10
0.00024557 1.1861e-10
0.00024622 1.1861e-10
0.00024687 1.1861e-10
0.00024753 1.1861e-10
0.00024818 1.1861e-10
0.00024884 1.1861e-10
0.0002495 1.1861e-10
0.00025016 1.1861e-10
0.00025083 1.1861e-10
0.00025149 1.1861e-10
0.00025216 1.1861e-10
0.00025283 1.1861e-10
0.0002535 1.1861e-10
0.00025417 1.1861e-10
0.00025485 1.1861e-10
0.00025552 1.1861e-10
0.0002562 1.1861e-10
0.00025688 1.1861e-10
0.00025756 1.1861e-10
0.00025825 1.1861e-10
0.00025893 1.1861e-10
0.00025962 1.186e-10
0.00026031 1.186e-10
0.000261 1.186e-10
0.00026169 1.186e-10
0.00026239 1.186e-10
0.00026308 1.186e-10
0.00026378 1.186e-10
0.00026448 1.186e-10
0.00026518 1.186e-10
0.00026588 1.186e-10
0.00026659 1.186e-10
0.0002673 1.186e-10
0.00026801 1.186e-10
0.00026872 1.186e-10
0.00026943 1.186e-10
0.00027015 1.186e-10
0.00027086 1.186e-10
0.00027158 1.186e-10
0.0002723 1.186e-10
0.00027302 1.1859e-10
0.00027375 1.1859e-10
0.00027448 1.1859e-10
0.0002752 1.1859e-10
0.00027593 1.1859e-10
0.00027667 1.1859e-10
0.0002774 1.1859e-10
0.00027814 1.1859e-10
0.00027887 1.1859e-10
0.00027961 1.1859e-10
0.00028036 1.1859e-10
0.0002811 1.1859e-10
0.00028185 1.1859e-10
0.00028259 1.1859e-10
0.00028334 1.1859e-10
0.0002841 1.1859e-10
0.00028485 1.1859e-10
0.0002856 1.1859e-10
0.00028636 1.1859e-10
0.00028712 1.1858e-10
0.00028788 1.1858e-10
0.00028865 1.1858e-10
0.00028941 1.1858e-10
0.00029018 1.1858e-10
0.00029095 1.1858e-10
0.00029172 1.1858e-10
0.0002925 1.1858e-10
0.00029327 1.1858e-10
0.00029405 1.1858e-10
0.00029483 1.1858e-10
0.00029561 1.1858e-10
0.0002964 1.1858e-10
0.00029719 1.1858e-10
0.00029797 1.1858e-10
0.00029876 1.1858e-10
0.00029956 1.1858e-10
0.00030035 1.1857e-10
0.00030115 1.1857e-10
0.00030195 1.1857e-10
0.00030275 1.1857e-10
0.00030355 1.1857e-10
0.00030436 1.1857e-10
0.00030517 1.1857e-10
0.00030598 1.1857e-10
0.00030679 1.1857e-10
0.0003076 1.1857e-10
0.00030842 1.1857e-10
0.00030924 1.1857e-10
0.00031006 1.1857e-10
0.00031088 1.1857e-10
0.0003117 1.1857e-10
0.00031253 1.1857e-10
0.00031336 1.1857e-10
0.00031419 1.1856e-10
0.00031503 1.1856e-10
0.00031586 1.1856e-10
0.0003167 1.1856e-10
0.00031754 1.1856e-10
0.00031838 1.1856e-10
0.00031923 1.1856e-10
0.00032007 1.1856e-10
0.00032092 1.1856e-10
0.00032177 1.1856e-10
0.00032263 1.1856e-10
0.00032348 1.1856e-10
0.00032434 1.1856e-10
0.0003252 1.1856e-10
0.00032607 1.1856e-10
0.00032693 1.1856e-10
0.0003278 1.1855e-10
0.00032867 1.1855e-10
0.00032954 1.1855e-10
0.00033041 1.1855e-10
0.00033129 1.1855e-10
0.00033217 1.1855e-10
0.00033305 1.1855e-10
0.00033394 1.1855e-10
0.00033482 1.1855e-10
0.00033571 1.1855e-10
0.0003366 1.1855e-10
0.00033749 1.1855e-10
0.00033839 1.1855e-10
0.00033929 1.1855e-10
0.00034019 1.1855e-10
0.00034109 1.1855e-10
0.000342 1.1854e-10
0.0003429 1.1854e-10
0.00034381 1.1854e-10
0.00034472 1.1854e-10
0.00034564 1.1854e-10
0.00034656 1.1854e-10
0.00034748 1.1854e-10
0.0003484 1.1854e-10
0.00034932 1.1854e-10
0.00035025 1.1854e-10
0.00035118 1.1854e-10
0.00035211 1.1854e-10
0.00035304 1.1854e-10
0.00035398 1.1854e-10
0.00035492 1.1854e-10
0.00035586 1.1853e-10
0.00035681 1.1853e-10
0.00035775 1.1853e-10
0.0003587 1.1853e-10
0.00035965 1.1853e-10
0.00036061 1.1853e-10
0.00036157 1.1853e-10
0.00036252 1.1853e-10
0.00036349 1.1853e-10
0.00036445 1.1853e-10
0.00036542 1.1853e-10
0.00036639 1.1853e-10
0.00036736 1.1853e-10
0.00036833 1.1853e-10
0.00036931 1.1852e-10
0.00037029 1.1852e-10
0.00037127 1.1852e-10
0.00037226 1.1852e-10
0.00037325 1.1852e-10
0.00037424 1.1852e-10
0.00037523 1.1852e-10
0.00037623 1.1852e-10
0.00037722 1.1852e-10
0.00037823 1.1852e-10
0.00037923 1.1852e-10
0.00038024 1.1852e-10
0.00038124 1.1852e-10
0.00038226 1.1852e-10
0.00038327 1.1851e-10
0.00038429 1.1851e-10
0.00038531 1.1851e-10
0.00038633 1.1851e-10
0.00038735 1.1851e-10
0.00038838 1.1851e-10
0.00038941 1.1851e-10
0.00039045 1.1851e-10
0.00039148 1.1851e-10
0.00039252 1.1851e-10
0.00039356 1.1851e-10
0.00039461 1.1851e-10
0.00039565 1.1851e-10
0.0003967 1.1851e-10
0.00039776 1.185e-10
0.00039881 1.185e-10
0.00039987 1.185e-10
0.00040093 1.185e-10
0.00040199 1.185e-10
0.00040306 1.185e-10
0.00040413 1.185e-10
0.0004052 1.185e-10
0.00040628 1.185e-10
0.00040735 1.185e-10
0.00040844 1.185e-10
0.00040952 1.185e-10
0.00041061 1.185e-10
0.0004117 1.1849e-10
0.00041279 1.1849e-10
0.00041388 1.1849e-10
0.00041498 1.1849e-10
0.00041608 1.1849e-10
0.00041719 1.1849e-10
0.00041829 1.1849e-10
0.0004194 1.1849e-10
0.00042052 1.1849e-10
0.00042163 1.1849e-10
0.00042275 1.1849e-10
0.00042387 1.1849e-10
0.000425 1.1849e-10
0.00042612 1.1848e-10
0.00042726 1.1848e-10
0.00042839 1.1848e-10
0.00042953 1.1848e-10
0.00043067 1.1848e-10
0.00043181 1.1848e-10
0.00043295 1.1848e-10
0.0004341 1.1848e-10
0.00043525 1.1848e-10
0.00043641 1.1848e-10
0.00043757 1.1848e-10
0.00043873 1.1848e-10
0.00043989 1.1847e-10
0.00044106 1.1847e-10
0.00044223 1.1847e-10
0.0004434 1.1847e-10
0.00044458 1.1847e-10
0.00044576 1.1847e-10
0.00044694 1.1847e-10
0.00044813 1.1847e-10
0.00044932 1.1847e-10
0.00045051 1.1847e-10
0.0004517 1.1847e-10
0.0004529 1.1847e-10
0.0004541 1.1846e-10
0.00045531 1.1846e-10
0.00045652 1.1846e-10
0.00045773 1.1846e-10
0.00045894 1.1846e-10
0.00046016 1.1846e-10
0.00046138 1.1846e-10
0.00046261 1.1846e-10
0.00046383 1.1846e-10
0.00046506 1.1846e-10
0.0004663 1.1846e-10
0.00046754 1.1846e-10
0.00046878 1.1845e-10
0.00047002 1.1845e-10
0.00047127 1.1845e-10
0.00047252 1.1845e-10
0.00047377 1.1845e-10
0.00047503 1.1845e-10
0.00047629 1.1845e-10
0.00047755 1.1845e-10
0.00047882 1.1845e-10
0.00048009 1.1845e-10
0.00048136 1.1845e-10
0.00048264 1.1845e-10
0.00048392 1.1844e-10
0.00048521 1.1844e-10
0.00048649 1.1844e-10
0.00048778 1.1844e-10
0.00048908 1.1844e-10
0.00049038 1.1844e-10
0.00049168 1.1844e-10
0.00049298 1.1844e-10
0.00049429 1.1844e-10
0.0004956 1.1844e-10
0.00049692 1.1844e-10
0.00049823 1.1843e-10
0.00049956 1.1843e-10
0.00050088 1.1843e-10
0.00050221 1.1843e-10
0.00050354 1.1843e-10
0.00050488 1.1843e-10
0.00050622 1.1843e-10
0.00050756 1.1843e-10
0.00050891 1.1843e-10
0.00051026 1.1843e-10
0.00051161 1.1843e-10
0.00051297 1.1842e-10
0.00051433 1.1842e-10
0.0005157 1.1842e-10
0.00051707 1.1842e-10
0.00051844 1.1842e-10
0.00051981 1.1842e-10
0.00052119 1.1842e-10
0.00052257 1.1842e-10
0.00052396 1.1842e-10
0.00052535 1.1842e-10
0.00052675 1.1842e-10
0.00052814 1.1841e-10
0.00052954 1.1841e-10
0.00053095 1.1841e-10
0.00053236 1.1841e-10
0.00053377 1.1841e-10
0.00053519 1.1841e-10
0.00053661 1.1841e-10
0.00053803 1.1841e-10
0.00053946 1.1841e-10
0.00054089 1.1841e-10
0.00054233 1.1841e-10
0.00054376 1.184e-10
0.00054521 1.184e-10
0.00054665 1.184e-10
0.0005481 1.184e-10
0.00054956 1.184e-10
0.00055102 1.184e-10
0.00055248 1.184e-10
0.00055394 1.184e-10
0.00055541 1.184e-10
0.00055689 1.184e-10
0.00055837 1.1839e-10
0.00055985 1.1839e-10
0.00056133 1.1839e-10
0.00056282 1.1839e-10
0.00056432 1.1839e-10
0.00056581 1.1839e-10
0.00056731 1.1839e-10
0.00056882 1.1839e-10
0.00057033 1.1839e-10
0.00057184 1.1839e-10
0.00057336 1.1838e-10
0.00057488 1.1838e-10
0.00057641 1.1838e-10
0.00057793 1.1838e-10
0.00057947 1.1838e-10
0.00058101 1.1838e-10
0.00058255 1.1838e-10
0.00058409 1.1838e-10
0.00058564 1.1838e-10
0.0005872 1.1838e-10
0.00058875 1.1838e-10
0.00059032 1.1837e-10
0.00059188 1.1837e-10
0.00059345 1.1837e-10
0.00059503 1.1837e-10
0.00059661 1.1837e-10
0.00059819 1.1837e-10
0.00059978 1.1837e-10
0.00060137 1.1837e-10
0.00060296 1.1837e-10
0.00060456 1.1836e-10
0.00060617 1.1836e-10
0.00060778 1.1836e-10
0.00060939 1.1836e-10
0.00061101 1.1836e-10
0.00061263 1.1836e-10
0.00061425 1.1836e-10
0.00061588 1.1836e-10
0.00061752 1.1836e-10
0.00061916 1.1836e-10
0.0006208 1.1835e-10
0.00062245 1.1835e-10
0.0006241 1.1835e-10
0.00062575 1.1835e-10
0.00062741 1.1835e-10
0.00062908 1.1835e-10
0.00063075 1.1835e-10
0.00063242 1.1835e-10
0.0006341 1.1835e-10
0.00063578 1.1835e-10
0.00063747 1.1834e-10
0.00063916 1.1834e-10
0.00064086 1.1834e-10
0.00064256 1.1834e-10
0.00064426 1.1834e-10
0.00064597 1.1834e-10
0.00064768 1.1834e-10
0.0006494 1.1834e-10
0.00065113 1.1834e-10
0.00065285 1.1833e-10
0.00065459 1.1833e-10
0.00065632 1.1833e-10
0.00065806 1.1833e-10
0.00065981 1.1833e-10
0.00066156 1.1833e-10
0.00066332 1.1833e-10
0.00066508 1.1833e-10
0.00066684 1.1833e-10
0.00066861 1.1832e-10
0.00067038 1.1832e-10
0.00067216 1.1832e-10
0.00067395 1.1832e-10
0.00067573 1.1832e-10
0.00067753 1.1832e-10
0.00067933 1.1832e-10
0.00068113 1.1832e-10
0.00068294 1.1832e-10
0.00068475 1.1831e-10
0.00068656 1.1831e-10
0.00068839 1.1831e-10
0.00069021 1.1831e-10
0.00069204 1.1831e-10
0.00069388 1.1831e-10
0.00069572 1.1831e-10
0.00069757 1.1831e-10
0.00069942 1.1831e-10
0.00070127 1.183e-10
0.00070313 1.183e-10
0.000705 1.183e-10
0.00070687 1.183e-10
0.00070875 1.183e-10
0.00071063 1.183e-10
0.00071251 1.183e-10
0.0007144 1.183e-10
0.0007163 1.183e-10
0.0007182 1.1829e-10
0.0007201 1.1829e-10
0.00072202 1.1829e-10
0.00072393 1.1829e-10
0.00072585 1.1829e-10
0.00072778 1.1829e-10
0.00072971 1.1829e-10
0.00073164 1.1829e-10
0.00073359 1.1829e-10
0.00073553 1.1828e-10
0.00073748 1.1828e-10
0.00073944 1.1828e-10
0.0007414 1.1828e-10
0.00074337 1.1828e-10
0.00074534 1.1828e-10
0.00074732 1.1828e-10
0.0007493 1.1828e-10
0.00075129 1.1828e-10
0.00075328 1.1827e-10
0.00075528 1.1827e-10
0.00075729 1.1827e-10
0.0007593 1.1827e-10
0.00076131 1.1827e-10
0.00076333 1.1827e-10
0.00076536 1.1827e-10
0.00076739 1.1827e-10
0.00076942 1.1826e-10
0.00077147 1.1826e-10
0.00077351 1.1826e-10
0.00077556 1.1826e-10
0.00077762 1.1826e-10
0.00077969 1.1826e-10
0.00078175 1.1826e-10
0.00078383 1.1826e-10
0.00078591 1.1825e-10
0.00078799 1.1825e-10
0.00079008 1.1825e-10
0.00079218 1.1825e-10
0.00079428 1.1825e-10
0.00079639 1.1825e-10
0.0007985 1.1825e-10
0.00080062 1.1825e-10
0.00080275 1.1825e-10
0.00080488 1.1824e-10
0.00080701 1.1824e-10
0.00080915 1.1824e-10
0.0008113 1.1824e-10
0.00081345 1.1824e-10
0.00081561 1.1824e-10
0.00081778 1.1824e-10
0.00081995 1.1824e-10
0.00082212 1.1823e-10
0.0008243 1.1823e-10
0.00082649 1.1823e-10
0.00082868 1.1823e-10
0.00083088 1.1823e-10
0.00083309 1.1823e-10
0.0008353 1.1823e-10
0.00083751 1.1823e-10
0.00083973 1.1822e-10
0.00084196 1.1822e-10
0.0008442 1.1822e-10
0.00084644 1.1822e-10
0.00084868 1.1822e-10
0.00085093 1.1822e-10
0.00085319 1.1822e-10
0.00085546 1.1822e-10
0.00085773 1.1821e-10
0.00086 1.1821e-10
0.00086228 1.1821e-10
0.00086457 1.1821e-10
0.00086687 1.1821e-10
0.00086917 1.1821e-10
0.00087147 1.1821e-10
0.00087378 1.1821e-10
0.0008761 1.182e-10
0.00087843 1.182e-10
0.00088076 1.182e-10
0.00088309 1.182e-10
0.00088544 1.182e-10
0.00088779 1.182e-10
0.00089014 1.182e-10
0.0008925 1.182e-10
0.00089487 1.1819e-10
0.00089725 1.1819e-10
0.00089963 1.1819e-10
0.00090202 1.1819e-10
0.00090441 1.1819e-10
0.00090681 1.1819e-10
0.00090921 1.1819e-10
0.00091163 1.1818e-10
0.00091405 1.1818e-10
0.00091647 1.1818e-10
0.0009189 1.1818e-10
0.00092134 1.1818e-10
0.00092379 1.1818e-10
0.00092624 1.1818e-10
0.00092869 1.1818e-10
0.00093116 1.1817e-10
0.00093363 1.1817e-10
0.00093611 1.1817e-10
0.00093859 1.1817e-10
0.00094108 1.1817e-10
0.00094358 1.1817e-10
0.00094608 1.1817e-10
0.00094859 1.1816e-10
0.00095111 1.1816e-10
0.00095363 1.1816e-10
0.00095616 1.1816e-10
0.0009587 1.1816e-10
0.00096124 1.1816e-10
0.00096379 1.1816e-10
0.00096635 1.1816e-10
0.00096891 1.1815e-10
0.00097149 1.1815e-10
0.00097406 1.1815e-10
0.00097665 1.1815e-10
0.00097924 1.1815e-10
0.00098184 1.1815e-10
0.00098444 1.1815e-10
0.00098705 1.1814e-10
0.00098967 1.1814e-10
0.0009923 1.1814e-10
0.00099493 1.1814e-10
0.00099757 1.1814e-10
0.0010002 1.1814e-10
0.0010029 1.1814e-10
0.0010055 1.1814e-10
0.0010082 1.1813e-10
0.0010109 1.1813e-10
0.0010136 1.1813e-10
0.0010162 1.1813e-10
0.0010189 1.1813e-10
0.0010216 1.1812e-10
0.0010244 1.1812e-10
0.0010271 1.1812e-10
0.0010298 1.1812e-10
0.0010325 1.1812e-10
0.0010353 1.1811e-10
0.001038 1.1811e-10
0.0010408 1.1811e-10
0.0010435 1.1811e-10
0.0010463 1.181e-10
0.0010491 1.181e-10
0.0010519 1.181e-10
0.0010547 1.181e-10
0.0010575 1.1809e-10
0.0010603 1.1809e-10
0.0010631 1.1809e-10
0.0010659 1.1808e-10
0.0010687 1.1808e-10
0.0010716 1.1808e-10
0.0010744 1.1808e-10
0.0010773 1.1807e-10
0.0010801 1.1807e-10
0.001083 1.1807e-10
0.0010859 1.1806e-10
0.0010887 1.1806e-10
0.0010916 1.1806e-10
0.0010945 1.1805e-10
0.0010974 1.1805e-10
0.0011003 1.1804e-10
0.0011033 1.1804e-10
0.0011062 1.1804e-10
0.0011091 1.1803e-10
0.0011121 1.1803e-10
0.001115 1.1803e-10
0.001118 1.1802e-10
0.0011209 1.1802e-10
0.0011239 1.1801e-10
0.0011269 1.1801e-10
0.0011299 1.1801e-10
0.0011329 1.18e-10
0.0011359 1.18e-10
0.0011389 1.1799e-10
0.0011419 1.1799e-10
0.0011449 1.1798e-10
0.001148 1.1798e-10
0.001151 1.1798e-10
0.0011541 1.1797e-10
0.0011571 1.1797e-10
0.0011602 1.1796e-10
0.0011633 1.1796e-10
0.0011664 1.1795e-10
0.0011695 1.1795e-10
0.0011726 1.1794e-10
0.0011757 1.1794e-10
0.0011788 1.1793e-10
0.0011819 1.1793e-10
0.0011851 1.1792e-10
0.0011882 1.1792e-10
0.0011914 1.1791e-10
0.0011945 1.1791e-10
0.0011977 1.179e-10
0.0012009 1.179e-10
0.0012041 1.1789e-10
0.0012073 1.1789e-10
0.0012105 1.1788e-10
0.0012137 1.1788e-10
0.0012169 1.1787e-10
0.0012201 1.1787e-10
0.0012234 1.1786e-10
0.0012266 1.1785e-10
0.0012299 1.1785e-10
0.0012331 1.1784e-10
0.0012364 1.1784e-10
0.0012397 1.1783e-10
0.001243 1.1783e-10
0.0012463 1.1782e-10
0.0012496 1.1782e-10
0.0012529 1.1781e-10
0.0012562 1.178e-10
0.0012595 1.178e-10
0.0012629 1.1779e-10
0.0012662 1.1779e-10
0.0012696 1.1778e-10
0.001273 1.1778e-10
0.0012763 1.1777e-10
0.0012797 1.1776e-10
0.0012831 1.1776e-10
0.0012865 1.1775e-10
0.0012899 1.1775e-10
0.0012934 1.1774e-10
0.0012968 1.1773e-10
0.0013002 1.1773e-10
0.0013037 1.1772e-10
0.0013072 1.1772e-10
0.0013106 1.1771e-10
0.0013141 1.177e-10
0.0013176 1.177e-10
0.0013211 1.1769e-10
0.0013246 1.1769e-10
0.0013281 1.1768e-10
0.0013316 1.1767e-10
0.0013352 1.1767e-10
0.0013387 1.1766e-10
0.0013423 1.1765e-10
0.0013458 1.1765e-10
0.0013494 1.1764e-10
0.001353 1.1764e-10
0.0013566 1.1763e-10
0.0013602 1.1762e-10
0.0013638 1.1762e-10
0.0013674 1.1761e-10
0.001371 1.176e-10
0.0013746 1.176e-10
0.0013783 1.1759e-10
0.001382 1.1758e-10
0.0013856 1.1758e-10
0.0013893 1.1757e-10
0.001393 1.1757e-10
0.0013967 1.1756e-10
0.0014004 1.1755e-10
0.0014041 1.1755e-10
0.0014078 1.1754e-10
0.0014116 1.1753e-10
0.0014153 1.1753e-10
0.0014191 1.1752e-10
0.0014228 1.1751e-10
0.0014266 1.1751e-10
0.0014304 1.175e-10
0.0014342 1.1749e-10
0.001438 1.1749e-10
0.0014418 1.1748e-10
0.0014456 1.1748e-10
0.0014495 1.1747e-10
0.0014533 1.1746e-10
0.0014572 1.1746e-10
0.001461 1.1745e-10
0.0014649 1.1744e-10
0.0014688 1.1744e-10
0.0014727 1.1743e-10
0.0014766 1.1742e-10
0.0014805 1.1742e-10
0.0014844 1.1741e-10
0.0014884 1.174e-10
0.0014923 1.174e-10
0.0014963 1.1739e-10
0.0015003 1.1738e-10
0.0015042 1.1738e-10
0.0015082 1.1737e-10
0.0015122 1.1737e-10
0.0015163 1.1736e-10
0.0015203 1.1735e-10
0.0015243 1.1735e-10
0.0015284 1.1734e-10
0.0015324 1.1733e-10
0.0015365 1.1732e-10
0.0015406 1.1732e-10
0.0015446 1.1731e-10
0.0015487 1.173e-10
0.0015528 1.173e-10
0.001557 1.1729e-10
0.0015611 1.1728e-10
0.0015652 1.1727e-10
0.0015694 1.1727e-10
0.0015736 1.1726e-10
0.0015777 1.1725e-10
0.0015819 1.1724e-10
0.0015861 1.1724e-10
0.0015903 1.1723e-10
0.0015945 1.1722e-10
0.0015988 1.1721e-10
0.001603 1.1721e-10
0.0016073 1.172e-10
0.0016115 1.1719e-10
0.0016158 1.1718e-10
0.0016201 1.1717e-10
0.0016244 1.1717e-10
0.0016287 1.1716e-10
0.001633 1.1715e-10
0.0016374 1.1714e-10
0.0016417 1.1713e-10
0.0016461 1.1712e-10
0.0016504 1.1712e-10
0.0016548 1.1711e-10
0.0016592 1.171e-10
0.0016636 1.1709e-10
0.001668 1.1708e-10
0.0016724 1.1707e-10
0.0016769 1.1707e-10
0.0016813 1.1706e-10
0.0016858 1.1705e-10
0.0016903 1.1704e-10
0.0016947 1.1703e-10
0.0016992 1.1702e-10
0.0017038 1.1701e-10
0.0017083 1.17e-10
0.0017128 1.17e-10
0.0017174 1.1699e-10
0.0017219 1.1698e-10
0.0017265 1.1697e-10
0.0017311 1.1696e-10
0.0017356 1.1695e-10
0.0017403 1.1694e-10
0.0017449 1.1693e-10
0.0017495 1.1692e-10
0.0017541 1.1691e-10
0.0017588 1.169e-10
0.0017635 1.1689e-10
0.0017681 1.1689e-10
0.0017728 1.1688e-10
0.0017775 1.1687e-10
0.0017823 1.1686e-10
0.001787 1.1685e-10
0.0017917 1.1684e-10
0.0017965 1.1683e-10
0.0018012 1.1682e-10
0.001806 1.1681e-10
0.0018108 1.168e-10
0.0018156 1.1679e-10
0.0018204 1.1678e-10
0.0018253 1.1677e-10
0.0018301 1.1676e-10
0.001835 1.1675e-10
0.0018398 1.1674e-10
0.0018447 1.1673e-10
0.0018496 1.1672e-10
0.0018545 1.1671e-10
0.0018594 1.167e-10
0.0018644 1.1669e-10
0.0018693 1.1668e-10
0.0018743 1.1667e-10
0.0018793 1.1667e-10
0.0018842 1.1666e-10
0.0018892 1.1665e-10
0.0018943 1.1664e-10
0.0018993 1.1663e-10
0.0019043 1.1662e-10
0.0019094 1.1661e-10
0.0019144 1.166e-10
0.0019195 1.1659e-10
0.0019246 1.1658e-10
0.0019297 1.1657e-10
0.0019348 1.1656e-10
0.00194 1.1655e-10
0.0019451 1.1654e-10
0.0019503 1.1653e-10
0.0019555 1.1652e-10
0.0019606 1.1651e-10
0.0019658 1.165e-10
0.0019711 1.1649e-10
0.0019763 1.1648e-10
0.0019815 1.1647e-10
0.0019868 1.1646e-10
0.0019921 1.1645e-10
0.0019974 1.1644e-10
0.0020027 1.1643e-10
0.002008 1.1642e-10
0.0020133 1.1641e-10
0.0020186 1.164e-10
0.002024 1.1639e-10
0.0020294 1.1638e-10
0.0020347 1.1637e-10
0.0020401 1.1635e-10
0.0020456 1.1634e-10
0.002051 1.1633e-10
0.0020564 1.1632e-10
0.0020619 1.1631e-10
0.0020674 1.163e-10
0.0020728 1.1629e-10
0.0020783 1.1628e-10
0.0020839 1.1627e-10
0.0020894 1.1626e-10
0.0020949 1.1625e-10
0.0021005 1.1624e-10
0.0021061 1.1623e-10
0.0021116 1.1621e-10
0.0021173 1.162e-10
0.0021229 1.1619e-10
0.0021285 1.1618e-10
0.0021341 1.1617e-10
0.0021398 1.1616e-10
0.0021455 1.1615e-10
0.0021512 1.1614e-10
0.0021569 1.1612e-10
0.0021626 1.1611e-10
0.0021684 1.161e-10
0.0021741 1.1609e-10
0.0021799 1.1608e-10
0.0021857 1.1607e-10
0.0021915 1.1605e-10
0.0021973 1.1604e-10
0.0022031 1.1603e-10
0.0022089 1.1602e-10
0.0022148 1.1601e-10
0.0022207 1.16e-10
0.0022266 1.1598e-10
0.0022325 1.1597e-10
0.0022384 1.1596e-10
0.0022443 1.1595e-10
0.0022503 1.1594e-10
0.0022563 1.1593e-10
0.0022623 1.1591e-10
0.0022683 1.159e-10
0.0022743 1.1589e-10
0.0022803 1.1588e-10
0.0022864 1.1587e-10
0.0022924 1.1585e-10
0.0022985 1.1584e-10
0.0023046 1.1583e-10
0.0023107 1.1582e-10
0.0023169 1.1581e-10
0.002323 1.1579e-10
0.0023292 1.1578e-10
0.0023353 1.1577e-10
0.0023415 1.1576e-10
0.0023478 1.1575e-10
0.002354 1.1574e-10
0.0023602 1.1572e-10
0.0023665 1.1571e-10
0.0023728 1.157e-10
0.0023791 1.1569e-10
0.0023854 1.1568e-10
0.0023917 1.1566e-10
0.0023981 1.1565e-10
0.0024044 1.1564e-10
0.0024108 1.1563e-10
0.0024172 1.1562e-10
0.0024236 1.156e-10
0.00243 1.1559e-10
0.0024365 1.1558e-10
0.002443 1.1557e-10
0.0024494 1.1556e-10
0.0024559 1.1555e-10
0.0024625 1.1553e-10
0.002469 1.1552e-10
0.0024755 1.1551e-10
0.0024821 1.155e-10
0.0024887 1.1549e-10
0.0024953 1.1548e-10
0.0025019 1.1546e-10
0.0025086 1.1545e-10
0.0025152 1.1544e-10
0.0025219 1.1543e-10
0.0025286 1.1542e-10
0.0025353 1.154e-10
0.002542 1.1539e-10
0.0025488 1.1538e-10
0.0025555 1.1536e-10
0.0025623 1.1535e-10
0.0025691 1.1533e-10
0.0025759 1.1532e-10
0.0025828 1.153e-10
0.0025896 1.1529e-10
0.0025965 1.1527e-10
0.0026034 1.1526e-10
0.0026103 1.1524e-10
0.0026172 1.1523e-10
0.0026241 1.1521e-10
0.0026311 1.152e-10
0.0026381 1.1518e-10
0.0026451 1.1517e-10
0.0026521 1.1515e-10
0.0026591 1.1514e-10
0.0026662 1.1512e-10
0.0026733 1.1511e-10
0.0026804 1.1509e-10
0.0026875 1.1508e-10
0.0026946 1.1506e-10
0.0027018 1.1504e-10
0.0027089 1.1503e-10
0.0027161 1.1501e-10
0.0027233 1.15e-10
0.0027305 1.1498e-10
0.0027378 1.1497e-10
0.0027451 1.1496e-10
0.0027523 1.1494e-10
0.0027596 1.1493e-10
0.002767 1.1491e-10
0.0027743 1.149e-10
0.0027817 1.1489e-10
0.002789 1.1487e-10
0.0027964 1.1486e-10
0.0028039 1.1485e-10
0.0028113 1.1484e-10
0.0028188 1.1482e-10
0.0028262 1.1481e-10
0.0028337 1.148e-10
0.0028413 1.1479e-10
0.0028488 1.1478e-10
0.0028564 1.1477e-10
0.0028639 1.1476e-10
0.0028715 1.1475e-10
0.0028792 1.1474e-10
0.0028868 1.1473e-10
0.0028945 1.1472e-10
0.0029021 1.1472e-10
0.0029098 1.1471e-10
0.0029176 1.147e-10
0.0029253 1.147e-10
0.0029331 1.1469e-10
0.0029408 1.1469e-10
0.0029486 1.1468e-10
0.0029565 1.1468e-10
0.0029643 1.1467e-10
0.0029722 1.1467e-10
0.0029801 1.1467e-10
0.002988 1.1467e-10
0.0029959 1.1467e-10
0.0030038 1.1467e-10
0.0030118 1.1467e-10
0.0030198 1.1467e-10
0.0030278 1.1467e-10
0.0030359 1.1467e-10
0.0030439 1.1467e-10
0.003052 1.1467e-10
0.0030601 1.1467e-10
0.0030682 1.1467e-10
0.0030763 1.1467e-10
0.0030845 1.1467e-10
0.0030927 1.1467e-10
0.0031009 1.1468e-10
0.0031091 1.1468e-10
0.0031174 1.1468e-10
0.0031256 1.1468e-10
0.0031339 1.1468e-10
0.0031423 1.1468e-10
0.0031506 1.1469e-10
0.003159 1.1469e-10
0.0031673 1.1469e-10
0.0031757 1.1469e-10
0.0031842 1.1469e-10
0.0031926 1.147e-10
0.0032011 1.147e-10
0.0032096 1.147e-10
0.0032181 1.147e-10
0.0032266 1.1471e-10
0.0032352 1.1471e-10
0.0032438 1.1471e-10
0.0032524 1.1472e-10
0.003261 1.1472e-10
0.0032697 1.1472e-10
0.0032783 1.1473e-10
0.003287 1.1473e-10
0.0032958 1.1473e-10
0.0033045 1.1474e-10
0.0033133 1.1474e-10
0.0033221 1.1475e-10
0.0033309 1.1475e-10
0.0033397 1.1475e-10
0.0033486 1.1476e-10
0.0033575 1.1476e-10
0.0033664 1.1477e-10
0.0033753 1.1477e-10
0.0033843 1.1478e-10
0.0033932 1.1478e-10
0.0034022 1.1479e-10
0.0034113 1.1479e-10
0.0034203 1.148e-10
0.0034294 1.148e-10
0.0034385 1.1481e-10
0.0034476 1.1481e-10
0.0034568 1.1482e-10
0.0034659 1.1482e-10
0.0034751 1.1483e-10
0.0034844 1.1484e-10
0.0034936 1.1484e-10
0.0035029 1.1485e-10
0.0035122 1.1485e-10
0.0035215 1.1486e-10
0.0035308 1.1487e-10
0.0035402 1.1487e-10
0.0035496 1.1488e-10
0.003559 1.1489e-10
0.0035685 1.1489e-10
0.0035779 1.149e-10
0.0035874 1.1491e-10
0.0035969 1.1491e-10
0.0036065 1.1492e-10
0.003616 1.1493e-10
0.0036256 1.1494e-10
0.0036353 1.1494e-10
0.0036449 1.1495e-10
0.0036546 1.1496e-10
0.0036643 1.1497e-10
0.003674 1.1497e-10
0.0036837 1.1498e-10
0.0036935 1.1499e-10
0.0037033 1.15e-10
0.0037131 1.1501e-10
0.003723 1.1502e-10
0.0037329 1.1502e-10
0.0037428 1.1503e-10
0.0037527 1.1504e-10
0.0037627 1.1505e-10
0.0037727 1.1506e-10
0.0037827 1.1507e-10
0.0037927 1.1508e-10
0.0038028 1.1509e-10
0.0038129 1.151e-10
0.003823 1.1511e-10
0.0038331 1.1512e-10
0.0038433 1.1513e-10
0.0038535 1.1514e-10
0.0038637 1.1515e-10
0.003874 1.1516e-10
0.0038842 1.1517e-10
0.0038945 1.1518e-10
0.0039049 1.1519e-10
0.0039152 1.152e-10
0.0039256 1.1521e-10
0.003936 1.1522e-10
0.0039465 1.1523e-10
0.003957 1.1524e-10
0.0039675 1.1525e-10
0.003978 1.1526e-10
0.0039885 1.1527e-10
0.0039991 1.1529e-10
0.0040097 1.153e-10
0.0040204 1.1531e-10
0.004031 1.1533e-10
0.0040417 1.1534e-10
0.0040525 1.1536e-10
0.0040632 1.1538e-10
0.004074 1.154e-10
0.0040848 1.1542e-10
0.0040956 1.1545e-10
0.0041065 1.1547e-10
0.0041174 1.155e-10
0.0041283 1.1553e-10
0.0041393 1.1556e-10
0.0041503 1.1559e-10
0.0041613 1.1562e-10
0.0041723 1.1566e-10
0.0041834 1.1569e-10
0.0041945 1.1573e-10
0.0042056 1.1577e-10
0.0042168 1.1581e-10
0.004228 1.1586e-10
0.0042392 1.159e-10
0.0042504 1.1595e-10
0.0042617 1.1599e-10
0.004273 1.1604e-10
0.0042844 1.161e-10
0.0042957 1.1615e-10
0.0043071 1.162e-10
0.0043186 1.1626e-10
0.00433 1.1632e-10
0.0043415 1.1638e-10
0.004353 1.1644e-10
0.0043646 1.165e-10
0.0043761 1.1657e-10
0.0043878 1.1663e-10
0.0043994 1.167e-10
0.0044111 1.1677e-10
0.0044228 1.1685e-10
0.0044345 1.1692e-10
0.0044463 1.17e-10
0.0044581 1.1707e-10
0.0044699 1.1715e-10
0.0044818 1.1724e-10
0.0044937 1.1732e-10
0.0045056 1.1741e-10
0.0045175 1.1754e-10
0.0045295 1.1772e-10
0.0045415 1.1795e-10
0.0045536 1.1822e-10
0.0045657 1.1853e-10
0.0045778 1.1887e-10
0.0045899 1.1925e-10
0.0046021 1.1967e-10
0.0046143 1.2011e-10
0.0046266 1.2058e-10
0.0046388 1.2108e-10
0.0046512 1.216e-10
0.0046635 1.2214e-10
0.0046759 1.227e-10
0.0046883 1.2328e-10
0.0047007 1.2387e-10
0.0047132 1.2446e-10
0.0047257 1.2507e-10
0.0047382 1.2568e-10
0.0047508 1.2629e-10
0.0047634 1.269e-10
0.004776 1.2751e-10
0.0047887 1.2811e-10
0.0048014 1.287e-10
0.0048142 1.2928e-10
0.0048269 1.2984e-10
0.0048397 1.3038e-10
0.0048526 1.309e-10
0.0048655 1.3139e-10
0.0048784 1.3185e-10
0.0048913 1.3228e-10
0.0049043 1.3268e-10
0.0049173 1.3303e-10
0.0049304 1.3334e-10
0.0049434 1.3361e-10
0.0049566 1.3383e-10
0.0049697 1.3399e-10
0.0049829 1.341e-10
0.0049961 1.3415e-10
0.0050094 1.3415e-10
0.0050227 1.3414e-10
0.005036 1.3411e-10
0.0050494 1.3408e-10
0.0050627 1.3404e-10
0.0050762 1.3399e-10
0.0050897 1.3393e-10
0.0051032 1.3386e-10
0.0051167 1.3379e-10
0.0051303 1.3371e-10
0.0051439 1.3361e-10
0.0051575 1.3352e-10
0.0051712 1.3341e-10
0.0051849 1.333e-10
0.0051987 1.3318e-10
0.0052125 1.3306e-10
0.0052263 1.3293e-10
0.0052402 1.328e-10
0.0052541 1.3266e-10
0.005268 1.3252e-10
0.005282 1.3237e-10
0.005296 1.3222e-10
0.0053101 1.3206e-10
0.0053242 1.319e-10
0.0053383 1.3174e-10
0.0053525 1.3158e-10
0.0053667 1.3141e-10
0.0053809 1.3124e-10
0.0053952 1.3107e-10
0.0054095 1.309e-10
0.0054238 1.3073e-10
0.0054382 1.3055e-10
0.0054527 1.3038e-10
0.0054671 1.302e-10
0.0054816 1.3003e-10
0.0054962 1.2985e-10
0.0055108 1.2968e-10
0.0055254 1.2951e-10
0.00554 1.2933e-10
0.0055547 1.2916e-10
0.0055695 1.29e-10
0.0055843 1.2883e-10
0.0055991 1.2867e-10
0.0056139 1.285e-10
0.0056288 1.2835e-10
0.0056438 1.2819e-10
0.0056587 1.2804e-10
0.0056738 1.2789e-10
0.0056888 1.2775e-10
0.0057039 1.2761e-10
0.005719 1.2747e-10
0.0057342 1.2734e-10
0.0057494 1.2722e-10
0.0057647 1.271e-10
0.00578 1.2698e-10
0.0057953 1.2687e-10
0.0058107 1.2677e-10
0.0058261 1.2668e-10
0.0058416 1.2659e-10
0.0058571 1.2651e-10
0.0058726 1.2643e-10
0.0058882 1.2636e-10
0.0059038 1.2631e-10
0.0059195 1.2626e-10
0.0059352 1.2621e-10
0.0059509 1.2618e-10
0.0059667 1.2615e-10
0.0059826 1.2614e-10
0.0059984 1.2613e-10
0.0060143 1.2614e-10
0.0060303 1.2614e-10
0.0060463 1.2615e-10
0.0060623 1.2617e-10
0.0060784 1.2619e-10
0.0060946 1.2621e-10
0.0061107 1.2624e-10
0.0061269 1.2627e-10
0.0061432 1.2631e-10
0.0061595 1.2635e-10
0.0061758 1.2639e-10
0.0061922 1.2644e-10
0.0062087 1.2648e-10
0.0062251 1.2654e-10
0.0062417 1.2659e-10
0.0062582 1.2665e-10
0.0062748 1.2671e-10
0.0062915 1.2677e-10
0.0063082 1.2683e-10
0.0063249 1.269e-10
0.0063417 1.2697e-10
0.0063585 1.2703e-10
0.0063754 1.2711e-10
0.0063923 1.2718e-10
0.0064093 1.2725e-10
0.0064263 1.2733e-10
0.0064433 1.274e-10
0.0064604 1.2748e-10
0.0064776 1.2755e-10
0.0064947 1.2763e-10
0.006512 1.2771e-10
0.0065293 1.2778e-10
0.0065466 1.2786e-10
0.0065639 1.2794e-10
0.0065814 1.2802e-10
0.0065988 1.2809e-10
0.0066163 1.2817e-10
0.0066339 1.2824e-10
0.0066515 1.2832e-10
0.0066691 1.2839e-10
0.0066868 1.2846e-10
0.0067046 1.2853e-10
0.0067224 1.286e-10
0.0067402 1.2866e-10
0.0067581 1.2873e-10
0.006776 1.2879e-10
0.006794 1.2885e-10
0.006812 1.2891e-10
0.0068301 1.2896e-10
0.0068482 1.2902e-10
0.0068664 1.2906e-10
0.0068846 1.2911e-10
0.0069029 1.2915e-10
0.0069212 1.2919e-10
0.0069396 1.2923e-10
0.006958 1.2926e-10
0.0069764 1.2929e-10
0.0069949 1.2931e-10
0.0070135 1.2933e-10
0.0070321 1.2935e-10
0.0070508 1.2937e-10
0.0070695 1.2939e-10
0.0070882 1.2941e-10
0.007107 1.2943e-10
0.0071259 1.2945e-10
0.0071448 1.2947e-10
0.0071638 1.2949e-10
0.0071828 1.2951e-10
0.0072018 1.2953e-10
0.0072209 1.2955e-10
0.0072401 1.2957e-10
0.0072593 1.2959e-10
0.0072786 1.296e-10
0.0072979 1.2962e-10
0.0073173 1.2964e-10
0.0073367 1.2966e-10
0.0073561 1.2967e-10
0.0073757 1.2969e-10
0.0073952 1.2971e-10
0.0074148 1.2972e-10
0.0074345 1.2974e-10
0.0074542 1.2975e-10
0.007474 1.2977e-10
0.0074939 1.2978e-10
0.0075137 1.298e-10
0.0075337 1.2981e-10
0.0075537 1.2982e-10
0.0075737 1.2983e-10
0.0075938 1.2985e-10
0.0076139 1.2986e-10
0.0076342 1.2987e-10
0.0076544 1.2988e-10
0.0076747 1.2989e-10
0.0076951 1.299e-10
0.0077155 1.2991e-10
0.007736 1.2992e-10
0.0077565 1.2992e-10
0.0077771 1.2993e-10
0.0077977 1.2994e-10
0.0078184 1.2994e-10
0.0078391 1.2995e-10
0.0078599 1.2996e-10
0.0078808 1.2996e-10
0.0079017 1.2996e-10
0.0079227 1.2997e-10
0.0079437 1.2997e-10
0.0079648 1.2997e-10
0.0079859 1.2997e-10
0.0080071 1.2997e-10
0.0080283 1.2997e-10
0.0080496 1.2997e-10
0.008071 1.2997e-10
0.0080924 1.2997e-10
0.0081139 1.2997e-10
0.0081354 1.2997e-10
0.008157 1.2996e-10
0.0081787 1.2996e-10
0.0082004 1.2996e-10
0.0082221 1.2996e-10
0.0082439 1.2996e-10
0.0082658 1.2995e-10
0.0082877 1.2995e-10
0.0083097 1.2995e-10
0.0083318 1.2994e-10
0.0083539 1.2994e-10
0.008376 1.2994e-10
0.0083983 1.2993e-10
0.0084206 1.2993e-10
0.0084429 1.2993e-10
0.0084653 1.2992e-10
0.0084878 1.2992e-10
0.0085103 1.2991e-10
0.0085329 1.2991e-10
0.0085555 1.299e-10
0.0085782 1.299e-10
0.008601 1.2989e-10
0.0086238 1.2989e-10
0.0086467 1.2988e-10
0.0086696 1.2988e-10
0.0086926 1.2987e-10
0.0087157 1.2986e-10
0.0087388 1.2986e-10
0.008762 1.2985e-10
0.0087852 1.2985e-10
0.0088085 1.2984e-10
0.0088319 1.2983e-10
0.0088553 1.2983e-10
0.0088788 1.2982e-10
0.0089024 1.2981e-10
0.008926 1.2981e-10
0.0089497 1.298e-10
0.0089735 1.2979e-10
0.0089973 1.2979e-10
0.0090211 1.2978e-10
0.0090451 1.2977e-10
0.0090691 1.2976e-10
0.0090931 1.2976e-10
0.0091173 1.2975e-10
0.0091415 1.2974e-10
0.0091657 1.2973e-10
0.00919 1.2973e-10
0.0092144 1.2972e-10
0.0092389 1.2971e-10
0.0092634 1.297e-10
0.009288 1.297e-10
0.0093126 1.2969e-10
0.0093373 1.2968e-10
0.0093621 1.2967e-10
0.0093869 1.2966e-10
0.0094118 1.2966e-10
0.0094368 1.2965e-10
0.0094618 1.2964e-10
0.0094869 1.2963e-10
0.0095121 1.2962e-10
0.0095374 1.2961e-10
0.0095627 1.2961e-10
0.009588 1.296e-10
0.0096135 1.2959e-10
0.009639 1.2958e-10
0.0096646 1.2957e-10
0.0096902 1.2957e-10
0.0097159 1.2956e-10
0.0097417 1.2955e-10
0.0097675 1.2954e-10
0.0097935 1.2953e-10
0.0098194 1.2953e-10
0.0098455 1.2952e-10
0.0098716 1.2951e-10
0.0098978 1.295e-10
0.0099241 1.2949e-10
0.0099504 1.2949e-10
0.0099768 1.2948e-10
0.010003 1.2947e-10
0.01003 1.2946e-10
0.010056 1.2946e-10
0.010083 1.2945e-10
0.01011 1.2944e-10
0.010137 1.2943e-10
0.010164 1.2942e-10
0.010191 1.2942e-10
0.010218 1.2941e-10
0.010245 1.294e-10
0.010272 1.2939e-10
0.010299 1.2938e-10
0.010326 1.2937e-10
0.010354 1.2937e-10
0.010381 1.2936e-10
0.010409 1.2935e-10
0.010437 1.2934e-10
0.010464 1.2933e-10
0.010492 1.2932e-10
0.01052 1.2931e-10
0.010548 1.2931e-10
0.010576 1.293e-10
0.010604 1.2929e-10
0.010632 1.2928e-10
0.01066 1.2927e-10
0.010688 1.2926e-10
0.010717 1.2925e-10
0.010745 1.2924e-10
0.010774 1.2923e-10
0.010802 1.2922e-10
0.010831 1.2921e-10
0.01086 1.2921e-10
0.010889 1.292e-10
0.010917 1.2919e-10
0.010946 1.2918e-10
0.010975 1.2917e-10
0.011005 1.2916e-10
0.011034 1.2915e-10
0.011063 1.2914e-10
0.011092 1.2913e-10
0.011122 1.2912e-10
0.011151 1.2911e-10
0.011181 1.291e-10
0.011211 1.2909e-10
0.01124 1.2908e-10
0.01127 1.2907e-10
0.0113 1.2906e-10
0.01133 1.2905e-10
0.01136 1.2904e-10
0.01139 1.2903e-10
0.01142 1.2902e-10
0.011451 1.2901e-10
0.011481 1.2899e-10
0.011512 1.2898e-10
0.011542 1.2897e-10
0.011573 1.2896e-10
0.011603 1.2895e-10
0.011634 1.2894e-10
0.011665 1.2893e-10
0.011696 1.2892e-10
0.011727 1.2891e-10
0.011758 1.289e-10
0.011789 1.2889e-10
0.011821 1.2888e-10
0.011852 1.2886e-10
0.011884 1.2885e-10
0.011915 1.2884e-10
0.011947 1.2883e-10
0.011978 1.2882e-10
0.01201 1.2881e-10
0.012042 1.288e-10
0.012074 1.2879e-10
0.012106 1.2877e-10
0.012138 1.2876e-10
0.01217 1.2875e-10
0.012203 1.2874e-10
0.012235 1.2873e-10
0.012267 1.2872e-10
0.0123 1.287e-10
0.012333 1.2869e-10
0.012365 1.2868e-10
0.012398 1.2867e-10
0.012431 1.2866e-10
0.012464 1.2865e-10
0.012497 1.2863e-10
0.01253 1.2862e-10
0.012564 1.2861e-10
0.012597 1.286e-10
0.01263 1.2859e-10
0.012664 1.2857e-10
0.012697 1.2856e-10
0.012731 1.2855e-10
0.012765 1.2854e-10
0.012799 1.2852e-10
0.012833 1.2851e-10
0.012867 1.285e-10
0.012901 1.2849e-10
0.012935 1.2847e-10
0.012969 1.2846e-10
0.013004 1.2845e-10
0.013038 1.2844e-10
0.013073 1.2842e-10
0.013108 1.2841e-10
0.013142 1.284e-10
0.013177 1.2839e-10
0.013212 1.2837e-10
0.013247 1.2836e-10
0.013282 1.2835e-10
0.013318 1.2833e-10
0.013353 1.2832e-10
0.013388 1.2831e-10
0.013424 1.283e-10
0.01346 1.2828e-10
0.013495 1.2827e-10
0.013531 1.2826e-10
0.013567 1.2824e-10
0.013603 1.2823e-10
0.013639 1.2822e-10
0.013675 1.282e-10
0.013712 1.2819e-10
0.013748 1.2818e-10
0.013784 1.2816e-10
0.013821 1.2815e-10
0.013858 1.2814e-10
0.013894 1.2812e-10
0.013931 1.2811e-10
0.013968 1.281e-10
0.014005 1.2808e-10
0.014043 1.2807e-10
0.01408 1.2806e-10
0.014117 1.2804e-10
0.014155 1.2803e-10
0.014192 1.2802e-10
0.01423 1.28e-10
0.014268 1.2799e-10
0.014305 1.2797e-10
0.014343 1.2796e-10
0.014381 1.2795e-10
0.01442 1.2793e-10
0.014458 1.2792e-10
0.014496 1.2791e-10
0.014535 1.2789e-10
0.014573 1.2788e-10
0.014612 1.2786e-10
0.014651 1.2785e-10
0.01469 1.2784e-10
0.014729 1.2782e-10
0.014768 1.2781e-10
0.014807 1.2779e-10
0.014846 1.2778e-10
0.014885 1.2777e-10
0.014925 1.2775e-10
0.014965 1.2774e-10
0.015004 1.2772e-10
0.015044 1.2771e-10
0.015084 1.277e-10
0.015124 1.2768e-10
0.015164 1.2767e-10
0.015204 1.2765e-10
0.015245 1.2764e-10
0.015285 1.2762e-10
0.015326 1.2761e-10
0.015366 1.276e-10
0.015407 1.2758e-10
0.015448 1.2757e-10
0.015489 1.2755e-10
0.01553 1.2754e-10
0.015571 1.2752e-10
0.015613 1.2751e-10
0.015654 1.2749e-10
0.015696 1.2748e-10
0.015737 1.2747e-10
0.015779 1.2745e-10
0.015821 1.2744e-10
0.015863 1.2742e-10
0.015905 1.2741e-10
0.015947 1.2739e-10
0.015989 1.2738e-10
0.016032 1.2736e-10
0.016074 1.2735e-10
0.016117 1.2733e-10
0.01616 1.2732e-10
0.016203 1.2731e-10
0.016246 1.2729e-10
0.016289 1.2728e-10
0.016332 1.2726e-10
0.016375 1.2725e-10
0.016419 1.2723e-10
0.016462 1.2722e-10
0.016506 1.272e-10
0.01655 1.2719e-10
0.016594 1.2717e-10
0.016638 1.2716e-10
0.016682 1.2714e-10
0.016726 1.2713e-10
0.016771 1.2711e-10
0.016815 1.271e-10
0.01686 1.2708e-10
0.016904 1.2707e-10
0.016949 1.2705e-10
0.016994 1.2704e-10
0.017039 1.2702e-10
0.017085 1.2701e-10
0.01713 1.2699e-10
0.017175 1.2698e-10
0.017221 1.2696e-10
0.017267 1.2695e-10
0.017312 1.2693e-10
0.017358 1.2692e-10
0.017404 1.269e-10
0.017451 1.2689e-10
0.017497 1.2687e-10
0.017543 1.2686e-10
0.01759 1.2684e-10
0.017637 1.2683e-10
0.017683 1.2681e-10
0.01773 1.268e-10
0.017777 1.2678e-10
0.017825 1.2677e-10
0.017872 1.2675e-10
0.017919 1.2674e-10
0.017967 1.2672e-10
0.018014 1.2671e-10
0.018062 1.2669e-10
0.01811 1.2668e-10
0.018158 1.2666e-10
0.018206 1.2665e-10
0.018255 1.2663e-10
0.018303 1.2662e-10
0.018352 1.266e-10
0.0184 1.2659e-10
0.018449 1.2657e-10
0.018498 1.2656e-10
0.018547 1.2654e-10
0.018596 1.2653e-10
0.018646 1.2651e-10
0.018695 1.265e-10
0.018745 1.2648e-10
0.018795 1.2647e-10
0.018844 1.2645e-10
0.018894 1.2644e-10
0.018945 1.2642e-10
0.018995 1.2641e-10
0.019045 1.2639e-10
0.019096 1.2638e-10
0.019146 1.2636e-10
0.019197 1.2635e-10
0.019248 1.2633e-10
0.019299 1.2631e-10
0.019351 1.263e-10
0.019402 1.2628e-10
0.019453 1.2627e-10
0.019505 1.2625e-10
0.019557 1.2624e-10
0.019609 1.2622e-10
0.019661 1.2621e-10
0.019713 1.2619e-10
0.019765 1.2618e-10
0.019818 1.2616e-10
0.01987 1.2615e-10
0.019923 1.2613e-10
0.019976 1.2612e-10
0.020029 1.261e-10
0.020082 1.2609e-10
0.020135 1.2607e-10
0.020189 1.2606e-10
0.020242 1.2604e-10
0.020296 1.2603e-10
0.02035 1.2601e-10
0.020404 1.2599e-10
0.020458 1.2598e-10
0.020512 1.2596e-10
0.020567 1.2594e-10
0.020621 1.2593e-10
0.020676 1.2591e-10
0.020731 1.2589e-10
0.020786 1.2588e-10
0.020841 1.2586e-10
0.020896 1.2584e-10
0.020952 1.2582e-10
0.021007 1.2581e-10
0.021063 1.2579e-10
0.021119 1.2577e-10
0.021175 1.2575e-10
0.021231 1.2574e-10
0.021287 1.2572e-10
0.021344 1.257e-10
0.0214 1.2568e-10
0.021457 1.2566e-10
0.021514 1.2564e-10
0.021571 1.2563e-10
0.021628 1.2561e-10
0.021686 1.2559e-10
0.021743 1.2557e-10
0.021801 1.2555e-10
0.021859 1.2553e-10
0.021917 1.2551e-10
0.021975 1.2549e-10
0.022033 1.2547e-10
0.022092 1.2546e-10
0.02215 1.2544e-10
0.022209 1.2542e-10
0.022268 1.254e-10
0.022327 1.2538e-10
0.022387 1.2536e-10
0.022446 1.2534e-10
0.022505 1.2532e-10
0.022565 1.253e-10
0.022625 1.2528e-10
0.022685 1.2526e-10
0.022745 1.2524e-10
0.022806 1.2522e-10
0.022866 1.252e-10
0.022927 1.2518e-10
0.022988 1.2516e-10
0.023049 1.2514e-10
0.02311 1.2512e-10
0.023171 1.251e-10
0.023233 1.2508e-10
0.023294 1.2506e-10
0.023356 1.2504e-10
0.023418 1.2502e-10
0.02348 1.25e-10
0.023542 1.2498e-10
0.023605 1.2496e-10
0.023668 1.2494e-10
0.02373 1.2492e-10
0.023793 1.249e-10
0.023856 1.2488e-10
0.02392 1.2486e-10
0.023983 1.2484e-10
0.024047 1.2482e-10
0.024111 1.248e-10
0.024175 1.2478e-10
0.024239 1.2476e-10
0.024303 1.2474e-10
0.024368 1.2472e-10
0.024432 1.247e-10
0.024497 1.2468e-10
0.024562 1.2466e-10
0.024627 1.2464e-10
0.024693 1.2462e-10
0.024758 1.246e-10
0.024824 1.2458e-10
0.02489 1.2456e-10
0.024956 1.2454e-10
0.025022 1.2452e-10
0.025088 1.245e-10
0.025155 1.2448e-10
0.025222 1.2446e-10
0.025289 1.2444e-10
0.025356 1.2442e-10
0.025423 1.244e-10
0.02549 1.2438e-10
0.025558 1.2436e-10
0.025626 1.2434e-10
0.025694 1.2432e-10
0.025762 1.243e-10
0.02583 1.2428e-10
0.025899 1.2426e-10
0.025968 1.2424e-10
0.026036 1.2423e-10
0.026106 1.2421e-10
0.026175 1.2419e-10
0.026244 1.2417e-10
0.026314 1.2415e-10
0.026384 1.2413e-10
0.026454 1.2411e-10
0.026524 1.241e-10
0.026594 1.2408e-10
0.026665 1.2406e-10
0.026736 1.2404e-10
0.026807 1.2402e-10
0.026878 1.2401e-10
0.026949 1.2399e-10
0.027021 1.2397e-10
0.027092 1.2395e-10
0.027164 1.2394e-10
0.027236 1.2392e-10
0.027308 1.239e-10
0.027381 1.2389e-10
0.027454 1.2387e-10
0.027526 1.2385e-10
0.027599 1.2384e-10
0.027673 1.2382e-10
0.027746 1.238e-10
0.02782 1.2379e-10
0.027894 1.2377e-10
0.027968 1.2376e-10
0.028042 1.2374e-10
0.028116 1.2372e-10
0.028191 1.2371e-10
0.028266 1.2369e-10
0.028341 1.2368e-10
0.028416 1.2366e-10
0.028491 1.2365e-10
0.028567 1.2363e-10
0.028643 1.2362e-10
0.028719 1.2361e-10
0.028795 1.2359e-10
0.028871 1.2358e-10
0.028948 1.2356e-10
0.029025 1.2355e-10
0.029102 1.2354e-10
0.029179 1.2352e-10
0.029256 1.2351e-10
0.029334 1.235e-10
0.029412 1.2349e-10
0.02949 1.2347e-10
0.029568 1.2346e-10
0.029646 1.2345e-10
0.029725 1.2344e-10
0.029804 1.2343e-10
0.029883 1.2341e-10
0.029962 1.234e-10
0.030042 1.2339e-10
0.030121 1.2338e-10
0.030201 1.2337e-10
0.030282 1.2336e-10
0.030362 1.2335e-10
0.030442 1.2334e-10
0.030523 1.2332e-10
0.030604 1.2331e-10
0.030685 1.233e-10
0.030767 1.2329e-10
0.030848 1.2328e-10
0.03093 1.2327e-10
0.031012 1.2326e-10
0.031095 1.2324e-10
0.031177 1.2323e-10
0.03126 1.2322e-10
0.031343 1.2321e-10
0.031426 1.232e-10
0.031509 1.2319e-10
0.031593 1.2317e-10
0.031677 1.2316e-10
0.031761 1.2315e-10
0.031845 1.2314e-10
0.03193 1.2313e-10
0.032014 1.2312e-10
0.032099 1.2311e-10
0.032184 1.2309e-10
0.03227 1.2308e-10
0.032356 1.2307e-10
0.032441 1.2306e-10
0.032527 1.2305e-10
0.032614 1.2304e-10
0.0327 1.2303e-10
0.032787 1.2301e-10
0.032874 1.23e-10
0.032961 1.2299e-10
0.033049 1.2298e-10
0.033136 1.2297e-10
0.033224 1.2296e-10
0.033312 1.2295e-10
0.033401 1.2294e-10
0.03349 1.2293e-10
0.033578 1.2292e-10
0.033667 1.2291e-10
0.033757 1.2289e-10
0.033846 1.2288e-10
0.033936 1.2287e-10
0.034026 1.2286e-10
0.034116 1.2285e-10
0.034207 1.2284e-10
0.034298 1.2283e-10
0.034389 1.2282e-10
0.03448 1.2281e-10
0.034572 1.228e-10
0.034663 1.2279e-10
0.034755 1.2278e-10
0.034847 1.2277e-10
0.03494 1.2276e-10
0.035033 1.2276e-10
0.035126 1.2275e-10
0.035219 1.2274e-10
0.035312 1.2273e-10
0.035406 1.2272e-10
0.0355 1.2271e-10
0.035594 1.227e-10
0.035688 1.2269e-10
0.035783 1.2269e-10
0.035878 1.2268e-10
0.035973 1.2267e-10
0.036069 1.2266e-10
0.036164 1.2265e-10
0.03626 1.2265e-10
0.036357 1.2264e-10
0.036453 1.2263e-10
0.03655 1.2262e-10
0.036647 1.2262e-10
0.036744 1.2261e-10
0.036842 1.226e-10
0.036939 1.226e-10
0.037037 1.2259e-10
0.037136 1.2259e-10
0.037234 1.2258e-10
0.037333 1.2257e-10
0.037432 1.2257e-10
0.037531 1.2256e-10
0.037631 1.2256e-10
0.037731 1.2255e-10
0.037831 1.2255e-10
0.037931 1.2254e-10
0.038032 1.2254e-10
0.038133 1.2253e-10
0.038234 1.2253e-10
0.038335 1.2253e-10
0.038437 1.2252e-10
0.038539 1.2252e-10
0.038641 1.2252e-10
0.038744 1.2251e-10
0.038847 1.2251e-10
0.03895 1.2251e-10
0.039053 1.2251e-10
0.039157 1.225e-10
0.039261 1.225e-10
0.039365 1.225e-10
0.039469 1.225e-10
0.039574 1.225e-10
0.039679 1.225e-10
0.039784 1.225e-10
0.03989 1.225e-10
0.039996 1.225e-10
0.040102 1.225e-10
0.040208 1.225e-10
0.040315 1.225e-10
0.040422 1.225e-10
0.040529 1.225e-10
0.040637 1.2251e-10
0.040744 1.2251e-10
0.040853 1.2251e-10
0.040961 1.2252e-10
0.04107 1.2252e-10
0.041179 1.2253e-10
0.041288 1.2253e-10
0.041397 1.2254e-10
0.041507 1.2255e-10
0.041617 1.2256e-10
0.041728 1.2256e-10
0.041838 1.2257e-10
0.04195 1.2258e-10
0.042061 1.2259e-10
0.042172 1.226e-10
0.042284 1.2261e-10
0.042397 1.2262e-10
0.042509 1.2264e-10
0.042622 1.2265e-10
0.042735 1.2266e-10
0.042848 1.2267e-10
0.042962 1.2269e-10
0.043076 1.227e-10
0.04319 1.2271e-10
0.043305 1.2273e-10
0.04342 1.2274e-10
0.043535 1.2276e-10
0.04365 1.2277e-10
0.043766 1.2279e-10
0.043882 1.228e-10
0.043999 1.2282e-10
0.044116 1.2284e-10
0.044233 1.2285e-10
0.04435 1.2287e-10
0.044468 1.2289e-10
0.044586 1.2291e-10
0.044704 1.2293e-10
0.044823 1.2295e-10
0.044942 1.2297e-10
0.045061 1.2298e-10
0.04518 1.23e-10
0.0453 1.2302e-10
0.04542 1.2304e-10
0.045541 1.2307e-10
0.045662 1.2309e-10
0.045783 1.2311e-10
0.045904 1.2313e-10
0.046026 1.2315e-10
0.046148 1.2317e-10
0.046271 1.2319e-10
0.046394 1.2322e-10
0.046517 1.2324e-10
0.04664 1.2326e-10
0.046764 1.2329e-10
0.046888 1.2331e-10
0.047012 1.2333e-10
0.047137 1.2336e-10
0.047262 1.2338e-10
0.047388 1.234e-10
0.047513 1.2343e-10
0.047639 1.2345e-10
0.047766 1.2348e-10
0.047892 1.235e-10
0.04802 1.2353e-10
0.048147 1.2355e-10
0.048275 1.2357e-10
0.048403 1.236e-10
0.048531 1.2363e-10
0.04866 1.2365e-10
0.048789 1.2368e-10
0.048919 1.237e-10
0.049048 1.2373e-10
0.049178 1.2375e-10
0.049309 1.2378e-10
0.04944 1.238e-10
0.049571 1.2383e-10
0.049703 1.2386e-10
0.049834 1.2388e-10
0.049967 1.2391e-10
0.050099 1.2394e-10
0.050232 1.2397e-10
0.050365 1.24e-10
0.050499 1.2403e-10
0.050633 1.2407e-10
0.050767 1.241e-10
0.050902 1.2414e-10
0.051037 1.2418e-10
0.051173 1.2422e-10
0.051308 1.2427e-10
0.051444 1.2431e-10
0.051581 1.2436e-10
0.051718 1.244e-10
0.051855 1.2445e-10
0.051993 1.2449e-10
0.052131 1.2454e-10
0.052269 1.2459e-10
0.052408 1.2463e-10
0.052547 1.2468e-10
0.052686 1.2472e-10
0.052826 1.2477e-10
0.052966 1.2482e-10
0.053107 1.2486e-10
0.053247 1.2491e-10
0.053389 1.2496e-10
0.05353 1.2501e-10
0.053672 1.2506e-10
0.053815 1.2512e-10
0.053958 1.2517e-10
0.054101 1.2522e-10
0.054244 1.2527e-10
0.054388 1.2533e-10
0.054533 1.2538e-10
0.054677 1.2544e-10
0.054822 1.255e-10
0.054968 1.2556e-10
0.055114 1.2561e-10
0.05526 1.2567e-10
0.055407 1.2573e-10
0.055554 1.2579e-10
0.055701 1.2586e-10
0.055849 1.2592e-10
0.055997 1.2598e-10
0.056146 1.2605e-10
0.056295 1.2611e-10
0.056444 1.2617e-10
0.056594 1.2624e-10
0.056744 1.2631e-10
0.056894 1.2637e-10
0.057045 1.2644e-10
0.057197 1.2651e-10
0.057348 1.2658e-10
0.057501 1.2665e-10
0.057653 1.2672e-10
0.057806 1.2679e-10
0.05796 1.2686e-10
0.058113 1.2694e-10
0.058268 1.2701e-10
0.058422 1.2708e-10
0.058577 1.2716e-10
0.058733 1.2724e-10
0.058888 1.2731e-10
0.059045 1.2739e-10
0.059201 1.2747e-10
0.059358 1.2755e-10
0.059516 1.2763e-10
0.059674 1.2771e-10
0.059832 1.2779e-10
0.059991 1.2787e-10
0.06015 1.2795e-10
0.06031 1.2804e-10
0.06047 1.2812e-10
0.06063 1.2821e-10
0.060791 1.283e-10
0.060952 1.2838e-10
0.061114 1.2847e-10
0.061276 1.2856e-10
0.061439 1.2866e-10
0.061602 1.2875e-10
0.061765 1.2884e-10
0.061929 1.2894e-10
0.062093 1.2904e-10
0.062258 1.2913e-10
0.062423 1.2923e-10
0.062589 1.2933e-10
0.062755 1.2943e-10
0.062922 1.2953e-10
0.063089 1.2964e-10
0.063256 1.2974e-10
0.063424 1.2984e-10
0.063592 1.2995e-10
0.063761 1.3005e-10
0.06393 1.3016e-10
0.0641 1.3027e-10
0.06427 1.3038e-10
0.06444 1.3049e-10
0.064611 1.306e-10
0.064783 1.3071e-10
0.064955 1.3082e-10
0.065127 1.3094e-10
0.0653 1.3105e-10
0.065473 1.3117e-10
0.065647 1.3128e-10
0.065821 1.314e-10
0.065995 1.3152e-10
0.066171 1.3164e-10
0.066346 1.3176e-10
0.066522 1.3189e-10
0.066699 1.3201e-10
0.066876 1.3214e-10
0.067053 1.3226e-10
0.067231 1.3239e-10
0.067409 1.3252e-10
0.067588 1.3265e-10
0.067768 1.3279e-10
0.067947 1.3292e-10
0.068128 1.3305e-10
0.068308 1.3319e-10
0.06849 1.3333e-10
0.068671 1.3347e-10
0.068854 1.3361e-10
0.069036 1.3375e-10
0.06922 1.339e-10
0.069403 1.3404e-10
0.069587 1.3419e-10
0.069772 1.3434e-10
0.069957 1.3449e-10
0.070143 1.3464e-10
0.070329 1.348e-10
0.070515 1.3495e-10
0.070703 1.3511e-10
0.07089 1.3527e-10
0.071078 1.3543e-10
0.071267 1.3559e-10
0.071456 1.3575e-10
0.071646 1.3591e-10
0.071836 1.3608e-10
0.072026 1.3625e-10
0.072217 1.3641e-10
0.072409 1.3658e-10
0.072601 1.3676e-10
0.072794 1.3693e-10
0.072987 1.371e-10
0.073181 1.3728e-10
0.073375 1.3745e-10
0.073569 1.3763e-10
0.073765 1.3781e-10
0.07396 1.3799e-10
0.074157 1.3818e-10
0.074353 1.3836e-10
0.074551 1.3855e-10
0.074748 1.3874e-10
0.074947 1.3892e-10
0.075146 1.3912e-10
0.075345 1.3931e-10
0.075545 1.395e-10
0.075745 1.397e-10
0.075946 1.3989e-10
0.076148 1.4009e-10
0.07635 1.4029e-10
0.076552 1.4049e-10
0.076756 1.407e-10
0.076959 1.409e-10
0.077163 1.4111e-10
0.077368 1.4132e-10
0.077573 1.4153e-10
0.077779 1.4174e-10
0.077986 1.4195e-10
0.078193 1.4217e-10
0.0784 1.4238e-10
0.078608 1.426e-10
0.078817 1.4282e-10
0.079026 1.4304e-10
0.079235 1.4327e-10
0.079446 1.4349e-10
0.079656 1.4372e-10
0.079868 1.4394e-10
0.08008 1.4417e-10
0.080292 1.4441e-10
0.080505 1.4464e-10
0.080719 1.4488e-10
0.080933 1.4512e-10
0.081148 1.4536e-10
0.081363 1.4561e-10
0.081579 1.4586e-10
0.081795 1.4611e-10
0.082012 1.4637e-10
0.08223 1.4662e-10
0.082448 1.4688e-10
0.082667 1.4714e-10
0.082886 1.4741e-10
0.083106 1.4768e-10
0.083327 1.4795e-10
0.083548 1.4822e-10
0.08377 1.4849e-10
0.083992 1.4877e-10
0.084215 1.4905e-10
0.084438 1.4933e-10
0.084662 1.4962e-10
0.084887 1.4991e-10
0.085112 1.502e-10
0.085338 1.5049e-10
0.085564 1.5078e-10
0.085791 1.5108e-10
0.086019 1.5138e-10
0.086247 1.5169e-10
0.086476 1.5199e-10
0.086706 1.523e-10
0.086936 1.5261e-10
0.087166 1.5292e-10
0.087398 1.5324e-10
0.087629 1.5355e-10
0.087862 1.5387e-10
0.088095 1.5419e-10
0.088329 1.5452e-10
0.088563 1.5484e-10
0.088798 1.5517e-10
0.089034 1.5551e-10
0.08927 1.5584e-10
0.089507 1.5617e-10
0.089744 1.5651e-10
0.089983 1.5685e-10
0.090221 1.572e-10
0.090461 1.5754e-10
0.090701 1.5789e-10
0.090941 1.5824e-10
0.091183 1.586e-10
0.091425 1.5896e-10
0.091667 1.5932e-10
0.09191 1.5968e-10
0.092154 1.6005e-10
0.092399 1.6042e-10
0.092644 1.608e-10
0.09289 1.6117e-10
0.093136 1.6156e-10
0.093383 1.6194e-10
0.093631 1.6233e-10
0.09388 1.6272e-10
0.094129 1.6312e-10
0.094378 1.6352e-10
0.094629 1.6393e-10
0.09488 1.6434e-10
0.095132 1.6475e-10
0.095384 1.6516e-10
0.095637 1.6559e-10
0.095891 1.6601e-10
0.096145 1.6644e-10
0.0964 1.6687e-10
0.096656 1.6731e-10
0.096913 1.6775e-10
0.09717 1.682e-10
0.097428 1.6865e-10
0.097686 1.6911e-10
0.097945 1.6957e-10
0.098205 1.7004e-10
0.098466 1.7051e-10
0.098727 1.7099e-10
0.098989 1.7147e-10
0.099252 1.7195e-10
0.099515 1.7244e-10
0.099779 1.7294e-10
0.10004 1.7344e-10
0.10031 1.7395e-10
0.10058 1.7446e-10
0.10084 1.7498e-10
0.10111 1.755e-10
0.10138 1.7602e-10
0.10165 1.7655e-10
0.10192 1.7708e-10
0.10219 1.7762e-10
0.10246 1.7816e-10
0.10273 1.7871e-10
0.103 1.7926e-10
0.10328 1.7982e-10
0.10355 1.8038e-10
0.10382 1.8095e-10
0.1041 1.8152e-10
0.10438 1.821e-10
0.10465 1.8268e-10
0.10493 1.8327e-10
0.10521 1.8386e-10
0.10549 1.8445e-10
0.10577 1.8506e-10
0.10605 1.8566e-10
0.10633 1.8628e-10
0.10661 1.8689e-10
0.1069 1.8751e-10
0.10718 1.8814e-10
0.10746 1.8878e-10
0.10775 1.8941e-10
0.10803 1.9006e-10
0.10832 1.9071e-10
0.10861 1.9136e-10
0.1089 1.9202e-10
0.10919 1.9269e-10
0.10948 1.9336e-10
0.10977 1.9404e-10
0.11006 1.9472e-10
0.11035 1.9541e-10
0.11064 1.961e-10
0.11094 1.968e-10
0.11123 1.9751e-10
0.11153 1.9822e-10
0.11182 1.9894e-10
0.11212 1.9967e-10
0.11242 2.004e-10
0.11271 2.0113e-10
0.11301 2.0188e-10
0.11331 2.0263e-10
0.11361 2.0338e-10
0.11391 2.0414e-10
0.11422 2.0491e-10
0.11452 2.0569e-10
0.11482 2.0647e-10
0.11513 2.0726e-10
0.11543 2.0805e-10
0.11574 2.0885e-10
0.11605 2.0966e-10
0.11636 2.1048e-10
0.11666 2.113e-10
0.11697 2.1213e-10
0.11728 2.1296e-10
0.1176 2.1381e-10
0.11791 2.1466e-10
0.11822 2.1551e-10
0.11853 2.1638e-10
0.11885 2.1725e-10
0.11916 2.1813e-10
0.11948 2.1902e-10
0.1198 2.1991e-10
0.12011 2.2081e-10
0.12043 2.2172e-10
0.12075 2.2264e-10
0.12107 2.2356e-10
0.12139 2.245e-10
0.12172 2.2544e-10
0.12204 2.2639e-10
0.12236 2.2734e-10
0.12269 2.2831e-10
0.12301 2.2928e-10
0.12334 2.3026e-10
0.12367 2.3125e-10
0.124 2.3225e-10
0.12432 2.3325e-10
0.12465 2.3427e-10
0.12498 2.3529e-10
0.12532 2.3633e-10
0.12565 2.3738e-10
0.12598 2.3844e-10
0.12632 2.3951e-10
0.12665 2.406e-10
0.12699 2.417e-10
0.12732 2.4281e-10
0.12766 2.4394e-10
0.128 2.4508e-10
0.12834 2.4623e-10
0.12868 2.474e-10
0.12902 2.4858e-10
0.12937 2.4978e-10
0.12971 2.5099e-10
0.13005 2.5221e-10
0.1304 2.5345e-10
0.13074 2.547e-10
0.13109 2.5597e-10
0.13144 2.5725e-10
0.13179 2.5854e-10
0.13214 2.5985e-10
0.13249 2.6118e-10
0.13284 2.6252e-10
0.13319 2.6387e-10
0.13355 2.6524e-10
0.1339 2.6662e-10
0.13425 2.6802e-10
0.13461 2.6943e-10
0.13497 2.7086e-10
0.13533 2.7231e-10
0.13569 2.7377e-10
0.13605 2.7524e-10
0.13641 2.7673e-10
0.13677 2.7824e-10
0.13713 2.7976e-10
0.13749 2.813e-10
0.13786 2.8285e-10
0.13823 2.8442e-10
0.13859 2.8601e-10
0.13896 2.8761e-10
0.13933 2.8923e-10
0.1397 2.9086e-10
0.14007 2.9251e-10
0.14044 2.9418e-10
0.14081 2.9586e-10
0.14119 2.9756e-10
0.14156 2.9928e-10
0.14194 3.0102e-10
0.14231 3.0277e-10
0.14269 3.0454e-10
0.14307 3.0632e-10
0.14345 3.0813e-10
0.14383 3.0995e-10
0.14421 3.1179e-10
0.14459 3.1364e-10
0.14498 3.1552e-10
0.14536 3.1741e-10
0.14575 3.1932e-10
0.14614 3.2125e-10
0.14652 3.2319e-10
0.14691 3.2516e-10
0.1473 3.2714e-10
0.14769 3.2914e-10
0.14808 3.3116e-10
0.14848 3.332e-10
0.14887 3.3525e-10
0.14927 3.3733e-10
0.14966 3.3942e-10
0.15006 3.4154e-10
0.15046 3.4368e-10
0.15086 3.4584e-10
0.15126 3.4804e-10
0.15166 3.5026e-10
0.15206 3.5251e-10
0.15246 3.5479e-10
0.15287 3.5709e-10
0.15327 3.5943e-10
0.15368 3.618e-10
0.15409 3.6419e-10
0.1545 3.6662e-10
0.15491 3.6907e-10
0.15532 3.7156e-10
0.15573 3.7407e-10
0.15614 3.7662e-10
0.15656 3.792e-10
0.15697 3.8181e-10
0.15739 3.8445e-10
0.15781 3.8713e-10
0.15823 3.8983e-10
0.15865 3.9257e-10
0.15907 3.9535e-10
0.15949 3.9815e-10
0.15991 4.0099e-10
0.16034 4.0387e-10
0.16076 4.0678e-10
0.16119 4.0972e-10
0.16162 4.127e-10
0.16205 4.1571e-10
0.16248 4.1876e-10
0.16291 4.2185e-10
0.16334 4.2497e-10
0.16377 4.2813e-10
0.16421 4.3132e-10
0.16464 4.3456e-10
0.16508 4.3783e-10
0.16552 4.4114e-10
0.16596 4.4449e-10
0.1664 4.4787e-10
0.16684 4.513e-10
0.16728 4.5477e-10
0.16772 4.5827e-10
0.16817 4.6182e-10
0.16862 4.6541e-10
0.16906 4.6904e-10
0.16951 4.7271e-10
0.16996 4.7642e-10
0.17041 4.8017e-10
0.17086 4.8397e-10
0.17132 4.8781e-10
0.17177 4.917e-10
0.17223 4.9563e-10
0.17269 4.996e-10
0.17314 5.0362e-10
0.1736 5.0768e-10
0.17406 5.1179e-10
0.17453 5.1595e-10
0.17499 5.2015e-10
0.17545 5.244e-10
0.17592 5.2871e-10
0.17639 5.3308e-10
0.17685 5.375e-10
0.17732 5.4198e-10
0.17779 5.4652e-10
0.17826 5.5112e-10
0.17874 5.5579e-10
0.17921 5.6051e-10
0.17969 5.653e-10
0.18016 5.7015e-10
0.18064 5.7507e-10
0.18112 5.8005e-10
0.1816 5.851e-10
0.18208 5.9022e-10
0.18257 5.9541e-10
0.18305 6.0067e-10
0.18354 6.0601e-10
0.18402 6.1141e-10
0.18451 6.1689e-10
0.185 6.2245e-10
0.18549 6.2808e-10
0.18599 6.3379e-10
0.18648 6.3958e-10
0.18697 6.4545e-10
0.18747 6.514e-10
0.18797 6.5743e-10
0.18847 6.6355e-10
0.18897 6.6975e-10
0.18947 6.7605e-10
0.18997 6.8243e-10
0.19047 6.889e-10
0.19098 6.9546e-10
0.19149 7.0212e-10
0.19199 7.0887e-10
0.1925 7.1572e-10
0.19301 7.2267e-10
0.19353 7.2971e-10
0.19404 7.3686e-10
0.19455 7.4411e-10
0.19507 7.5147e-10
0.19559 7.5893e-10
0.19611 7.6651e-10
0.19663 7.7419e-10
0.19715 7.8199e-10
0.19767 7.899e-10
0.1982 7.9792e-10
0.19872 8.0607e-10
0.19925 8.1434e-10
0.19978 8.2273e-10
0.20031 8.3124e-10
0.20084 8.3987e-10
0.20137 8.4864e-10
0.20191 8.5752e-10
0.20244 8.6654e-10
0.20298 8.7568e-10
0.20352 8.8496e-10
0.20352 9.7495e-10
0.20298 1.0154e-09
0.20244 1.0525e-09
0.20191 1.0858e-09
0.20137 1.1148e-09
0.20084 1.1388e-09
0.20031 1.1576e-09
0.19978 1.1707e-09
0.19925 1.1787e-09
0.19872 1.1859e-09
0.1982 1.1929e-09
0.19767 1.1999e-09
0.19715 1.2067e-09
0.19663 1.2135e-09
0.19611 1.2201e-09
0.19559 1.2266e-09
0.19507 1.2329e-09
0.19455 1.2392e-09
0.19404 1.2454e-09
0.19353 1.2514e-09
0.19301 1.2574e-09
0.1925 1.2632e-09
0.19199 1.269e-09
0.19149 1.2746e-09
0.19098 1.2801e-09
0.19047 1.2855e-09
0.18997 1.2908e-09
0.18947 1.296e-09
0.18897 1.3012e-09
0.18847 1.3062e-09
0.18797 1.3111e-09
0.18747 1.316e-09
0.18697 1.3207e-09
0.18648 1.3254e-09
0.18599 1.3299e-09
0.18549 1.3344e-09
0.185 1.3388e-09
0.18451 1.3431e-09
0.18402 1.3474e-09
0.18354 1.3515e-09
0.18305 1.3556e-09
0.18257 1.3597e-09
0.18208 1.3636e-09
0.1816 1.3675e-09
0.18112 1.3713e-09
0.18064 1.3751e-09
0.18016 1.3788e-09
0.17969 1.3824e-09
0.17921 1.386e-09
0.17874 1.3895e-09
0.17826 1.393e-09
0.17779 1.3965e-09
0.17732 1.3999e-09
0.17685 1.4033e-09
0.17639 1.4066e-09
0.17592 1.4099e-09
0.17545 1.4132e-09
0.17499 1.4164e-09
0.17453 1.4196e-09
0.17406 1.4228e-09
0.1736 1.426e-09
0.17314 1.4291e-09
0.17269 1.4323e-09
0.17223 1.4354e-09
0.17177 1.4385e-09
0.17132 1.4417e-09
0.17086 1.4448e-09
0.17041 1.4479e-09
0.16996 1.4511e-09
0.16951 1.4542e-09
0.16906 1.4574e-09
0.16862 1.4606e-09
0.16817 1.4638e-09
0.16772 1.467e-09
0.16728 1.4703e-09
0.16684 1.4736e-09
0.1664 1.4769e-09
0.16596 1.4803e-09
0.16552 1.4837e-09
0.16508 1.4871e-09
0.16464 1.4906e-09
0.16421 1.4942e-09
0.16377 1.4978e-09
0.16334 1.5015e-09
0.16291 1.5052e-09
0.16248 1.509e-09
0.16205 1.5129e-09
0.16162 1.5168e-09
0.16119 1.5209e-09
0.16076 1.525e-09
0.16034 1.5292e-09
0.15991 1.5335e-09
0.15949 1.5379e-09
0.15907 1.5425e-09
0.15865 1.5471e-09
0.15823 1.5518e-09
0.15781 1.5565e-09
0.15739 1.5612e-09
0.15697 1.566e-09
0.15656 1.5708e-09
0.15614 1.5756e-09
0.15573 1.5804e-09
0.15532 1.5852e-09
0.15491 1.59e-09
0.1545 1.5949e-09
0.15409 1.5997e-09
0.15368 1.6046e-09
0.15327 1.6095e-09
0.15287 1.6144e-09
0.15246 1.6193e-09
0.15206 1.6242e-09
0.15166 1.6292e-09
0.15126 1.6341e-09
0.15086 1.6391e-09
0.15046 1.6441e-09
0.15006 1.6491e-09
0.14966 1.6541e-09
0.14927 1.6591e-09
0.14887 1.6641e-09
0.14848 1.6692e-09
0.14808 1.6742e-09
0.14769 1.6793e-09
0.1473 1.6844e-09
0.14691 1.6895e-09
0.14652 1.6946e-09
0.14614 1.6997e-09
0.14575 1.7048e-09
0.14536 1.7099e-09
0.14498 1.715e-09
0.14459 1.7202e-09
0.14421 1.7253e-09
0.14383 1.7305e-09
0.14345 1.7357e-09
0.14307 1.7408e-09
0.14269 1.746e-09
0.14231 1.7512e-09
0.14194 1.7564e-09
0.14156 1.7616e-09
0.14119 1.7669e-09
0.14081 1.7721e-09
0.14044 1.7773e-09
0.14007 1.7826e-09
0.1397 1.7878e-09
0.13933 1.793e-09
0.13896 1.7983e-09
0.13859 1.8036e-09
0.13823 1.8088e-09
0.13786 1.8141e-09
0.13749 1.8194e-09
0.13713 1.8247e-09
0.13677 1.8299e-09
0.13641 1.8352e-09
0.13605 1.8405e-09
0.13569 1.8458e-09
0.13533 1.8511e-09
0.13497 1.8564e-09
0.13461 1.8617e-09
0.13425 1.867e-09
0.1339 1.8723e-09
0.13355 1.8776e-09
0.13319 1.8829e-09
0.13284 1.8882e-09
0.13249 1.8935e-09
0.13214 1.8988e-09
0.13179 1.9041e-09
0.13144 1.9094e-09
0.13109 1.9147e-09
0.13074 1.92e-09
0.1304 1.9253e-09
0.13005 1.9306e-09
0.12971 1.9359e-09
0.12937 1.9412e-09
0.12902 1.9465e-09
0.12868 1.9518e-09
0.12834 1.957e-09
0.128 1.9623e-09
0.12766 1.9676e-09
0.12732 1.9729e-09
0.12699 1.9781e-09
0.12665 1.9834e-09
0.12632 1.9886e-09
0.12598 1.9939e-09
0.12565 1.9991e-09
0.12532 2.0043e-09
0.12498 2.0096e-09
0.12465 2.0148e-09
0.12432 2.0201e-09
0.124 2.0254e-09
0.12367 2.0307e-09
0.12334 2.036e-09
0.12301 2.0412e-09
0.12269 2.0465e-09
0.12236 2.0519e-09
0.12204 2.0572e-09
0.12172 2.0625e-09
0.12139 2.0678e-09
0.12107 2.0731e-09
0.12075 2.0785e-09
0.12043 2.0838e-09
0.12011 2.0892e-09
0.1198 2.0945e-09
0.11948 2.0999e-09
0.11916 2.1052e-09
0.11885 2.1106e-09
0.11853 2.1159e-09
0.11822 2.1213e-09
0.11791 2.1267e-09
0.1176 2.1321e-09
0.11728 2.1374e-09
0.11697 2.1428e-09
0.11666 2.1482e-09
0.11636 2.1536e-09
0.11605 2.1589e-09
0.11574 2.1643e-09
0.11543 2.1697e-09
0.11513 2.1751e-09
0.11482 2.1805e-09
0.11452 2.1859e-09
0.11422 2.1913e-09
0.11391 2.1966e-09
0.11361 2.202e-09
0.11331 2.2074e-09
0.11301 2.2128e-09
0.11271 2.2182e-09
0.11242 2.2236e-09
0.11212 2.2289e-09
0.11182 2.2343e-09
0.11153 2.2397e-09
0.11123 2.245e-09
0.11094 2.2504e-09
0.11064 2.2558e-09
0.11035 2.2611e-09
0.11006 2.2665e-09
0.10977 2.2718e-09
0.10948 2.2772e-09
0.10919 2.2825e-09
0.1089 2.2879e-09
0.10861 2.2932e-09
0.10832 2.2985e-09
0.10803 2.3038e-09
0.10775 2.3092e-09
0.10746 2.3145e-09
0.10718 2.3198e-09
0.1069 2.325e-09
0.10661 2.3303e-09
0.10633 2.3356e-09
0.10605 2.3409e-09
0.10577 2.3461e-09
0.10549 2.3514e-09
0.10521 2.3566e-09
0.10493 2.3618e-09
0.10465 2.3671e-09
0.10438 2.3723e-09
0.1041 2.3775e-09
0.10382 2.3826e-09
0.10355 2.3878e-09
0.10328 2.393e-09
0.103 2.3981e-09
0.10273 2.4033e-09
0.10246 2.4084e-09
0.10219 2.4135e-09
0.10192 2.4186e-09
0.10165 2.4237e-09
0.10138 2.4288e-09
0.10111 2.4338e-09
0.10084 2.4389e-09
0.10058 2.4439e-09
0.10031 2.4489e-09
0.10004 2.4539e-09
0.099779 2.4589e-09
0.099515 2.4638e-09
0.099252 2.4688e-09
0.098989 2.4737e-09
0.098727 2.4786e-09
0.098466 2.4835e-09
0.098205 2.4883e-09
0.097945 2.4932e-09
0.097686 2.498e-09
0.097428 2.5028e-09
0.09717 2.5076e-09
0.096913 2.5124e-09
0.096656 2.5172e-09
0.0964 2.5219e-09
0.096145 2.5267e-09
0.095891 2.5314e-09
0.095637 2.5361e-09
0.095384 2.5408e-09
0.095132 2.5455e-09
0.09488 2.5502e-09
0.094629 2.5548e-09
0.094378 2.5595e-09
0.094129 2.5641e-09
0.09388 2.5687e-09
0.093631 2.5734e-09
0.093383 2.578e-09
0.093136 2.5826e-09
0.09289 2.5872e-09
0.092644 2.5917e-09
0.092399 2.5963e-09
0.092154 2.6009e-09
0.09191 2.6055e-09
0.091667 2.61e-09
0.091425 2.6146e-09
0.091183 2.6191e-09
0.090941 2.6237e-09
0.090701 2.6282e-09
0.090461 2.6327e-09
0.090221 2.6373e-09
0.089983 2.6418e-09
0.089744 2.6463e-09
0.089507 2.6508e-09
0.08927 2.6553e-09
0.089034 2.6599e-09
0.088798 2.6644e-09
0.088563 2.6689e-09
0.088329 2.6734e-09
0.088095 2.678e-09
0.087862 2.6825e-09
0.087629 2.687e-09
0.087398 2.6915e-09
0.087166 2.6961e-09
0.086936 2.7006e-09
0.086706 2.7052e-09
0.086476 2.7097e-09
0.086247 2.7143e-09
0.086019 2.7188e-09
0.085791 2.7234e-09
0.085564 2.728e-09
0.085338 2.7326e-09
0.085112 2.7371e-09
0.084887 2.7417e-09
0.084662 2.7464e-09
0.084438 2.751e-09
0.084215 2.7556e-09
0.083992 2.7603e-09
0.08377 2.7649e-09
0.083548 2.7696e-09
0.083327 2.7743e-09
0.083106 2.779e-09
0.082886 2.7837e-09
0.082667 2.7884e-09
0.082448 2.7932e-09
0.08223 2.7979e-09
0.082012 2.8027e-09
0.081795 2.8075e-09
0.081579 2.8123e-09
0.081363 2.8172e-09
0.081148 2.822e-09
0.080933 2.8269e-09
0.080719 2.8318e-09
0.080505 2.8367e-09
0.080292 2.8417e-09
0.08008 2.8466e-09
0.079868 2.8516e-09
0.079656 2.8566e-09
0.079446 2.8617e-09
0.079235 2.8667e-09
0.079026 2.8718e-09
0.078817 2.8769e-09
0.078608 2.882e-09
0.0784 2.8871e-09
0.078193 2.8922e-09
0.077986 2.8973e-09
0.077779 2.9024e-09
0.077573 2.9075e-09
0.077368 2.9127e-09
0.077163 2.9178e-09
0.076959 2.923e-09
0.076756 2.9282e-09
0.076552 2.9333e-09
0.07635 2.9385e-09
0.076148 2.9437e-09
0.075946 2.9489e-09
0.075745 2.9541e-09
0.075545 2.9594e-09
0.075345 2.9646e-09
0.075146 2.9698e-09
0.074947 2.9751e-09
0.074748 2.9803e-09
0.074551 2.9856e-09
0.074353 2.9909e-09
0.074157 2.9962e-09
0.07396 3.0015e-09
0.073765 3.0068e-09
0.073569 3.0121e-09
0.073375 3.0174e-09
0.073181 3.0228e-09
0.072987 3.0281e-09
0.072794 3.0335e-09
0.072601 3.0388e-09
0.072409 3.0442e-09
0.072217 3.0496e-09
0.072026 3.055e-09
0.071836 3.0604e-09
0.071646 3.0658e-09
0.071456 3.0712e-09
0.071267 3.0766e-09
0.071078 3.0821e-09
0.07089 3.0875e-09
0.070703 3.093e-09
0.070515 3.0984e-09
0.070329 3.1039e-09
0.070143 3.1094e-09
0.069957 3.1149e-09
0.069772 3.1204e-09
0.069587 3.1259e-09
0.069403 3.1315e-09
0.06922 3.137e-09
0.069036 3.1425e-09
0.068854 3.1481e-09
0.068671 3.1537e-09
0.06849 3.1592e-09
0.068308 3.1648e-09
0.068128 3.1704e-09
0.067947 3.176e-09
0.067768 3.1816e-09
0.067588 3.1873e-09
0.067409 3.1929e-09
0.067231 3.1986e-09
0.067053 3.2042e-09
0.066876 3.2099e-09
0.066699 3.2155e-09
0.066522 3.2212e-09
0.066346 3.2269e-09
0.066171 3.2326e-09
0.065995 3.2384e-09
0.065821 3.2441e-09
0.065647 3.2498e-09
0.065473 3.2556e-09
0.0653 3.2613e-09
0.065127 3.2671e-09
0.064955 3.2729e-09
0.064783 3.2786e-09
0.064611 3.2844e-09
0.06444 3.2902e-09
0.06427 3.2961e-09
0.0641 3.3019e-09
0.06393 3.3077e-09
0.063761 3.3136e-09
0.063592 3.3194e-09
0.063424 3.3253e-09
0.063256 3.3312e-09
0.063089 3.3371e-09
0.062922 3.343e-09
0.062755 3.3489e-09
0.062589 3.3549e-09
0.062423 3.3608e-09
0.062258 3.3668e-09
0.062093 3.3728e-09
0.061929 3.3788e-09
0.061765 3.3849e-09
0.061602 3.3909e-09
0.061439 3.397e-09
0.061276 3.4031e-09
0.061114 3.4092e-09
0.060952 3.4153e-09
0.060791 3.4215e-09
0.06063 3.4276e-09
0.06047 3.4338e-09
0.06031 3.44e-09
0.06015 3.4462e-09
0.059991 3.4525e-09
0.059832 3.4587e-09
0.059674 3.4649e-09
0.059516 3.4712e-09
0.059358 3.4775e-09
0.059201 3.4838e-09
0.059045 3.4901e-09
0.058888 3.4964e-09
0.058733 3.5027e-09
0.058577 3.5091e-09
0.058422 3.5155e-09
0.058268 3.5218e-09
0.058113 3.5282e-09
0.05796 3.5346e-09
0.057806 3.541e-09
0.057653 3.5474e-09
0.057501 3.5538e-09
0.057348 3.5603e-09
0.057197 3.5667e-09
0.057045 3.5731e-09
0.056894 3.5796e-09
0.056744 3.5861e-09
0.056594 3.5925e-09
0.056444 3.599e-09
0.056295 3.6055e-09
0.056146 3.612e-09
0.055997 3.6185e-09
0.055849 3.625e-09
0.055701 3.6315e-09
0.055554 3.638e-09
0.055407 3.6445e-09
0.05526 3.6511e-09
0.055114 3.6576e-09
0.054968 3.6641e-09
0.054822 3.6706e-09
0.054677 3.6772e-09
0.054533 3.6837e-09
0.054388 3.6903e-09
0.054244 3.6968e-09
0.054101 3.7033e-09
0.053958 3.7099e-09
0.053815 3.7164e-09
0.053672 3.723e-09
0.05353 3.7295e-09
0.053389 3.736e-09
0.053247 3.7426e-09
0.053107 3.7491e-09
0.052966 3.7556e-09
0.052826 3.7622e-09
0.052686 3.7687e-09
0.052547 3.7752e-09
0.052408 3.7817e-09
0.052269 3.7882e-09
0.052131 3.7947e-09
0.051993 3.8013e-09
0.051855 3.8077e-09
0.051718 3.8142e-09
0.051581 3.8207e-09
0.051444 3.8272e-09
0.051308 3.8337e-09
0.051173 3.8401e-09
0.051037 3.8466e-09
0.050902 3.853e-09
0.050767 3.8594e-09
0.050633 3.8658e-09
0.050499 3.8722e-09
0.050365 3.8786e-09
0.050232 3.885e-09
0.050099 3.8914e-09
0.049967 3.8977e-09
0.049834 3.9041e-09
0.049703 3.9104e-09
0.049571 3.9168e-09
0.04944 3.9231e-09
0.049309 3.9294e-09
0.049178 3.9357e-09
0.049048 3.942e-09
0.048919 3.9483e-09
0.048789 3.9546e-09
0.04866 3.9609e-09
0.048531 3.9671e-09
0.048403 3.9734e-09
0.048275 3.9797e-09
0.048147 3.9859e-09
0.04802 3.9922e-09
0.047892 3.9984e-09
0.047766 4.0046e-09
0.047639 4.0109e-09
0.047513 4.0171e-09
0.047388 4.0233e-09
0.047262 4.0295e-09
0.047137 4.0358e-09
0.047012 4.042e-09
0.046888 4.0482e-09
0.046764 4.0544e-09
0.04664 4.0606e-09
0.046517 4.0668e-09
0.046394 4.073e-09
0.046271 4.0792e-09
0.046148 4.0854e-09
0.046026 4.0916e-09
0.045904 4.0978e-09
0.045783 4.104e-09
0.045662 4.1102e-09
0.045541 4.1164e-09
0.04542 4.1226e-09
0.0453 4.1288e-09
0.04518 4.1351e-09
0.045061 4.1413e-09
0.044942 4.1475e-09
0.044823 4.1537e-09
0.044704 4.1599e-09
0.044586 4.1661e-09
0.044468 4.1724e-09
0.04435 4.1786e-09
0.044233 4.1848e-09
0.044116 4.1911e-09
0.043999 4.1973e-09
0.043882 4.2036e-09
0.043766 4.2099e-09
0.04365 4.2161e-09
0.043535 4.2224e-09
0.04342 4.2287e-09
0.043305 4.235e-09
0.04319 4.2413e-09
0.043076 4.2476e-09
0.042962 4.2539e-09
0.042848 4.2602e-09
0.042735 4.2666e-09
0.042622 4.2729e-09
0.042509 4.2793e-09
0.042397 4.2856e-09
0.042284 4.292e-09
0.042172 4.2984e-09
0.042061 4.3048e-09
0.04195 4.3112e-09
0.041838 4.3177e-09
0.041728 4.3241e-09
0.041617 4.3306e-09
0.041507 4.337e-09
0.041397 4.3435e-09
0.041288 4.35e-09
0.041179 4.3565e-09
0.04107 4.3631e-09
0.040961 4.3696e-09
0.040853 4.3762e-09
0.040744 4.3828e-09
0.040637 4.3894e-09
0.040529 4.396e-09
0.040422 4.4026e-09
0.040315 4.4093e-09
0.040208 4.416e-09
0.040102 4.4227e-09
0.039996 4.4294e-09
0.03989 4.4361e-09
0.039784 4.4429e-09
0.039679 4.4497e-09
0.039574 4.4565e-09
0.039469 4.4633e-09
0.039365 4.4701e-09
0.039261 4.4769e-09
0.039157 4.4837e-09
0.039053 4.4905e-09
0.03895 4.4974e-09
0.038847 4.5042e-09
0.038744 4.5111e-09
0.038641 4.518e-09
0.038539 4.5249e-09
0.038437 4.5318e-09
0.038335 4.5387e-09
0.038234 4.5456e-09
0.038133 4.5525e-09
0.038032 4.5595e-09
0.037931 4.5664e-09
0.037831 4.5734e-09
0.037731 4.5804e-09
0.037631 4.5874e-09
0.037531 4.5943e-09
0.037432 4.6014e-09
0.037333 4.6084e-09
0.037234 4.6154e-09
0.037136 4.6224e-09
0.037037 4.6295e-09
0.036939 4.6365e-09
0.036842 4.6436e-09
0.036744 4.6507e-09
0.036647 4.6578e-09
0.03655 4.6649e-09
0.036453 4.672e-09
0.036357 4.6791e-09
0.03626 4.6863e-09
0.036164 4.6934e-09
0.036069 4.7006e-09
0.035973 4.7077e-09
0.035878 4.7149e-09
0.035783 4.7221e-09
0.035688 4.7293e-09
0.035594 4.7365e-09
0.0355 4.7437e-09
0.035406 4.751e-09
0.035312 4.7582e-09
0.035219 4.7655e-09
0.035126 4.7727e-09
0.035033 4.78e-09
0.03494 4.7873e-09
0.034847 4.7946e-09
0.034755 4.8019e-09
0.034663 4.8092e-09
0.034572 4.8166e-09
0.03448 4.8239e-09
0.034389 4.8313e-09
0.034298 4.8386e-09
0.034207 4.846e-09
0.034116 4.8534e-09
0.034026 4.8608e-09
0.033936 4.8682e-09
0.033846 4.8756e-09
0.033757 4.8831e-09
0.033667 4.8905e-09
0.033578 4.898e-09
0.03349 4.9054e-09
0.033401 4.9129e-09
0.033312 4.9204e-09
0.033224 4.9279e-09
0.033136 4.9354e-09
0.033049 4.9429e-09
0.032961 4.9505e-09
0.032874 4.958e-09
0.032787 4.9656e-09
0.0327 4.9732e-09
0.032614 4.9807e-09
0.032527 4.9883e-09
0.032441 4.9959e-09
0.032356 5.0036e-09
0.03227 5.0112e-09
0.032184 5.0188e-09
0.032099 5.0265e-09
0.032014 5.0342e-09
0.03193 5.0418e-09
0.031845 5.0495e-09
0.031761 5.0572e-09
0.031677 5.0649e-09
0.031593 5.0727e-09
0.031509 5.0804e-09
0.031426 5.0881e-09
0.031343 5.0959e-09
0.03126 5.1037e-09
0.031177 5.1114e-09
0.031095 5.1192e-09
0.031012 5.127e-09
0.03093 5.1349e-09
0.030848 5.1427e-09
0.030767 5.1505e-09
0.030685 5.1584e-09
0.030604 5.1663e-09
0.030523 5.1741e-09
0.030442 5.182e-09
0.030362 5.1899e-09
0.030282 5.1978e-09
0.030201 5.2058e-09
0.030121 5.2137e-09
0.030042 5.2216e-09
0.029962 5.2296e-09
0.029883 5.2376e-09
0.029804 5.2456e-09
0.029725 5.2536e-09
0.029646 5.2616e-09
0.029568 5.2696e-09
0.02949 5.2776e-09
0.029412 5.2857e-09
0.029334 5.2937e-09
0.029256 5.3018e-09
0.029179 5.3099e-09
0.029102 5.318e-09
0.029025 5.3261e-09
0.028948 5.3342e-09
0.028871 5.3424e-09
0.028795 5.3505e-09
0.028719 5.3587e-09
0.028643 5.3668e-09
0.028567 5.375e-09
0.028491 5.3832e-09
0.028416 5.3914e-09
0.028341 5.3996e-09
0.028266 5.4079e-09
0.028191 5.4161e-09
0.028116 5.4244e-09
0.028042 5.4327e-09
0.027968 5.4409e-09
0.027894 5.4492e-09
0.02782 5.4575e-09
0.027746 5.4659e-09
0.027673 5.4742e-09
0.027599 5.4825e-09
0.027526 5.4909e-09
0.027454 5.4993e-09
0.027381 5.5077e-09
0.027308 5.5161e-09
0.027236 5.5245e-09
0.027164 5.5329e-09
0.027092 5.5413e-09
0.027021 5.5498e-09
0.026949 5.5582e-09
0.026878 5.5667e-09
0.026807 5.5752e-09
0.026736 5.5837e-09
0.026665 5.5922e-09
0.026594 5.6008e-09
0.026524 5.6093e-09
0.026454 5.6178e-09
0.026384 5.6264e-09
0.026314 5.635e-09
0.026244 5.6436e-09
0.026175 5.6522e-09
0.026106 5.6608e-09
0.026036 5.6694e-09
0.025968 5.6781e-09
0.025899 5.6867e-09
0.02583 5.6954e-09
0.025762 5.7041e-09
0.025694 5.7128e-09
0.025626 5.7215e-09
0.025558 5.7302e-09
0.02549 5.739e-09
0.025423 5.7477e-09
0.025356 5.7565e-09
0.025289 5.7653e-09
0.025222 5.7741e-09
0.025155 5.7829e-09
0.025088 5.7917e-09
0.025022 5.8005e-09
0.024956 5.8094e-09
0.02489 5.8184e-09
0.024824 5.8274e-09
0.024758 5.8364e-09
0.024693 5.8454e-09
0.024627 5.8545e-09
0.024562 5.8636e-09
0.024497 5.8728e-09
0.024432 5.882e-09
0.024368 5.8912e-09
0.024303 5.9005e-09
0.024239 5.9098e-09
0.024175 5.9191e-09
0.024111 5.9284e-09
0.024047 5.9378e-09
0.023983 5.9472e-09
0.02392 5.9566e-09
0.023856 5.9661e-09
0.023793 5.9756e-09
0.02373 5.9851e-09
0.023668 5.9946e-09
0.023605 6.0042e-09
0.023542 6.0137e-09
0.02348 6.0233e-09
0.023418 6.0329e-09
0.023356 6.0426e-09
0.023294 6.0522e-09
0.023233 6.0619e-09
0.023171 6.0716e-09
0.02311 6.0812e-09
0.023049 6.0909e-09
0.022988 6.1007e-09
0.022927 6.1104e-09
0.022866 6.1201e-09
0.022806 6.1299e-09
0.022745 6.1396e-09
0.022685 6.1494e-09
0.022625 6.1591e-09
0.022565 6.1689e-09
0.022505 6.1787e-09
0.022446 6.1885e-09
0.022387 6.1982e-09
0.022327 6.208e-09
0.022268 6.2178e-09
0.022209 6.2276e-09
0.02215 6.2373e-09
0.022092 6.2471e-09
0.022033 6.2568e-09
0.021975 6.2666e-09
0.021917 6.2763e-09
0.021859 6.2861e-09
0.021801 6.2958e-09
0.021743 6.3055e-09
0.021686 6.3152e-09
0.021628 6.3249e-09
0.021571 6.3346e-09
0.021514 6.3442e-09
0.021457 6.3539e-09
0.0214 6.3635e-09
0.021344 6.3731e-09
0.021287 6.3827e-09
0.021231 6.3923e-09
0.021175 6.4018e-09
0.021119 6.4113e-09
0.021063 6.4208e-09
0.021007 6.4302e-09
0.020952 6.4397e-09
0.020896 6.4491e-09
0.020841 6.4585e-09
0.020786 6.4678e-09
0.020731 6.4771e-09
0.020676 6.4864e-09
0.020621 6.4956e-09
0.020567 6.5048e-09
0.020512 6.514e-09
0.020458 6.5231e-09
0.020404 6.5322e-09
0.02035 6.5412e-09
0.020296 6.5502e-09
0.020242 6.5591e-09
0.020189 6.568e-09
0.020135 6.5769e-09
0.020082 6.5857e-09
0.020029 6.5945e-09
0.019976 6.6032e-09
0.019923 6.6118e-09
0.01987 6.6204e-09
0.019818 6.629e-09
0.019765 6.6375e-09
0.019713 6.646e-09
0.019661 6.6545e-09
0.019609 6.6629e-09
0.019557 6.6713e-09
0.019505 6.6797e-09
0.019453 6.6881e-09
0.019402 6.6964e-09
0.019351 6.7046e-09
0.019299 6.7129e-09
0.019248 6.7211e-09
0.019197 6.7293e-09
0.019146 6.7375e-09
0.019096 6.7456e-09
0.019045 6.7537e-09
0.018995 6.7618e-09
0.018945 6.7698e-09
0.018894 6.7779e-09
0.018844 6.7859e-09
0.018795 6.7939e-09
0.018745 6.8019e-09
0.018695 6.8098e-09
0.018646 6.8177e-09
0.018596 6.8256e-09
0.018547 6.8335e-09
0.018498 6.8414e-09
0.018449 6.8493e-09
0.0184 6.8571e-09
0.018352 6.8649e-09
0.018303 6.8728e-09
0.018255 6.8806e-09
0.018206 6.8883e-09
0.018158 6.8961e-09
0.01811 6.9039e-09
0.018062 6.9116e-09
0.018014 6.9194e-09
0.017967 6.9271e-09
0.017919 6.9348e-09
0.017872 6.9426e-09
0.017825 6.9503e-09
0.017777 6.958e-09
0.01773 6.9657e-09
0.017683 6.9734e-09
0.017637 6.9811e-09
0.01759 6.9888e-09
0.017543 6.9965e-09
0.017497 7.0042e-09
0.017451 7.0119e-09
0.017404 7.0196e-09
0.017358 7.0273e-09
0.017312 7.035e-09
0.017267 7.0427e-09
0.017221 7.0504e-09
0.017175 7.0581e-09
0.01713 7.0659e-09
0.017085 7.0736e-09
0.017039 7.0814e-09
0.016994 7.0891e-09
0.016949 7.0969e-09
0.016904 7.1047e-09
0.01686 7.1124e-09
0.016815 7.1203e-09
0.016771 7.1281e-09
0.016726 7.1359e-09
0.016682 7.1438e-09
0.016638 7.1516e-09
0.016594 7.1595e-09
0.01655 7.1674e-09
0.016506 7.1754e-09
0.016462 7.1833e-09
0.016419 7.1913e-09
0.016375 7.1993e-09
0.016332 7.2073e-09
0.016289 7.2153e-09
0.016246 7.2234e-09
0.016203 7.2315e-09
0.01616 7.2396e-09
0.016117 7.2478e-09
0.016074 7.256e-09
0.016032 7.2642e-09
0.015989 7.2724e-09
0.015947 7.2807e-09
0.015905 7.289e-09
0.015863 7.2974e-09
0.015821 7.3058e-09
0.015779 7.3142e-09
0.015737 7.3226e-09
0.015696 7.331e-09
0.015654 7.3394e-09
0.015613 7.3478e-09
0.015571 7.3563e-09
0.01553 7.3647e-09
0.015489 7.3732e-09
0.015448 7.3817e-09
0.015407 7.3901e-09
0.015366 7.3986e-09
0.015326 7.4071e-09
0.015285 7.4156e-09
0.015245 7.4242e-09
0.015204 7.4327e-09
0.015164 7.4412e-09
0.015124 7.4498e-09
0.015084 7.4583e-09
0.015044 7.4669e-09
0.015004 7.4755e-09
0.014965 7.4841e-09
0.014925 7.4927e-09
0.014885 7.5013e-09
0.014846 7.5099e-09
0.014807 7.5185e-09
0.014768 7.5272e-09
0.014729 7.5358e-09
0.01469 7.5445e-09
0.014651 7.5531e-09
0.014612 7.5618e-09
0.014573 7.5705e-09
0.014535 7.5792e-09
0.014496 7.5879e-09
0.014458 7.5966e-09
0.01442 7.6054e-09
0.014381 7.6141e-09
0.014343 7.6229e-09
0.014305 7.6316e-09
0.014268 7.6404e-09
0.01423 7.6492e-09
0.014192 7.6579e-09
0.014155 7.6667e-09
0.014117 7.6756e-09
0.01408 7.6844e-09
0.014043 7.6932e-09
0.014005 7.702e-09
0.013968 7.7109e-09
0.013931 7.7197e-09
0.013894 7.7286e-09
0.013858 7.7375e-09
0.013821 7.7464e-09
0.013784 7.7553e-09
0.013748 7.7642e-09
0.013712 7.7731e-09
0.013675 7.782e-09
0.013639 7.791e-09
0.013603 7.7999e-09
0.013567 7.8089e-09
0.013531 7.8179e-09
0.013495 7.8269e-09
0.01346 7.8358e-09
0.013424 7.8448e-09
0.013388 7.8539e-09
0.013353 7.8629e-09
0.013318 7.8719e-09
0.013282 7.881e-09
0.013247 7.89e-09
0.013212 7.8991e-09
0.013177 7.9082e-09
0.013142 7.9172e-09
0.013108 7.9263e-09
0.013073 7.9354e-09
0.013038 7.9446e-09
0.013004 7.9537e-09
0.012969 7.9628e-09
0.012935 7.972e-09
0.012901 7.9811e-09
0.012867 7.9903e-09
0.012833 7.9995e-09
0.012799 8.0087e-09
0.012765 8.0179e-09
0.012731 8.0271e-09
0.012697 8.0363e-09
0.012664 8.0455e-09
0.01263 8.0548e-09
0.012597 8.064e-09
0.012564 8.0733e-09
0.01253 8.0827e-09
0.012497 8.0921e-09
0.012464 8.1015e-09
0.012431 8.1111e-09
0.012398 8.1206e-09
0.012365 8.1303e-09
0.012333 8.1399e-09
0.0123 8.1497e-09
0.012267 8.1595e-09
0.012235 8.1693e-09
0.012203 8.1792e-09
0.01217 8.1891e-09
0.012138 8.199e-09
0.012106 8.2091e-09
0.012074 8.2191e-09
0.012042 8.2292e-09
0.01201 8.2393e-09
0.011978 8.2494e-09
0.011947 8.2596e-09
0.011915 8.2698e-09
0.011884 8.2801e-09
0.011852 8.2903e-09
0.011821 8.3006e-09
0.011789 8.3109e-09
0.011758 8.3213e-09
0.011727 8.3316e-09
0.011696 8.342e-09
0.011665 8.3524e-09
0.011634 8.3628e-09
0.011603 8.3732e-09
0.011573 8.3836e-09
0.011542 8.394e-09
0.011512 8.4044e-09
0.011481 8.4149e-09
0.011451 8.4253e-09
0.01142 8.4357e-09
0.01139 8.4462e-09
0.01136 8.4566e-09
0.01133 8.467e-09
0.0113 8.4774e-09
0.01127 8.4878e-09
0.01124 8.4982e-09
0.011211 8.5086e-09
0.011181 8.519e-09
0.011151 8.5293e-09
0.011122 8.5397e-09
0.011092 8.55e-09
0.011063 8.5602e-09
0.011034 8.5705e-09
0.011005 8.5807e-09
0.010975 8.5909e-09
0.010946 8.6011e-09
0.010917 8.6112e-09
0.010889 8.6213e-09
0.01086 8.6313e-09
0.010831 8.6413e-09
0.010802 8.6513e-09
0.010774 8.6612e-09
0.010745 8.6711e-09
0.010717 8.6809e-09
0.010688 8.6907e-09
0.01066 8.7004e-09
0.010632 8.7101e-09
0.010604 8.7197e-09
0.010576 8.7292e-09
0.010548 8.7387e-09
0.01052 8.7481e-09
0.010492 8.7574e-09
0.010464 8.7667e-09
0.010437 8.7759e-09
0.010409 8.7851e-09
0.010381 8.7941e-09
0.010354 8.8031e-09
0.010326 8.812e-09
0.010299 8.8208e-09
0.010272 8.8295e-09
0.010245 8.8381e-09
0.010218 8.8467e-09
0.010191 8.8551e-09
0.010164 8.8635e-09
0.010137 8.8718e-09
0.01011 8.8799e-09
0.010083 8.888e-09
0.010056 8.896e-09
0.01003 8.9038e-09
0.010003 8.9116e-09
0.0099768 8.9192e-09
0.0099504 8.9268e-09
0.0099241 8.9343e-09
0.0098978 8.9418e-09
0.0098716 8.9492e-09
0.0098455 8.9565e-09
0.0098194 8.9638e-09
0.0097935 8.9711e-09
0.0097675 8.9782e-09
0.0097417 8.9854e-09
0.0097159 8.9924e-09
0.0096902 8.9994e-09
0.0096646 9.0064e-09
0.009639 9.0133e-09
0.0096135 9.0202e-09
0.009588 9.027e-09
0.0095627 9.0338e-09
0.0095374 9.0405e-09
0.0095121 9.0472e-09
0.0094869 9.0538e-09
0.0094618 9.0604e-09
0.0094368 9.067e-09
0.0094118 9.0735e-09
0.0093869 9.0799e-09
0.0093621 9.0864e-09
0.0093373 9.0928e-09
0.0093126 9.0991e-09
0.009288 9.1055e-09
0.0092634 9.1118e-09
0.0092389 9.118e-09
0.0092144 9.1243e-09
0.00919 9.1305e-09
0.0091657 9.1367e-09
0.0091415 9.1428e-09
0.0091173 9.1489e-09
0.0090931 9.155e-09
0.0090691 9.1611e-09
0.0090451 9.1672e-09
0.0090211 9.1732e-09
0.0089973 9.1792e-09
0.0089735 9.1852e-09
0.0089497 9.1912e-09
0.008926 9.1971e-09
0.0089024 9.2031e-09
0.0088788 9.209e-09
0.0088553 9.2149e-09
0.0088319 9.2208e-09
0.0088085 9.2267e-09
0.0087852 9.2326e-09
0.008762 9.2385e-09
0.0087388 9.2444e-09
0.0087157 9.2502e-09
0.0086926 9.2561e-09
0.0086696 9.2619e-09
0.0086467 9.2678e-09
0.0086238 9.2737e-09
0.008601 9.2795e-09
0.0085782 9.2854e-09
0.0085555 9.2912e-09
0.0085329 9.2971e-09
0.0085103 9.303e-09
0.0084878 9.3089e-09
0.0084653 9.3148e-09
0.0084429 9.3207e-09
0.0084206 9.3266e-09
0.0083983 9.3325e-09
0.008376 9.3385e-09
0.0083539 9.3444e-09
0.0083318 9.3504e-09
0.0083097 9.3564e-09
0.0082877 9.3624e-09
0.0082658 9.3684e-09
0.0082439 9.3745e-09
0.0082221 9.3806e-09
0.0082004 9.3867e-09
0.0081787 9.3928e-09
0.008157 9.3989e-09
0.0081354 9.4051e-09
0.0081139 9.4113e-09
0.0080924 9.4176e-09
0.008071 9.4238e-09
0.0080496 9.4301e-09
0.0080283 9.4365e-09
0.0080071 9.4429e-09
0.0079859 9.4493e-09
0.0079648 9.4557e-09
0.0079437 9.4622e-09
0.0079227 9.4688e-09
0.0079017 9.4753e-09
0.0078808 9.4818e-09
0.0078599 9.4884e-09
0.0078391 9.4949e-09
0.0078184 9.5014e-09
0.0077977 9.508e-09
0.0077771 9.5145e-09
0.0077565 9.5211e-09
0.007736 9.5277e-09
0.0077155 9.5342e-09
0.0076951 9.5408e-09
0.0076747 9.5474e-09
0.0076544 9.554e-09
0.0076342 9.5605e-09
0.0076139 9.5671e-09
0.0075938 9.5737e-09
0.0075737 9.5803e-09
0.0075537 9.5869e-09
0.0075337 9.5935e-09
0.0075137 9.6001e-09
0.0074939 9.6068e-09
0.007474 9.6134e-09
0.0074542 9.62e-09
0.0074345 9.6266e-09
0.0074148 9.6333e-09
0.0073952 9.6399e-09
0.0073757 9.6465e-09
0.0073561 9.6532e-09
0.0073367 9.6598e-09
0.0073173 9.6665e-09
0.0072979 9.6732e-09
0.0072786 9.6798e-09
0.0072593 9.6865e-09
0.0072401 9.6932e-09
0.0072209 9.6999e-09
0.0072018 9.7065e-09
0.0071828 9.7132e-09
0.0071638 9.7199e-09
0.0071448 9.7266e-09
0.0071259 9.7333e-09
0.007107 9.74e-09
0.0070882 9.7468e-09
0.0070695 9.7535e-09
0.0070508 9.7602e-09
0.0070321 9.7669e-09
0.0070135 9.7737e-09
0.0069949 9.7804e-09
0.0069764 9.7871e-09
0.006958 9.7939e-09
0.0069396 9.8006e-09
0.0069212 9.8074e-09
0.0069029 9.8141e-09
0.0068846 9.8209e-09
0.0068664 9.8277e-09
0.0068482 9.8344e-09
0.0068301 9.8412e-09
0.006812 9.848e-09
0.006794 9.8548e-09
0.006776 9.8616e-09
0.0067581 9.8684e-09
0.0067402 9.8752e-09
0.0067224 9.882e-09
0.0067046 9.8888e-09
0.0066868 9.8956e-09
0.0066691 9.9024e-09
0.0066515 9.9093e-09
0.0066339 9.9161e-09
0.0066163 9.9229e-09
0.0065988 9.9298e-09
0.0065814 9.9366e-09
0.0065639 9.9435e-09
0.0065466 9.9503e-09
0.0065293 9.9572e-09
0.006512 9.964e-09
0.0064947 9.9709e-09
0.0064776 9.9778e-09
0.0064604 9.9846e-09
0.0064433 9.9915e-09
0.0064263 9.9984e-09
0.0064093 1.0005e-08
0.0063923 1.0012e-08
0.0063754 1.0019e-08
0.0063585 1.0026e-08
0.0063417 1.0033e-08
0.0063249 1.004e-08
0.0063082 1.0047e-08
0.0062915 1.0054e-08
0.0062748 1.0061e-08
0.0062582 1.0068e-08
0.0062417 1.0074e-08
0.0062251 1.0081e-08
0.0062087 1.0088e-08
0.0061922 1.0095e-08
0.0061758 1.0102e-08
0.0061595 1.0109e-08
0.0061432 1.0116e-08
0.0061269 1.0123e-08
0.0061107 1.013e-08
0.0060946 1.0137e-08
0.0060784 1.0144e-08
0.0060623 1.0151e-08
0.0060463 1.0158e-08
0.0060303 1.0165e-08
0.0060143 1.0172e-08
0.0059984 1.0179e-08
0.0059826 1.0186e-08
0.0059667 1.0193e-08
0.0059509 1.02e-08
0.0059352 1.0207e-08
0.0059195 1.0214e-08
0.0059038 1.0221e-08
0.0058882 1.0228e-08
0.0058726 1.0235e-08
0.0058571 1.0242e-08
0.0058416 1.0249e-08
0.0058261 1.0257e-08
0.0058107 1.0264e-08
0.0057953 1.0271e-08
0.00578 1.0278e-08
0.0057647 1.0285e-08
0.0057494 1.0292e-08
0.0057342 1.0299e-08
0.005719 1.0306e-08
0.0057039 1.0313e-08
0.0056888 1.032e-08
0.0056738 1.0327e-08
0.0056587 1.0335e-08
0.0056438 1.0342e-08
0.0056288 1.0349e-08
0.0056139 1.0356e-08
0.0055991 1.0363e-08
0.0055843 1.037e-08
0.0055695 1.0377e-08
0.0055547 1.0385e-08
0.00554 1.0392e-08
0.0055254 1.0399e-08
0.0055108 1.0406e-08
0.0054962 1.0413e-08
0.0054816 1.042e-08
0.0054671 1.0428e-08
0.0054527 1.0435e-08
0.0054382 1.0442e-08
0.0054238 1.0449e-08
0.0054095 1.0456e-08
0.0053952 1.0464e-08
0.0053809 1.0471e-08
0.0053667 1.0478e-08
0.0053525 1.0485e-08
0.0053383 1.0492e-08
0.0053242 1.05e-08
0.0053101 1.0507e-08
0.005296 1.0514e-08
0.005282 1.0521e-08
0.005268 1.0529e-08
0.0052541 1.0536e-08
0.0052402 1.0543e-08
0.0052263 1.055e-08
0.0052125 1.0558e-08
0.0051987 1.0565e-08
0.0051849 1.0572e-08
0.0051712 1.058e-08
0.0051575 1.0587e-08
0.0051439 1.0594e-08
0.0051303 1.0601e-08
0.0051167 1.0609e-08
0.0051032 1.0616e-08
0.0050897 1.0623e-08
0.0050762 1.0631e-08
0.0050627 1.0638e-08
0.0050494 1.0645e-08
0.005036 1.0653e-08
0.0050227 1.066e-08
0.0050094 1.0667e-08
0.0049961 1.0675e-08
0.0049829 1.0682e-08
0.0049697 1.0689e-08
0.0049566 1.0697e-08
0.0049434 1.0704e-08
0.0049304 1.0712e-08
0.0049173 1.0719e-08
0.0049043 1.0726e-08
0.0048913 1.0734e-08
0.0048784 1.0741e-08
0.0048655 1.0748e-08
0.0048526 1.0756e-08
0.0048397 1.0763e-08
0.0048269 1.0771e-08
0.0048142 1.0778e-08
0.0048014 1.0786e-08
0.0047887 1.0793e-08
0.004776 1.08e-08
0.0047634 1.0808e-08
0.0047508 1.0815e-08
0.0047382 1.0823e-08
0.0047257 1.083e-08
0.0047132 1.0838e-08
0.0047007 1.0845e-08
0.0046883 1.0853e-08
0.0046759 1.086e-08
0.0046635 1.0868e-08
0.0046512 1.0875e-08
0.0046388 1.0883e-08
0.0046266 1.089e-08
0.0046143 1.0898e-08
0.0046021 1.0905e-08
0.0045899 1.0913e-08
0.0045778 1.092e-08
0.0045657 1.0928e-08
0.0045536 1.0935e-08
0.0045415 1.0943e-08
0.0045295 1.095e-08
0.0045175 1.0958e-08
0.0045056 1.0965e-08
0.0044937 1.0973e-08
0.0044818 1.0981e-08
0.0044699 1.0988e-08
0.0044581 1.0996e-08
0.0044463 1.1003e-08
0.0044345 1.1011e-08
0.0044228 1.1018e-08
0.0044111 1.1026e-08
0.0043994 1.1034e-08
0.0043878 1.1041e-08
0.0043761 1.1049e-08
0.0043646 1.1056e-08
0.004353 1.1064e-08
0.0043415 1.1072e-08
0.00433 1.1079e-08
0.0043186 1.1087e-08
0.0043071 1.1095e-08
0.0042957 1.1102e-08
0.0042844 1.111e-08
0.004273 1.1118e-08
0.0042617 1.1125e-08
0.0042504 1.1133e-08
0.0042392 1.1141e-08
0.004228 1.1148e-08
0.0042168 1.1156e-08
0.0042056 1.1164e-08
0.0041945 1.1171e-08
0.0041834 1.1179e-08
0.0041723 1.1187e-08
0.0041613 1.1194e-08
0.0041503 1.1202e-08
0.0041393 1.121e-08
0.0041283 1.1218e-08
0.0041174 1.1225e-08
0.0041065 1.1233e-08
0.0040956 1.1241e-08
0.0040848 1.1249e-08
0.004074 1.1256e-08
0.0040632 1.1264e-08
0.0040525 1.1272e-08
0.0040417 1.128e-08
0.004031 1.1287e-08
0.0040204 1.1295e-08
0.0040097 1.1303e-08
0.0039991 1.1311e-08
0.0039885 1.1318e-08
0.003978 1.1326e-08
0.0039675 1.1334e-08
0.003957 1.1342e-08
0.0039465 1.1351e-08
0.003936 1.1359e-08
0.0039256 1.1367e-08
0.0039152 1.1376e-08
0.0039049 1.1385e-08
0.0038945 1.1394e-08
0.0038842 1.1403e-08
0.003874 1.1412e-08
0.0038637 1.1421e-08
0.0038535 1.143e-08
0.0038433 1.144e-08
0.0038331 1.1449e-08
0.003823 1.1459e-08
0.0038129 1.1469e-08
0.0038028 1.1478e-08
0.0037927 1.1488e-08
0.0037827 1.1498e-08
0.0037727 1.1508e-08
0.0037627 1.1518e-08
0.0037527 1.1528e-08
0.0037428 1.1538e-08
0.0037329 1.1548e-08
0.003723 1.1559e-08
0.0037131 1.1569e-08
0.0037033 1.1579e-08
0.0036935 1.1589e-08
0.0036837 1.16e-08
0.003674 1.161e-08
0.0036643 1.162e-08
0.0036546 1.163e-08
0.0036449 1.1641e-08
0.0036353 1.1651e-08
0.0036256 1.1661e-08
0.003616 1.1671e-08
0.0036065 1.1682e-08
0.0035969 1.1692e-08
0.0035874 1.1702e-08
0.0035779 1.1712e-08
0.0035685 1.1722e-08
0.003559 1.1732e-08
0.0035496 1.1742e-08
0.0035402 1.1751e-08
0.0035308 1.1761e-08
0.0035215 1.1771e-08
0.0035122 1.178e-08
0.0035029 1.179e-08
0.0034936 1.1799e-08
0.0034844 1.1808e-08
0.0034751 1.1818e-08
0.0034659 1.1827e-08
0.0034568 1.1836e-08
0.0034476 1.1844e-08
0.0034385 1.1853e-08
0.0034294 1.1861e-08
0.0034203 1.187e-08
0.0034113 1.1878e-08
0.0034022 1.1886e-08
0.0033932 1.1894e-08
0.0033843 1.1902e-08
0.0033753 1.1909e-08
0.0033664 1.1917e-08
0.0033575 1.1924e-08
0.0033486 1.1931e-08
0.0033397 1.1937e-08
0.0033309 1.1944e-08
0.0033221 1.195e-08
0.0033133 1.1956e-08
0.0033045 1.1962e-08
0.0032958 1.1968e-08
0.003287 1.1974e-08
0.0032783 1.1979e-08
0.0032697 1.1984e-08
0.003261 1.1988e-08
0.0032524 1.1993e-08
0.0032438 1.1997e-08
0.0032352 1.2001e-08
0.0032266 1.2005e-08
0.0032181 1.2008e-08
0.0032096 1.2011e-08
0.0032011 1.2014e-08
0.0031926 1.2016e-08
0.0031842 1.2018e-08
0.0031757 1.202e-08
0.0031673 1.2022e-08
0.003159 1.2023e-08
0.0031506 1.2024e-08
0.0031423 1.2025e-08
0.0031339 1.2027e-08
0.0031256 1.2028e-08
0.0031174 1.2029e-08
0.0031091 1.203e-08
0.0031009 1.2031e-08
0.0030927 1.2032e-08
0.0030845 1.2033e-08
0.0030763 1.2034e-08
0.0030682 1.2035e-08
0.0030601 1.2036e-08
0.003052 1.2036e-08
0.0030439 1.2037e-08
0.0030359 1.2038e-08
0.0030278 1.2039e-08
0.0030198 1.204e-08
0.0030118 1.2041e-08
0.0030038 1.2041e-08
0.0029959 1.2042e-08
0.002988 1.2043e-08
0.0029801 1.2044e-08
0.0029722 1.2044e-08
0.0029643 1.2045e-08
0.0029565 1.2046e-08
0.0029486 1.2046e-08
0.0029408 1.2047e-08
0.0029331 1.2048e-08
0.0029253 1.2048e-08
0.0029176 1.2049e-08
0.0029098 1.205e-08
0.0029021 1.205e-08
0.0028945 1.2051e-08
0.0028868 1.2051e-08
0.0028792 1.2052e-08
0.0028715 1.2053e-08
0.0028639 1.2053e-08
0.0028564 1.2054e-08
0.0028488 1.2054e-08
0.0028413 1.2055e-08
0.0028337 1.2055e-08
0.0028262 1.2056e-08
0.0028188 1.2056e-08
0.0028113 1.2057e-08
0.0028039 1.2057e-08
0.0027964 1.2058e-08
0.002789 1.2058e-08
0.0027817 1.2059e-08
0.0027743 1.2059e-08
0.002767 1.206e-08
0.0027596 1.206e-08
0.0027523 1.2061e-08
0.0027451 1.2061e-08
0.0027378 1.2062e-08
0.0027305 1.2062e-08
0.0027233 1.2062e-08
0.0027161 1.2063e-08
0.0027089 1.2063e-08
0.0027018 1.2064e-08
0.0026946 1.2064e-08
0.0026875 1.2065e-08
0.0026804 1.2065e-08
0.0026733 1.2066e-08
0.0026662 1.2066e-08
0.0026591 1.2067e-08
0.0026521 1.2067e-08
0.0026451 1.2068e-08
0.0026381 1.2068e-08
0.0026311 1.2068e-08
0.0026241 1.2069e-08
0.0026172 1.2069e-08
0.0026103 1.207e-08
0.0026034 1.207e-08
0.0025965 1.2071e-08
0.0025896 1.2072e-08
0.0025828 1.2072e-08
0.0025759 1.2073e-08
0.0025691 1.2073e-08
0.0025623 1.2074e-08
0.0025555 1.2074e-08
0.0025488 1.2075e-08
0.002542 1.2075e-08
0.0025353 1.2076e-08
0.0025286 1.2077e-08
0.0025219 1.2077e-08
0.0025152 1.2078e-08
0.0025086 1.2078e-08
0.0025019 1.2079e-08
0.0024953 1.208e-08
0.0024887 1.208e-08
0.0024821 1.2081e-08
0.0024755 1.2082e-08
0.002469 1.2082e-08
0.0024625 1.2083e-08
0.0024559 1.2084e-08
0.0024494 1.2084e-08
0.002443 1.2085e-08
0.0024365 1.2086e-08
0.00243 1.2086e-08
0.0024236 1.2087e-08
0.0024172 1.2087e-08
0.0024108 1.2088e-08
0.0024044 1.2089e-08
0.0023981 1.2089e-08
0.0023917 1.209e-08
0.0023854 1.2091e-08
0.0023791 1.2091e-08
0.0023728 1.2092e-08
0.0023665 1.2093e-08
0.0023602 1.2093e-08
0.002354 1.2094e-08
0.0023478 1.2094e-08
0.0023415 1.2095e-08
0.0023353 1.2096e-08
0.0023292 1.2096e-08
0.002323 1.2097e-08
0.0023169 1.2098e-08
0.0023107 1.2098e-08
0.0023046 1.2099e-08
0.0022985 1.21e-08
0.0022924 1.21e-08
0.0022864 1.2101e-08
0.0022803 1.2102e-08
0.0022743 1.2102e-08
0.0022683 1.2103e-08
0.0022623 1.2103e-08
0.0022563 1.2104e-08
0.0022503 1.2105e-08
0.0022443 1.2105e-08
0.0022384 1.2106e-08
0.0022325 1.2107e-08
0.0022266 1.2107e-08
0.0022207 1.2108e-08
0.0022148 1.2109e-08
0.0022089 1.2109e-08
0.0022031 1.211e-08
0.0021973 1.2111e-08
0.0021915 1.2111e-08
0.0021857 1.2112e-08
0.0021799 1.2112e-08
0.0021741 1.2113e-08
0.0021684 1.2114e-08
0.0021626 1.2114e-08
0.0021569 1.2115e-08
0.0021512 1.2116e-08
0.0021455 1.2116e-08
0.0021398 1.2117e-08
0.0021341 1.2118e-08
0.0021285 1.2118e-08
0.0021229 1.2119e-08
0.0021173 1.2119e-08
0.0021116 1.212e-08
0.0021061 1.2121e-08
0.0021005 1.2121e-08
0.0020949 1.2122e-08
0.0020894 1.2123e-08
0.0020839 1.2123e-08
0.0020783 1.2124e-08
0.0020728 1.2125e-08
0.0020674 1.2125e-08
0.0020619 1.2126e-08
0.0020564 1.2127e-08
0.002051 1.2127e-08
0.0020456 1.2128e-08
0.0020401 1.2128e-08
0.0020347 1.2129e-08
0.0020294 1.213e-08
0.002024 1.213e-08
0.0020186 1.2131e-08
0.0020133 1.2132e-08
0.002008 1.2132e-08
0.0020027 1.2133e-08
0.0019974 1.2134e-08
0.0019921 1.2134e-08
0.0019868 1.2135e-08
0.0019815 1.2136e-08
0.0019763 1.2136e-08
0.0019711 1.2137e-08
0.0019658 1.2137e-08
0.0019606 1.2138e-08
0.0019555 1.2139e-08
0.0019503 1.2139e-08
0.0019451 1.214e-08
0.00194 1.2141e-08
0.0019348 1.2141e-08
0.0019297 1.2142e-08
0.0019246 1.2143e-08
0.0019195 1.2143e-08
0.0019144 1.2144e-08
0.0019094 1.2145e-08
0.0019043 1.2145e-08
0.0018993 1.2146e-08
0.0018943 1.2147e-08
0.0018892 1.2147e-08
0.0018842 1.2148e-08
0.0018793 1.2148e-08
0.0018743 1.2149e-08
0.0018693 1.215e-08
0.0018644 1.215e-08
0.0018594 1.2151e-08
0.0018545 1.2152e-08
0.0018496 1.2152e-08
0.0018447 1.2153e-08
0.0018398 1.2154e-08
0.001835 1.2154e-08
0.0018301 1.2155e-08
0.0018253 1.2156e-08
0.0018204 1.2156e-08
0.0018156 1.2157e-08
0.0018108 1.2157e-08
0.001806 1.2158e-08
0.0018012 1.2159e-08
0.0017965 1.2159e-08
0.0017917 1.216e-08
0.001787 1.2161e-08
0.0017823 1.2161e-08
0.0017775 1.2162e-08
0.0017728 1.2163e-08
0.0017681 1.2163e-08
0.0017635 1.2164e-08
0.0017588 1.2165e-08
0.0017541 1.2165e-08
0.0017495 1.2166e-08
0.0017449 1.2166e-08
0.0017403 1.2167e-08
0.0017356 1.2168e-08
0.0017311 1.2168e-08
0.0017265 1.2169e-08
0.0017219 1.217e-08
0.0017174 1.217e-08
0.0017128 1.2171e-08
0.0017083 1.2172e-08
0.0017038 1.2172e-08
0.0016992 1.2173e-08
0.0016947 1.2174e-08
0.0016903 1.2174e-08
0.0016858 1.2175e-08
0.0016813 1.2176e-08
0.0016769 1.2176e-08
0.0016724 1.2177e-08
0.001668 1.2177e-08
0.0016636 1.2178e-08
0.0016592 1.2179e-08
0.0016548 1.2179e-08
0.0016504 1.218e-08
0.0016461 1.2181e-08
0.0016417 1.2181e-08
0.0016374 1.2182e-08
0.001633 1.2183e-08
0.0016287 1.2183e-08
0.0016244 1.2184e-08
0.0016201 1.2185e-08
0.0016158 1.2185e-08
0.0016115 1.2186e-08
0.0016073 1.2186e-08
0.001603 1.2187e-08
0.0015988 1.2188e-08
0.0015945 1.2188e-08
0.0015903 1.2189e-08
0.0015861 1.219e-08
0.0015819 1.219e-08
0.0015777 1.2191e-08
0.0015736 1.2192e-08
0.0015694 1.2192e-08
0.0015652 1.2193e-08
0.0015611 1.2194e-08
0.001557 1.2194e-08
0.0015528 1.2195e-08
0.0015487 1.2196e-08
0.0015446 1.2196e-08
0.0015406 1.2197e-08
0.0015365 1.2197e-08
0.0015324 1.2198e-08
0.0015284 1.2199e-08
0.0015243 1.2199e-08
0.0015203 1.22e-08
0.0015163 1.2201e-08
0.0015122 1.2201e-08
0.0015082 1.2202e-08
0.0015042 1.2203e-08
0.0015003 1.2203e-08
0.0014963 1.2204e-08
0.0014923 1.2205e-08
0.0014884 1.2205e-08
0.0014844 1.2206e-08
0.0014805 1.2207e-08
0.0014766 1.2207e-08
0.0014727 1.2208e-08
0.0014688 1.2208e-08
0.0014649 1.2209e-08
0.001461 1.221e-08
0.0014572 1.221e-08
0.0014533 1.2211e-08
0.0014495 1.2212e-08
0.0014456 1.2212e-08
0.0014418 1.2213e-08
0.001438 1.2214e-08
0.0014342 1.2214e-08
0.0014304 1.2215e-08
0.0014266 1.2216e-08
0.0014228 1.2216e-08
0.0014191 1.2217e-08
0.0014153 1.2218e-08
0.0014116 1.2218e-08
0.0014078 1.2219e-08
0.0014041 1.2219e-08
0.0014004 1.222e-08
0.0013967 1.2221e-08
0.001393 1.2221e-08
0.0013893 1.2222e-08
0.0013856 1.2223e-08
0.001382 1.2223e-08
0.0013783 1.2224e-08
0.0013746 1.2225e-08
0.001371 1.2225e-08
0.0013674 1.2226e-08
0.0013638 1.2227e-08
0.0013602 1.2227e-08
0.0013566 1.2228e-08
0.001353 1.2229e-08
0.0013494 1.2229e-08
0.0013458 1.223e-08
0.0013423 1.223e-08
0.0013387 1.2231e-08
0.0013352 1.2232e-08
0.0013316 1.2232e-08
0.0013281 1.2233e-08
0.0013246 1.2234e-08
0.0013211 1.2234e-08
0.0013176 1.2235e-08
0.0013141 1.2236e-08
0.0013106 1.2236e-08
0.0013072 1.2237e-08
0.0013037 1.2238e-08
0.0013002 1.2238e-08
0.0012968 1.2239e-08
0.0012934 1.224e-08
0.0012899 1.224e-08
0.0012865 1.2241e-08
0.0012831 1.2241e-08
0.0012797 1.2242e-08
0.0012763 1.2243e-08
0.001273 1.2243e-08
0.0012696 1.2244e-08
0.0012662 1.2245e-08
0.0012629 1.2245e-08
0.0012595 1.2246e-08
0.0012562 1.2247e-08
0.0012529 1.2247e-08
0.0012496 1.2248e-08
0.0012463 1.2249e-08
0.001243 1.2249e-08
0.0012397 1.225e-08
0.0012364 1.2251e-08
0.0012331 1.2252e-08
0.0012299 1.2252e-08
0.0012266 1.2253e-08
0.0012234 1.2254e-08
0.0012201 1.2255e-08
0.0012169 1.2256e-08
0.0012137 1.2256e-08
0.0012105 1.2257e-08
0.0012073 1.2258e-08
0.0012041 1.2259e-08
0.0012009 1.226e-08
0.0011977 1.226e-08
0.0011945 1.2261e-08
0.0011914 1.2262e-08
0.0011882 1.2263e-08
0.0011851 1.2264e-08
0.0011819 1.2265e-08
0.0011788 1.2266e-08
0.0011757 1.2266e-08
0.0011726 1.2267e-08
0.0011695 1.2268e-08
0.0011664 1.2269e-08
0.0011633 1.227e-08
0.0011602 1.2271e-08
0.0011571 1.2272e-08
0.0011541 1.2272e-08
0.001151 1.2273e-08
0.001148 1.2274e-08
0.0011449 1.2275e-08
0.0011419 1.2276e-08
0.0011389 1.2277e-08
0.0011359 1.2278e-08
0.0011329 1.2278e-08
0.0011299 1.2279e-08
0.0011269 1.228e-08
0.0011239 1.2281e-08
0.0011209 1.2282e-08
0.001118 1.2283e-08
0.001115 1.2283e-08
0.0011121 1.2284e-08
0.0011091 1.2285e-08
0.0011062 1.2286e-08
0.0011033 1.2286e-08
0.0011003 1.2287e-08
0.0010974 1.2288e-08
0.0010945 1.2289e-08
0.0010916 1.2289e-08
0.0010887 1.229e-08
0.0010859 1.2291e-08
0.001083 1.2291e-08
0.0010801 1.2292e-08
0.0010773 1.2293e-08
0.0010744 1.2293e-08
0.0010716 1.2294e-08
0.0010687 1.2295e-08
0.0010659 1.2295e-08
0.0010631 1.2296e-08
0.0010603 1.2296e-08
0.0010575 1.2297e-08
0.0010547 1.2297e-08
0.0010519 1.2298e-08
0.0010491 1.2298e-08
0.0010463 1.2299e-08
0.0010435 1.2299e-08
0.0010408 1.23e-08
0.001038 1.23e-08
0.0010353 1.23e-08
0.0010325 1.2301e-08
0.0010298 1.2301e-08
0.0010271 1.2301e-08
0.0010244 1.2302e-08
0.0010216 1.2302e-08
0.0010189 1.2302e-08
0.0010162 1.2302e-08
0.0010136 1.2302e-08
0.0010109 1.2302e-08
0.0010082 1.2303e-08
0.0010055 1.2303e-08
0.0010029 1.2303e-08
0.0010002 1.2303e-08
0.00099757 1.2303e-08
0.00099493 1.2303e-08
0.0009923 1.2303e-08
0.00098967 1.2303e-08
0.00098705 1.2303e-08
0.00098444 1.2303e-08
0.00098184 1.2303e-08
0.00097924 1.2303e-08
0.00097665 1.2303e-08
0.00097406 1.2303e-08
0.00097149 1.2303e-08
0.00096891 1.2303e-08
0.00096635 1.2303e-08
0.00096379 1.2303e-08
0.00096124 1.2303e-08
0.0009587 1.2303e-08
0.00095616 1.2303e-08
0.00095363 1.2303e-08
0.00095111 1.2303e-08
0.00094859 1.2303e-08
0.00094608 1.2303e-08
0.00094358 1.2303e-08
0.00094108 1.2303e-08
0.00093859 1.2303e-08
0.00093611 1.2303e-08
0.00093363 1.2303e-08
0.00093116 1.2303e-08
0.00092869 1.2303e-08
0.00092624 1.2303e-08
0.00092379 1.2303e-08
0.00092134 1.2303e-08
0.0009189 1.2303e-08
0.00091647 1.2303e-08
0.00091405 1.2303e-08
0.00091163 1.2303e-08
0.00090921 1.2303e-08
0.00090681 1.2303e-08
0.00090441 1.2303e-08
0.00090202 1.2303e-08
0.00089963 1.2303e-08
0.00089725 1.2303e-08
0.00089487 1.2303e-08
0.0008925 1.2303e-08
0.00089014 1.2303e-08
0.00088779 1.2303e-08
0.00088544 1.2303e-08
0.00088309 1.2303e-08
0.00088076 1.2303e-08
0.00087843 1.2303e-08
0.0008761 1.2303e-08
0.00087378 1.2303e-08
0.00087147 1.2303e-08
0.00086917 1.2303e-08
0.00086687 1.2303e-08
0.00086457 1.2303e-08
0.00086228 1.2303e-08
0.00086 1.2303e-08
0.00085773 1.2303e-08
0.00085546 1.2303e-08
0.00085319 1.2303e-08
0.00085093 1.2303e-08
0.00084868 1.2303e-08
0.00084644 1.2303e-08
0.0008442 1.2303e-08
0.00084196 1.2303e-08
0.00083973 1.2303e-08
0.00083751 1.2303e-08
0.0008353 1.2303e-08
0.00083309 1.2303e-08
0.00083088 1.2303e-08
0.00082868 1.2303e-08
0.00082649 1.2303e-08
0.0008243 1.2303e-08
0.00082212 1.2303e-08
0.00081995 1.2303e-08
0.00081778 1.2303e-08
0.00081561 1.2303e-08
0.00081345 1.2303e-08
0.0008113 1.2303e-08
0.00080915 1.2303e-08
0.00080701 1.2303e-08
0.00080488 1.2303e-08
0.00080275 1.2303e-08
0.00080062 1.2303e-08
0.0007985 1.2303e-08
0.00079639 1.2303e-08
0.00079428 1.2303e-08
0.00079218 1.2303e-08
0.00079008 1.2303e-08
0.00078799 1.2303e-08
0.00078591 1.2303e-08
0.00078383 1.2303e-08
0.00078175 1.2303e-08
0.00077969 1.2303e-08
0.00077762 1.2303e-08
0.00077556 1.2303e-08
0.00077351 1.2303e-08
0.00077147 1.2303e-08
0.00076942 1.2303e-08
0.00076739 1.2303e-08
0.00076536 1.2303e-08
0.00076333 1.2303e-08
0.00076131 1.2303e-08
0.0007593 1.2303e-08
0.00075729 1.2303e-08
0.00075528 1.2303e-08
0.00075328 1.2303e-08
0.00075129 1.2303e-08
0.0007493 1.2303e-08
0.00074732 1.2303e-08
0.00074534 1.2303e-08
0.00074337 1.2303e-08
0.0007414 1.2303e-08
0.00073944 1.2303e-08
0.00073748 1.2303e-08
0.00073553 1.2303e-08
0.00073359 1.2303e-08
0.00073164 1.2303e-08
0.00072971 1.2303e-08
0.00072778 1.2303e-08
0.00072585 1.2303e-08
0.00072393 1.2303e-08
0.00072202 1.2303e-08
0.0007201 1.2303e-08
0.0007182 1.2303e-08
0.0007163 1.2303e-08
0.0007144 1.2303e-08
0.00071251 1.2303e-08
0.00071063 1.2303e-08
0.00070875 1.2303e-08
0.00070687 1.2303e-08
0.000705 1.2303e-08
0.00070313 1.2303e-08
0.00070127 1.2303e-08
0.00069942 1.2303e-08
0.00069757 1.2303e-08
0.00069572 1.2303e-08
0.00069388 1.2303e-08
0.00069204 1.2303e-08
0.00069021 1.2303e-08
0.00068839 1.2303e-08
0.00068656 1.2303e-08
0.00068475 1.2303e-08
0.00068294 1.2303e-08
0.00068113 1.2303e-08
0.00067933 1.2303e-08
0.00067753 1.2303e-08
0.00067573 1.2303e-08
0.00067395 1.2303e-08
0.00067216 1.2303e-08
0.00067038 1.2303e-08
0.00066861 1.2303e-08
0.00066684 1.2303e-08
0.00066508 1.2303e-08
0.00066332 1.2303e-08
0.00066156 1.2303e-08
0.00065981 1.2303e-08
0.00065806 1.2303e-08
0.00065632 1.2303e-08
0.00065459 1.2303e-08
0.00065285 1.2303e-08
0.00065113 1.2303e-08
0.0006494 1.2303e-08
0.00064768 1.2303e-08
0.00064597 1.2303e-08
0.00064426 1.2303e-08
0.00064256 1.2303e-08
0.00064086 1.2303e-08
0.00063916 1.2303e-08
0.00063747 1.2303e-08
0.00063578 1.2303e-08
0.0006341 1.2303e-08
0.00063242 1.2303e-08
0.00063075 1.2303e-08
0.00062908 1.2303e-08
0.00062741 1.2303e-08
0.00062575 1.2303e-08
0.0006241 1.2303e-08
0.00062245 1.2303e-08
0.0006208 1.2303e-08
0.00061916 1.2303e-08
0.00061752 1.2303e-08
0.00061588 1.2303e-08
0.00061425 1.2303e-08
0.00061263 1.2303e-08
0.00061101 1.2303e-08
0.00060939 1.2303e-08
0.00060778 1.2303e-08
0.00060617 1.2303e-08
0.00060456 1.2303e-08
0.00060296 1.2303e-08
0.00060137 1.2303e-08
0.00059978 1.2303e-08
0.00059819 1.2303e-08
0.00059661 1.2303e-08
0.00059503 1.2303e-08
0.00059345 1.2303e-08
0.00059188 1.2303e-08
0.00059032 1.2303e-08
0.00058875 1.2303e-08
0.0005872 1.2303e-08
0.00058564 1.2303e-08
0.00058409 1.2303e-08
0.00058255 1.2303e-08
0.00058101 1.2303e-08
0.00057947 1.2303e-08
0.00057793 1.2303e-08
0.00057641 1.2303e-08
0.00057488 1.2303e-08
0.00057336 1.2303e-08
0.00057184 1.2303e-08
0.00057033 1.2303e-08
0.00056882 1.2303e-08
0.00056731 1.2303e-08
0.00056581 1.2303e-08
0.00056432 1.2303e-08
0.00056282 1.2303e-08
0.00056133 1.2303e-08
0.00055985 1.2303e-08
0.00055837 1.2303e-08
0.00055689 1.2303e-08
0.00055541 1.2303e-08
0.00055394 1.2303e-08
0.00055248 1.2303e-08
0.00055102 1.2303e-08
0.00054956 1.2303e-08
0.0005481 1.2303e-08
0.00054665 1.2303e-08
0.00054521 1.2303e-08
0.00054376 1.2303e-08
0.00054233 1.2303e-08
0.00054089 1.2303e-08
0.00053946 1.2303e-08
0.00053803 1.2303e-08
0.00053661 1.2303e-08
0.00053519 1.2303e-08
0.00053377 1.2303e-08
0.00053236 1.2303e-08
0.00053095 1.2303e-08
0.00052954 1.2303e-08
0.00052814 1.2303e-08
0.00052675 1.2303e-08
0.00052535 1.2303e-08
0.00052396 1.2303e-08
0.00052257 1.2303e-08
0.00052119 1.2303e-08
0.00051981 1.2303e-08
0.00051844 1.2303e-08
0.00051707 1.2303e-08
0.0005157 1.2303e-08
0.00051433 1.2303e-08
0.00051297 1.2303e-08
0.00051161 1.2303e-08
0.00051026 1.2303e-08
0.00050891 1.2303e-08
0.00050756 1.2303e-08
0.00050622 1.2303e-08
0.00050488 1.2303e-08
0.00050354 1.2303e-08
0.00050221 1.2303e-08
0.00050088 1.2303e-08
0.00049956 1.2303e-08
0.00049823 1.2303e-08
0.00049692 1.2303e-08
0.0004956 1.2303e-08
0.00049429 1.2303e-08
0.00049298 1.2303e-08
0.00049168 1.2303e-08
0.00049038 1.2303e-08
0.00048908 1.2303e-08
0.00048778 1.2303e-08
0.00048649 1.2303e-08
0.00048521 1.2303e-08
0.00048392 1.2303e-08
0.00048264 1.2303e-08
0.00048136 1.2303e-08
0.00048009 1.2303e-08
0.00047882 1.2303e-08
0.00047755 1.2303e-08
0.00047629 1.2303e-08
0.00047503 1.2303e-08
0.00047377 1.2303e-08
0.00047252 1.2303e-08
0.00047127 1.2303e-08
0.00047002 1.2303e-08
0.00046878 1.2303e-08
0.00046754 1.2303e-08
0.0004663 1.2303e-08
0.00046506 1.2303e-08
0.00046383 1.2303e-08
0.00046261 1.2303e-08
0.00046138 1.2303e-08
0.00046016 1.2303e-08
0.00045894 1.2303e-08
0.00045773 1.2303e-08
0.00045652 1.2303e-08
0.00045531 1.2303e-08
0.0004541 1.2303e-08
0.0004529 1.2303e-08
0.0004517 1.2303e-08
0.00045051 1.2303e-08
0.00044932 1.2303e-08
0.00044813 1.2303e-08
0.00044694 1.2303e-08
0.00044576 1.2303e-08
0.00044458 1.2303e-08
0.0004434 1.2303e-08
0.00044223 1.2303e-08
0.00044106 1.2303e-08
0.00043989 1.2303e-08
0.00043873 1.2303e-08
0.00043757 1.2303e-08
0.00043641 1.2303e-08
0.00043525 1.2303e-08
0.0004341 1.2303e-08
0.00043295 1.2303e-08
0.00043181 1.2303e-08
0.00043067 1.2303e-08
0.00042953 1.2303e-08
0.00042839 1.2303e-08
0.00042726 1.2303e-08
0.00042612 1.2303e-08
0.000425 1.2303e-08
0.00042387 1.2303e-08
0.00042275 1.2303e-08
0.00042163 1.2303e-08
0.00042052 1.2303e-08
0.0004194 1.2303e-08
0.00041829 1.2303e-08
0.00041719 1.2303e-08
0.00041608 1.2303e-08
0.00041498 1.2303e-08
0.00041388 1.2303e-08
0.00041279 1.2303e-08
0.0004117 1.2303e-08
0.00041061 1.2303e-08
0.00040952 1.2303e-08
0.00040844 1.2303e-08
0.00040735 1.2303e-08
0.00040628 1.2303e-08
0.0004052 1.2303e-08
0.00040413 1.2303e-08
0.00040306 1.2303e-08
0.00040199 1.2303e-08
0.00040093 1.2303e-08
0.00039987 1.2303e-08
0.00039881 1.2303e-08
0.00039776 1.2303e-08
0.0003967 1.2303e-08
0.00039565 1.2303e-08
0.00039461 1.2303e-08
0.00039356 1.2303e-08
0.00039252 1.2303e-08
0.00039148 1.2303e-08
0.00039045 1.2303e-08
0.00038941 1.2303e-08
0.00038838 1.2303e-08
0.00038735 1.2303e-08
0.00038633 1.2303e-08
0.00038531 1.2303e-08
0.00038429 1.2303e-08
0.00038327 1.2303e-08
0.00038226 1.2303e-08
0.00038124 1.2303e-08
0.00038024 1.2303e-08
0.00037923 1.2303e-08
0.00037823 1.2303e-08
0.00037722 1.2303e-08
0.00037623 1.2303e-08
0.00037523 1.2303e-08
0.00037424 1.2303e-08
0.00037325 1.2303e-08
0.00037226 1.2303e-08
0.00037127 1.2303e-08
0.00037029 1.2303e-08
0.00036931 1.2303e-08
0.00036833 1.2303e-08
0.00036736 1.2303e-08
0.00036639 1.2303e-08
0.00036542 1.2303e-08
0.00036445 1.2303e-08
0.00036349 1.2303e-08
0.00036252 1.2303e-08
0.00036157 1.2303e-08
0.00036061 1.2303e-08
0.00035965 1.2303e-08
0.0003587 1.2303e-08
0.00035775 1.2303e-08
0.00035681 1.2303e-08
0.00035586 1.2303e-08
0.00035492 1.2303e-08
0.00035398 1.2303e-08
0.00035304 1.2303e-08
0.00035211 1.2303e-08
0.00035118 1.2303e-08
0.00035025 1.2303e-08
0.00034932 1.2303e-08
0.0003484 1.2303e-08
0.00034748 1.2303e-08
0.00034656 1.2303e-08
0.00034564 1.2303e-08
0.00034472 1.2303e-08
0.00034381 1.2303e-08
0.0003429 1.2303e-08
0.000342 1.2303e-08
0.00034109 1.2303e-08
0.00034019 1.2303e-08
0.00033929 1.2303e-08
0.00033839 1.2303e-08
0.00033749 1.2303e-08
0.0003366 1.2303e-08
0.00033571 1.2303e-08
0.00033482 1.2303e-08
0.00033394 1.2303e-08
0.00033305 1.2303e-08
0.00033217 1.2303e-08
0.00033129 1.2303e-08
0.00033041 1.2303e-08
0.00032954 1.2303e-08
0.00032867 1.2303e-08
0.0003278 1.2303e-08
0.00032693 1.2303e-08
0.00032607 1.2303e-08
0.0003252 1.2303e-08
0.00032434 1.2303e-08
0.00032348 1.2303e-08
0.00032263 1.2303e-08
0.00032177 1.2303e-08
0.00032092 1.2303e-08
0.00032007 1.2303e-08
0.00031923 1.2303e-08
0.00031838 1.2303e-08
0.00031754 1.2303e-08
0.0003167 1.2303e-08
0.00031586 1.2303e-08
0.00031503 1.2303e-08
0.00031419 1.2303e-08
0.00031336 1.2303e-08
0.00031253 1.2303e-08
0.0003117 1.2303e-08
0.00031088 1.2303e-08
0.00031006 1.2303e-08
0.00030924 1.2303e-08
0.00030842 1.2303e-08
0.0003076 1.2303e-08
0.00030679 1.2303e-08
0.00030598 1.2303e-08
0.00030517 1.2303e-08
0.00030436 1.2303e-08
0.00030355 1.2303e-08
0.00030275 1.2303e-08
0.00030195 1.2303e-08
0.00030115 1.2303e-08
0.00030035 1.2303e-08
0.00029956 1.2303e-08
0.00029876 1.2303e-08
0.00029797 1.2303e-08
0.00029719 1.2303e-08
0.0002964 1.2303e-08
0.00029561 1.2303e-08
0.00029483 1.2303e-08
0.00029405 1.2303e-08
0.00029327 1.2303e-08
0.0002925 1.2303e-08
0.00029172 1.2303e-08
0.00029095 1.2303e-08
0.00029018 1.2303e-08
0.00028941 1.2303e-08
0.00028865 1.2303e-08
0.00028788 1.2303e-08
0.00028712 1.2303e-08
0.00028636 1.2303e-08
0.0002856 1.2303e-08
0.00028485 1.2303e-08
0.0002841 1.2303e-08
0.00028334 1.2303e-08
0.00028259 1.2303e-08
0.00028185 1.2303e-08
0.0002811 1.2303e-08
0.00028036 1.2303e-08
0.00027961 1.2303e-08
0.00027887 1.2303e-08
0.00027814 1.2303e-08
0.0002774 1.2303e-08
0.00027667 1.2303e-08
0.00027593 1.2303e-08
0.0002752 1.2303e-08
0.00027448 1.2303e-08
0.00027375 1.2303e-08
0.00027302 1.2303e-08
0.0002723 1.2303e-08
0.00027158 1.2303e-08
0.00027086 1.2303e-08
0.00027015 1.2303e-08
0.00026943 1.2303e-08
0.00026872 1.2303e-08
0.00026801 1.2303e-08
0.0002673 1.2303e-08
0.00026659 1.2303e-08
0.00026588 1.2303e-08
0.00026518 1.2303e-08
0.00026448 1.2303e-08
0.00026378 1.2303e-08
0.00026308 1.2303e-08
0.00026239 1.2303e-08
0.00026169 1.2303e-08
0.000261 1.2303e-08
0.00026031 1.2303e-08
0.00025962 1.2303e-08
0.00025893 1.2303e-08
0.00025825 1.2303e-08
0.00025756 1.2303e-08
0.00025688 1.2303e-08
0.0002562 1.2303e-08
0.00025552 1.2303e-08
0.00025485 1.2303e-08
0.00025417 1.2303e-08
0.0002535 1.2303e-08
0.00025283 1.2303e-08
0.00025216 1.2303e-08
0.00025149 1.2303e-08
0.00025083 1.2303e-08
0.00025016 1.2303e-08
0.0002495 1.2303e-08
0.00024884 1.2303e-08
0.00024818 1.2303e-08
0.00024753 1.2303e-08
0.00024687 1.2303e-08
0.00024622 1.2303e-08
0.00024557 1.2303e-08
0.00024492 1.2303e-08
0.00024427 1.2303e-08
0.00024362 1.2303e-08
0.00024298 1.2303e-08
0.00024233 1.2303e-08
0.00024169 1.2303e-08
0.00024105 1.2303e-08
0.00024042 1.2303e-08
0.00023978 1.2303e-08
0.00023915 1.2303e-08
0.00023851 1.2303e-08
0.00023788 1.2303e-08
0.00023725 1.2303e-08
0.00023662 1.2303e-08
0.000236 1.2303e-08
0.00023537 1.2303e-08
0.00023475 1.2303e-08
0.00023413 1.2303e-08
0.00023351 1.2303e-08
0.00023289 1.2303e-08
0.00023228 1.2303e-08
0.00023166 1.2303e-08
0.00023105 1.2303e-08
0.00023044 1.2303e-08
0.00022983 1.2303e-08
0.00022922 1.2303e-08
0.00022861 1.2303e-08
0.00022801 1.2303e-08
0.0002274 1.2303e-08
0.0002268 1.2303e-08
0.0002262 1.2303e-08
0.0002256 1.2303e-08
0.00022501 1.2303e-08
0.00022441 1.2303e-08
0.00022382 1.2303e-08
0.00022322 1.2303e-08
0.00022263 1.2303e-08
0.00022204 1.2303e-08
0.00022146 1.2303e-08
0.00022087 1.2303e-08
0.00022029 1.2303e-08
0.0002197 1.2303e-08
0.00021912 1.2303e-08
0.00021854 1.2303e-08
0.00021796 1.2303e-08
0.00021739 1.2303e-08
0.00021681 1.2303e-08
0.00021624 1.2303e-08
0.00021567 1.2303e-08
0.00021509 1.2303e-08
0.00021453 1.2303e-08
0.00021396 1.2303e-08
0.00021339 1.2303e-08
0.00021283 1.2303e-08
0.00021226 1.2303e-08
0.0002117 1.2303e-08
0.00021114 1.2303e-08
0.00021058 1.2303e-08
0.00021003 1.2303e-08
0.00020947 1.2303e-08
0.00020892 1.2303e-08
0.00020836 1.2303e-08
0.00020781 1.2303e-08
0.00020726 1.2303e-08
0.00020671 1.2303e-08
0.00020617 1.2303e-08
0.00020562 1.2303e-08
0.00020508 1.2303e-08
0.00020453 1.2303e-08
0.00020399 1.2303e-08
0.00020345 1.2303e-08
0.00020291 1.2303e-08
0.00020238 1.2303e-08
0.00020184 1.2303e-08
0.00020131 1.2303e-08
0.00020077 1.2303e-08
0.00020024 1.2303e-08
0.00019971 1.2303e-08
0.00019918 1.2303e-08
0.00019866 1.2303e-08
0.00019813 1.2303e-08
0.00019761 1.2303e-08
0.00019708 1.2303e-08
0.00019656 1.2303e-08
0.00019604 1.2303e-08
0.00019552 1.2303e-08
0.00019501 1.2303e-08
0.00019449 1.2303e-08
0.00019398 1.2303e-08
0.00019346 1.2303e-08
0.00019295 1.2303e-08
0.00019244 1.2303e-08
0.00019193 1.2303e-08
0.00019142 1.2303e-08
0.00019092 1.2303e-08
0.00019041 1.2303e-08
0.00018991 1.2303e-08
0.0001894 1.2303e-08
0.0001889 1.2303e-08
0.0001884 1.2303e-08
0.00018791 1.2303e-08
0.00018741 1.2303e-08
0.00018691 1.2303e-08
0.00018642 1.2303e-08
0.00018592 1.2303e-08
0.00018543 1.2303e-08
0.00018494 1.2303e-08
0.00018445 1.2303e-08
0.00018396 1.2303e-08
0.00018348 1.2303e-08
0.00018299 1.2303e-08
0.00018251 1.2303e-08
0.00018202 1.2303e-08
0.00018154 1.2303e-08
0.00018106 1.2303e-08
0.00018058 1.2303e-08
0.0001801 1.2303e-08
0.00017963 1.2303e-08
0.00017915 1.2303e-08
0.00017868 1.2303e-08
0.00017821 1.2303e-08
0.00017773 1.2303e-08
0.00017726 1.2303e-08
0.0001768 1.2303e-08
0.00017633 1.2303e-08
0.00017586 1.2303e-08
0.0001754 1.2303e-08
0.00017493 1.2303e-08
0.00017447 1.2303e-08
0.00017401 1.2303e-08
0.00017355 1.2303e-08
0.00017309 1.2303e-08
0.00017263 1.2303e-08
0.00017217 1.2303e-08
0.00017172 1.2303e-08
0.00017126 1.2303e-08
0.00017081 1.2303e-08
0.00017036 1.2303e-08
0.00016991 1.2303e-08
0.00016946 1.2303e-08
0.00016901 1.2303e-08
0.00016856 1.2303e-08
0.00016811 1.2303e-08
0.00016767 1.2303e-08
0.00016723 1.2303e-08
0.00016678 1.2303e-08
0.00016634 1.2303e-08
0.0001659 1.2303e-08
0.00016546 1.2303e-08
0.00016502 1.2303e-08
0.00016459 1.2303e-08
0.00016415 1.2303e-08
0.00016372 1.2303e-08
0.00016328 1.2303e-08
0.00016285 1.2303e-08
0.00016242 1.2303e-08
0.00016199 1.2303e-08
0.00016156 1.2303e-08
0.00016114 1.2303e-08
0.00016071 1.2303e-08
0.00016028 1.2303e-08
0.00015986 1.2303e-08
0.00015944 1.2303e-08
0.00015901 1.2303e-08
0.00015859 1.2303e-08
0.00015817 1.2303e-08
0.00015776 1.2303e-08
0.00015734 1.2303e-08
0.00015692 1.2303e-08
0.00015651 1.2303e-08
0.00015609 1.2303e-08
0.00015568 1.2303e-08
0.00015527 1.2303e-08
0.00015486 1.2303e-08
0.00015445 1.2303e-08
0.00015404 1.2303e-08
0.00015363 1.2303e-08
0.00015322 1.2303e-08
0.00015282 1.2303e-08
0.00015241 1.2303e-08
0.00015201 1.2303e-08
0.00015161 1.2303e-08
0.00015121 1.2303e-08
0.00015081 1.2303e-08
0.00015041 1.2303e-08
0.00015001 1.2303e-08
0.00014961 1.2303e-08
0.00014922 1.2303e-08
0.00014882 1.2303e-08
0.00014843 1.2303e-08
0.00014804 1.2303e-08
0.00014764 1.2303e-08
0.00014725 1.2303e-08
0.00014686 1.2303e-08
0.00014647 1.2303e-08
0.00014609 1.2303e-08
0.0001457 1.2303e-08
0.00014532 1.2303e-08
0.00014493 1.2303e-08
0.00014455 1.2303e-08
0.00014416 1.2303e-08
0.00014378 1.2303e-08
0.0001434 1.2303e-08
0.00014302 1.2303e-08
0.00014264 1.2303e-08
0.00014227 1.2303e-08
0.00014189 1.2303e-08
0.00014152 1.2303e-08
0.00014114 1.2303e-08
0.00014077 1.2303e-08
0.00014039 1.2303e-08
0.00014002 1.2303e-08
0.00013965 1.2303e-08
0.00013928 1.2303e-08
0.00013891 1.2303e-08
0.00013855 1.2303e-08
0.00013818 1.2303e-08
0.00013781 1.2303e-08
0.00013745 1.2303e-08
0.00013709 1.2303e-08
0.00013672 1.2303e-08
0.00013636 1.2303e-08
0.000136 1.2303e-08
0.00013564 1.2303e-08
0.00013528 1.2303e-08
0.00013492 1.2303e-08
0.00013457 1.2303e-08
0.00013421 1.2303e-08
0.00013386 1.2303e-08
0.0001335 1.2303e-08
0.00013315 1.2303e-08
0.0001328 1.2303e-08
0.00013244 1.2303e-08
0.00013209 1.2303e-08
0.00013174 1.2303e-08
0.0001314 1.2303e-08
0.00013105 1.2303e-08
0.0001307 1.2303e-08
0.00013036 1.2303e-08
0.00013001 1.2303e-08
0.00012967 1.2303e-08
0.00012932 1.2303e-08
0.00012898 1.2303e-08
0.00012864 1.2303e-08
0.0001283 1.2303e-08
0.00012796 1.2303e-08
0.00012762 1.2303e-08
0.00012728 1.2303e-08
0.00012695 1.2303e-08
0.00012661 1.2303e-08
0.00012628 1.2303e-08
0.00012594 1.2303e-08
0.00012561 1.2303e-08
0.00012528 1.2303e-08
0.00012494 1.2303e-08
0.00012461 1.2303e-08
0.00012428 1.2303e-08
0.00012395 1.2303e-08
0.00012363 1.2303e-08
0.0001233 1.2303e-08
0.00012297 1.2303e-08
0.00012265 1.2303e-08
0.00012232 1.2303e-08
0.000122 1.2303e-08
0.00012168 1.2303e-08
0.00012135 1.2303e-08
0.00012103 1.2303e-08
0.00012071 1.2303e-08
0.00012039 1.2303e-08
0.00012008 1.2303e-08
0.00011976 1.2303e-08
0.00011944 1.2303e-08
0.00011912 1.2303e-08
0.00011881 1.2303e-08
0.00011849 1.2303e-08
0.00011818 1.2303e-08
0.00011787 1.2303e-08
0.00011756 1.2303e-08
0.00011725 1.2303e-08
0.00011694 1.2303e-08
0.00011663 1.2303e-08
0.00011632 1.2303e-08
0.00011601 1.2303e-08
0.0001157 1.2303e-08
0.0001154 1.2303e-08
0.00011509 1.2303e-08
0.00011479 1.2303e-08
0.00011448 1.2303e-08
0.00011418 1.2303e-08
0.00011388 1.2303e-08
0.00011358 1.2303e-08
0.00011328 1.2303e-08
0.00011298 1.2303e-08
0.00011268 1.2303e-08
0.00011238 1.2303e-08
0.00011208 1.2303e-08
0.00011178 1.2303e-08
0.00011149 1.2303e-08
0.00011119 1.2303e-08
0.0001109 1.2303e-08
0.00011061 1.2303e-08
0.00011031 1.2303e-08
0.00011002 1.2303e-08
0.00010973 1.2303e-08
0.00010944 1.2303e-08
0.00010915 1.2303e-08
0.00010886 1.2303e-08
0.00010857 1.2303e-08
0.00010829 1.2303e-08
0.000108 1.2303e-08
0.00010771 1.2303e-08
0.00010743 1.2303e-08
0.00010714 1.2303e-08
0.00010686 1.2303e-08
0.00010658 1.2303e-08
0.0001063 1.2303e-08
0.00010601 1.2303e-08
0.00010573 1.2303e-08
0.00010545 1.2303e-08
0.00010518 1.2303e-08
0.0001049 1.2303e-08
0.00010462 1.2303e-08
0.00010434 1.2303e-08
0.00010407 1.2303e-08
0.00010379 1.2303e-08
0.00010352 1.2303e-08
0.00010324 1.2303e-08
0.00010297 1.2303e-08
0.0001027 1.2303e-08
0.00010242 1.2303e-08
0.00010215 1.2303e-08
0.00010188 1.2303e-08
0.00010161 1.2303e-08
0.00010134 1.2303e-08
0.00010108 1.2303e-08
0.00010081 1.2303e-08
0.00010054 1.2303e-08
0.00010028 1.2303e-08
0.00010001 1.2303e-08
9.9746e-05 1.2303e-08
9.9482e-05 1.2303e-08
9.9219e-05 1.2303e-08
9.8957e-05 1.2303e-08
9.8695e-05 1.2303e-08
9.8433e-05 1.2303e-08
9.8173e-05 1.2303e-08
9.7913e-05 1.2303e-08
9.7654e-05 1.2303e-08
9.7396e-05 1.2303e-08
9.7138e-05 1.2303e-08
9.6881e-05 1.2303e-08
9.6624e-05 1.2303e-08
9.6369e-05 1.2303e-08
9.6114e-05 1.2303e-08
9.5859e-05 1.2303e-08
9.5606e-05 1.2303e-08
9.5353e-05 1.2303e-08
9.51e-05 1.2303e-08
9.4849e-05 1.2303e-08
9.4598e-05 1.2303e-08
9.4347e-05 1.2303e-08
9.4098e-05 1.2303e-08
9.3849e-05 1.2303e-08
9.36e-05 1.2303e-08
9.3353e-05 1.2303e-08
9.3106e-05 1.2303e-08
9.2859e-05 1.2303e-08
9.2613e-05 1.2303e-08
9.2368e-05 1.2303e-08
9.2124e-05 1.2303e-08
9.188e-05 1.2303e-08
9.1637e-05 1.2303e-08
9.1395e-05 1.2303e-08
9.1153e-05 1.2303e-08
9.0911e-05 1.2303e-08
9.0671e-05 1.2303e-08
9.0431e-05 1.2303e-08
9.0192e-05 1.2303e-08
8.9953e-05 1.2303e-08
8.9715e-05 1.2303e-08
8.9477e-05 1.2303e-08
8.9241e-05 1.2303e-08
8.9005e-05 1.2303e-08
8.8769e-05 1.2303e-08
8.8534e-05 1.2303e-08
8.83e-05 1.2303e-08
8.8066e-05 1.2303e-08
8.7833e-05 1.2303e-08
8.7601e-05 1.2303e-08
8.7369e-05 1.2303e-08
8.7138e-05 1.2303e-08
8.6907e-05 1.2303e-08
8.6677e-05 1.2303e-08
8.6448e-05 1.2303e-08
8.6219e-05 1.2303e-08
8.5991e-05 1.2303e-08
8.5763e-05 1.2303e-08
8.5536e-05 1.2303e-08
8.531e-05 1.2303e-08
8.5084e-05 1.2303e-08
8.4859e-05 1.2303e-08
8.4634e-05 1.2303e-08
8.441e-05 1.2303e-08
8.4187e-05 1.2303e-08
8.3964e-05 1.2303e-08
8.3742e-05 1.2303e-08
8.352e-05 1.2303e-08
8.3299e-05 1.2303e-08
8.3079e-05 1.2303e-08
8.2859e-05 1.2303e-08
8.264e-05 1.2303e-08
8.2421e-05 1.2303e-08
8.2203e-05 1.2303e-08
8.1986e-05 1.2303e-08
8.1769e-05 1.2303e-08
8.1552e-05 1.2303e-08
8.1336e-05 1.2303e-08
8.1121e-05 1.2303e-08
8.0906e-05 1.2303e-08
8.0692e-05 1.2303e-08
8.0479e-05 1.2303e-08
8.0266e-05 1.2303e-08
8.0053e-05 1.2303e-08
7.9842e-05 1.2303e-08
7.963e-05 1.2303e-08
7.942e-05 1.2303e-08
7.9209e-05 1.2303e-08
7.9e-05 1.2303e-08
7.8791e-05 1.2303e-08
7.8582e-05 1.2303e-08
7.8374e-05 1.2303e-08
7.8167e-05 1.2303e-08
7.796e-05 1.2303e-08
7.7754e-05 1.2303e-08
7.7548e-05 1.2303e-08
7.7343e-05 1.2303e-08
7.7138e-05 1.2303e-08
7.6934e-05 1.2303e-08
7.673e-05 1.2303e-08
7.6527e-05 1.2303e-08
7.6325e-05 1.2303e-08
7.6123e-05 1.2303e-08
7.5921e-05 1.2303e-08
7.572e-05 1.2303e-08
7.552e-05 1.2303e-08
7.532e-05 1.2303e-08
7.5121e-05 1.2303e-08
7.4922e-05 1.2303e-08
7.4724e-05 1.2303e-08
7.4526e-05 1.2303e-08
7.4329e-05 1.2303e-08
7.4132e-05 1.2303e-08
7.3936e-05 1.2303e-08
7.374e-05 1.2303e-08
7.3545e-05 1.2303e-08
7.3351e-05 1.2303e-08
7.3156e-05 1.2303e-08
7.2963e-05 1.2303e-08
7.277e-05 1.2303e-08
7.2577e-05 1.2303e-08
7.2385e-05 1.2303e-08
7.2194e-05 1.2303e-08
7.2003e-05 1.2303e-08
7.1812e-05 1.2303e-08
7.1622e-05 1.2303e-08
7.1432e-05 1.2303e-08
7.1243e-05 1.2303e-08
7.1055e-05 1.2303e-08
7.0867e-05 1.2303e-08
7.0679e-05 1.2303e-08
7.0492e-05 1.2303e-08
7.0306e-05 1.2303e-08
7.012e-05 1.2303e-08
6.9934e-05 1.2303e-08
6.9749e-05 1.2303e-08
6.9564e-05 1.2303e-08
6.938e-05 1.2303e-08
6.9197e-05 1.2303e-08
6.9014e-05 1.2303e-08
6.8831e-05 1.2303e-08
6.8649e-05 1.2303e-08
6.8467e-05 1.2303e-08
6.8286e-05 1.2303e-08
6.8105e-05 1.2303e-08
6.7925e-05 1.2303e-08
6.7745e-05 1.2303e-08
6.7566e-05 1.2303e-08
6.7387e-05 1.2303e-08
6.7209e-05 1.2303e-08
6.7031e-05 1.2303e-08
6.6854e-05 1.2303e-08
6.6677e-05 1.2303e-08
6.65e-05 1.2303e-08
6.6324e-05 1.2303e-08
6.6149e-05 1.2303e-08
6.5974e-05 1.2303e-08
6.5799e-05 1.2303e-08
6.5625e-05 1.2303e-08
6.5451e-05 1.2303e-08
6.5278e-05 1.2303e-08
6.5105e-05 1.2303e-08
6.4933e-05 1.2303e-08
6.4761e-05 1.2303e-08
6.459e-05 1.2303e-08
6.4419e-05 1.2303e-08
6.4249e-05 1.2303e-08
6.4079e-05 1.2303e-08
6.3909e-05 1.2303e-08
6.374e-05 1.2303e-08
6.3571e-05 1.2303e-08
6.3403e-05 1.2303e-08
6.3235e-05 1.2303e-08
6.3068e-05 1.2303e-08
6.2901e-05 1.2303e-08
6.2734e-05 1.2303e-08
6.2568e-05 1.2303e-08
6.2403e-05 1.2303e-08
6.2238e-05 1.2303e-08
6.2073e-05 1.2303e-08
6.1909e-05 1.2303e-08
6.1745e-05 1.2303e-08
6.1582e-05 1.2303e-08
6.1419e-05 1.2303e-08
6.1256e-05 1.2303e-08
6.1094e-05 1.2303e-08
6.0932e-05 1.2303e-08
6.0771e-05 1.2303e-08
6.061e-05 1.2303e-08
6.045e-05 1.2303e-08
6.029e-05 1.2303e-08
6.013e-05 1.2303e-08
5.9971e-05 1.2303e-08
5.9812e-05 1.2303e-08
5.9654e-05 1.2303e-08
5.9496e-05 1.2303e-08
5.9339e-05 1.2303e-08
5.9182e-05 1.2303e-08
5.9025e-05 1.2303e-08
5.8869e-05 1.2303e-08
5.8713e-05 1.2303e-08
5.8558e-05 1.2303e-08
5.8403e-05 1.2303e-08
5.8248e-05 1.2303e-08
5.8094e-05 1.2303e-08
5.794e-05 1.2303e-08
5.7787e-05 1.2303e-08
5.7634e-05 1.2303e-08
5.7482e-05 1.2303e-08
5.733e-05 1.2303e-08
5.7178e-05 1.2303e-08
5.7027e-05 1.2303e-08
5.6876e-05 1.2303e-08
5.6725e-05 1.2303e-08
5.6575e-05 1.2303e-08
5.6425e-05 1.2303e-08
5.6276e-05 1.2303e-08
5.6127e-05 1.2303e-08
5.5979e-05 1.2303e-08
5.583e-05 1.2303e-08
5.5683e-05 1.2303e-08
5.5535e-05 1.2303e-08
5.5388e-05 1.2303e-08
5.5242e-05 1.2303e-08
5.5096e-05 1.2303e-08
5.495e-05 1.2303e-08
5.4804e-05 1.2303e-08
5.4659e-05 1.2303e-08
5.4515e-05 1.2303e-08
5.437e-05 1.2303e-08
5.4227e-05 1.2303e-08
5.4083e-05 1.2303e-08
5.394e-05 1.2303e-08
5.3797e-05 1.2303e-08
5.3655e-05 1.2303e-08
5.3513e-05 1.2303e-08
5.3371e-05 1.2303e-08
5.323e-05 1.2303e-08
5.3089e-05 1.2303e-08
5.2949e-05 1.2303e-08
5.2809e-05 1.2303e-08
5.2669e-05 1.2303e-08
5.2529e-05 1.2303e-08
5.239e-05 1.2303e-08
5.2252e-05 1.2303e-08
5.2113e-05 1.2303e-08
5.1976e-05 1.2303e-08
5.1838e-05 1.2303e-08
5.1701e-05 1.2303e-08
5.1564e-05 1.2303e-08
5.1428e-05 1.2303e-08
5.1291e-05 1.2303e-08
5.1156e-05 1.2303e-08
5.102e-05 1.2303e-08
5.0885e-05 1.2303e-08
5.0751e-05 1.2303e-08
5.0616e-05 1.2303e-08
5.0482e-05 1.2303e-08
5.0349e-05 1.2303e-08
5.0216e-05 1.2303e-08
5.0083e-05 1.2303e-08
4.995e-05 1.2303e-08
4.9818e-05 1.2303e-08
4.9686e-05 1.2303e-08
4.9555e-05 1.2303e-08
4.9424e-05 1.2303e-08
4.9293e-05 1.2303e-08
4.9162e-05 1.2303e-08
4.9032e-05 1.2303e-08
4.8902e-05 1.2303e-08
4.8773e-05 1.2303e-08
4.8644e-05 1.2303e-08
4.8515e-05 1.2303e-08
4.8387e-05 1.2303e-08
4.8259e-05 1.2303e-08
4.8131e-05 1.2303e-08
4.8004e-05 1.2303e-08
4.7877e-05 1.2303e-08
4.775e-05 1.2303e-08
4.7624e-05 1.2303e-08
4.7498e-05 1.2303e-08
4.7372e-05 1.2303e-08
4.7247e-05 1.2303e-08
4.7122e-05 1.2303e-08
4.6997e-05 1.2303e-08
4.6872e-05 1.2303e-08
4.6748e-05 1.2303e-08
4.6625e-05 1.2303e-08
4.6501e-05 1.2303e-08
4.6378e-05 1.2303e-08
4.6256e-05 1.2303e-08
4.6133e-05 1.2303e-08
4.6011e-05 1.2303e-08
4.5889e-05 1.2303e-08
4.5768e-05 1.2303e-08
4.5647e-05 1.2303e-08
4.5526e-05 1.2303e-08
4.5405e-05 1.2303e-08
4.5285e-05 1.2303e-08
4.5165e-05 1.2303e-08
4.5046e-05 1.2303e-08
4.4927e-05 1.2303e-08
4.4808e-05 1.2303e-08
4.4689e-05 1.2303e-08
4.4571e-05 1.2303e-08
4.4453e-05 1.2303e-08
4.4335e-05 1.2303e-08
4.4218e-05 1.2303e-08
4.4101e-05 1.2303e-08
4.3984e-05 1.2303e-08
4.3868e-05 1.2303e-08
4.3752e-05 1.2303e-08
4.3636e-05 1.2303e-08
4.3521e-05 1.2303e-08
4.3405e-05 1.2303e-08
4.3291e-05 1.2303e-08
4.3176e-05 1.2303e-08
4.3062e-05 1.2303e-08
4.2948e-05 1.2303e-08
4.2834e-05 1.2303e-08
4.2721e-05 1.2303e-08
4.2608e-05 1.2303e-08
4.2495e-05 1.2303e-08
4.2383e-05 1.2303e-08
4.227e-05 1.2303e-08
4.2159e-05 1.2303e-08
4.2047e-05 1.2303e-08
4.1936e-05 1.2303e-08
4.1825e-05 1.2303e-08
4.1714e-05 1.2303e-08
4.1604e-05 1.2303e-08
4.1494e-05 1.2303e-08
4.1384e-05 1.2303e-08
4.1274e-05 1.2303e-08
4.1165e-05 1.2303e-08
4.1056e-05 1.2303e-08
4.0947e-05 1.2303e-08
4.0839e-05 1.2303e-08
4.0731e-05 1.2303e-08
4.0623e-05 1.2303e-08
4.0516e-05 1.2303e-08
4.0409e-05 1.2303e-08
4.0302e-05 1.2303e-08
4.0195e-05 1.2303e-08
4.0089e-05 1.2303e-08
3.9982e-05 1.2303e-08
3.9877e-05 1.2303e-08
3.9771e-05 1.2303e-08
3.9666e-05 1.2303e-08
3.9561e-05 1.2303e-08
3.9456e-05 1.2303e-08
3.9352e-05 1.2303e-08
3.9248e-05 1.2303e-08
3.9144e-05 1.2303e-08
3.904e-05 1.2303e-08
3.8937e-05 1.2303e-08
3.8834e-05 1.2303e-08
3.8731e-05 1.2303e-08
3.8629e-05 1.2303e-08
3.8526e-05 1.2303e-08
3.8424e-05 1.2303e-08
3.8323e-05 1.2303e-08
3.8221e-05 1.2303e-08
3.812e-05 1.2303e-08
3.8019e-05 1.2303e-08
3.7919e-05 1.2303e-08
3.7818e-05 1.2303e-08
3.7718e-05 1.2303e-08
3.7618e-05 1.2303e-08
3.7519e-05 1.2303e-08
3.742e-05 1.2303e-08
3.7321e-05 1.2303e-08
3.7222e-05 1.2303e-08
3.7123e-05 1.2303e-08
3.7025e-05 1.2303e-08
3.6927e-05 1.2303e-08
3.6829e-05 1.2303e-08
3.6732e-05 1.2303e-08
3.6635e-05 1.2303e-08
3.6538e-05 1.2303e-08
3.6441e-05 1.2303e-08
3.6345e-05 1.2303e-08
3.6249e-05 1.2303e-08
3.6153e-05 1.2303e-08
3.6057e-05 1.2303e-08
3.5961e-05 1.2303e-08
3.5866e-05 1.2303e-08
3.5771e-05 1.2303e-08
3.5677e-05 1.2303e-08
3.5582e-05 1.2303e-08
3.5488e-05 1.2303e-08
3.5394e-05 1.2303e-08
3.5301e-05 1.2303e-08
3.5207e-05 1.2303e-08
3.5114e-05 1.2303e-08
3.5021e-05 1.2303e-08
3.4928e-05 1.2303e-08
3.4836e-05 1.2303e-08
3.4744e-05 1.2303e-08
3.4652e-05 1.2303e-08
3.456e-05 1.2303e-08
3.4469e-05 1.2303e-08
3.4377e-05 1.2303e-08
3.4287e-05 1.2303e-08
3.4196e-05 1.2303e-08
3.4105e-05 1.2303e-08
3.4015e-05 1.2303e-08
3.3925e-05 1.2303e-08
3.3835e-05 1.2303e-08
3.3746e-05 1.2303e-08
3.3656e-05 1.2303e-08
3.3567e-05 1.2303e-08
3.3479e-05 1.2303e-08
3.339e-05 1.2303e-08
3.3302e-05 1.2303e-08
3.3213e-05 1.2303e-08
3.3126e-05 1.2303e-08
3.3038e-05 1.2303e-08
3.295e-05 1.2303e-08
3.2863e-05 1.2303e-08
3.2776e-05 1.2303e-08
3.269e-05 1.2303e-08
3.2603e-05 1.2303e-08
3.2517e-05 1.2303e-08
3.2431e-05 1.2303e-08
3.2345e-05 1.2303e-08
3.2259e-05 1.2303e-08
3.2174e-05 1.2303e-08
3.2089e-05 1.2303e-08
3.2004e-05 1.2303e-08
3.1919e-05 1.2303e-08
3.1835e-05 1.2303e-08
3.175e-05 1.2303e-08
3.1666e-05 1.2303e-08
3.1583e-05 1.2303e-08
3.1499e-05 1.2303e-08
3.1416e-05 1.2303e-08
3.1333e-05 1.2303e-08
3.125e-05 1.2303e-08
3.1167e-05 1.2303e-08
3.1084e-05 1.2303e-08
3.1002e-05 1.2303e-08
3.092e-05 1.2303e-08
3.0838e-05 1.2303e-08
3.0757e-05 1.2303e-08
3.0675e-05 1.2303e-08
3.0594e-05 1.2303e-08
3.0513e-05 1.2303e-08
3.0432e-05 1.2303e-08
3.0352e-05 1.2303e-08
3.0272e-05 1.2303e-08
3.0192e-05 1.2303e-08
3.0112e-05 1.2303e-08
3.0032e-05 1.2303e-08
2.9952e-05 1.2303e-08
2.9873e-05 1.2303e-08
2.9794e-05 1.2303e-08
2.9715e-05 1.2303e-08
2.9637e-05 1.2303e-08
2.9558e-05 1.2303e-08
2.948e-05 1.2303e-08
2.9402e-05 1.2303e-08
2.9324e-05 1.2303e-08
2.9247e-05 1.2303e-08
2.9169e-05 1.2303e-08
2.9092e-05 1.2303e-08
2.9015e-05 1.2303e-08
2.8938e-05 1.2303e-08
2.8862e-05 1.2303e-08
2.8785e-05 1.2303e-08
2.8709e-05 1.2303e-08
2.8633e-05 1.2303e-08
2.8557e-05 1.2303e-08
2.8482e-05 1.2303e-08
2.8406e-05 1.2303e-08
2.8331e-05 1.2303e-08
2.8256e-05 1.2303e-08
2.8181e-05 1.2303e-08
2.8107e-05 1.2303e-08
2.8033e-05 1.2303e-08
2.7958e-05 1.2303e-08
2.7884e-05 1.2303e-08
2.7811e-05 1.2303e-08
2.7737e-05 1.2303e-08
2.7664e-05 1.2303e-08
2.759e-05 1.2303e-08
2.7517e-05 1.2303e-08
2.7445e-05 1.2303e-08
2.7372e-05 1.2303e-08
2.7299e-05 1.2303e-08
2.7227e-05 1.2303e-08
2.7155e-05 1.2303e-08
2.7083e-05 1.2303e-08
2.7012e-05 1.2303e-08
2.694e-05 1.2303e-08
2.6869e-05 1.2303e-08
2.6798e-05 1.2303e-08
2.6727e-05 1.2303e-08
2.6656e-05 1.2303e-08
2.6586e-05 1.2303e-08
2.6515e-05 1.2303e-08
2.6445e-05 1.2303e-08
2.6375e-05 1.2303e-08
2.6305e-05 1.2303e-08
2.6236e-05 1.2303e-08
2.6166e-05 1.2303e-08
2.6097e-05 1.2303e-08
2.6028e-05 1.2303e-08
2.5959e-05 1.2303e-08
2.589e-05 1.2303e-08
2.5822e-05 1.2303e-08
2.5754e-05 1.2303e-08
2.5685e-05 1.2303e-08
2.5617e-05 1.2303e-08
2.555e-05 1.2303e-08
2.5482e-05 1.2303e-08
2.5415e-05 1.2303e-08
2.5347e-05 1.2303e-08
2.528e-05 1.2303e-08
2.5213e-05 1.2303e-08
2.5147e-05 1.2303e-08
2.508e-05 1.2303e-08
2.5014e-05 1.2303e-08
2.4947e-05 1.2303e-08
2.4881e-05 1.2303e-08
2.4816e-05 1.2303e-08
2.475e-05 1.2303e-08
2.4684e-05 1.2303e-08
2.4619e-05 1.2303e-08
2.4554e-05 1.2303e-08
2.4489e-05 1.2303e-08
2.4424e-05 1.2303e-08
2.436e-05 1.2303e-08
2.4295e-05 1.2303e-08
2.4231e-05 1.2303e-08
2.4167e-05 1.2303e-08
2.4103e-05 1.2303e-08
2.4039e-05 1.2303e-08
2.3975e-05 1.2303e-08
2.3912e-05 1.2303e-08
2.3849e-05 1.2303e-08
2.3786e-05 1.2303e-08
2.3723e-05 1.2303e-08
2.366e-05 1.2303e-08
2.3597e-05 1.2303e-08
2.3535e-05 1.2303e-08
2.3472e-05 1.2303e-08
2.341e-05 1.2303e-08
2.3348e-05 1.2303e-08
2.3287e-05 1.2303e-08
2.3225e-05 1.2303e-08
2.3164e-05 1.2303e-08
2.3102e-05 1.2303e-08
2.3041e-05 1.2303e-08
2.298e-05 1.2303e-08
2.2919e-05 1.2303e-08
2.2859e-05 1.2303e-08
2.2798e-05 1.2303e-08
2.2738e-05 1.2303e-08
2.2678e-05 1.2303e-08
2.2618e-05 1.2303e-08
2.2558e-05 1.2303e-08
2.2498e-05 1.2303e-08
2.2439e-05 1.2303e-08
2.2379e-05 1.2303e-08
2.232e-05 1.2303e-08
2.2261e-05 1.2303e-08
2.2202e-05 1.2303e-08
2.2143e-05 1.2303e-08
2.2085e-05 1.2303e-08
2.2026e-05 1.2303e-08
2.1968e-05 1.2303e-08
2.191e-05 1.2303e-08
2.1852e-05 1.2303e-08
2.1794e-05 1.2303e-08
2.1736e-05 1.2303e-08
2.1679e-05 1.2303e-08
2.1621e-05 1.2303e-08
2.1564e-05 1.2303e-08
2.1507e-05 1.2303e-08
2.145e-05 1.2303e-08
2.1393e-05 1.2303e-08
2.1337e-05 1.2303e-08
2.128e-05 1.2303e-08
2.1224e-05 1.2303e-08
2.1168e-05 1.2303e-08
2.1112e-05 1.2303e-08
2.1056e-05 1.2303e-08
2.1e-05 1.2303e-08
2.0945e-05 1.2303e-08
2.0889e-05 1.2303e-08
2.0834e-05 1.2303e-08
2.0779e-05 1.2303e-08
2.0724e-05 1.2303e-08
2.0669e-05 1.2303e-08
2.0614e-05 1.2303e-08
2.056e-05 1.2303e-08
2.0505e-05 1.2303e-08
2.0451e-05 1.2303e-08
2.0397e-05 1.2303e-08
2.0343e-05 1.2303e-08
2.0289e-05 1.2303e-08
2.0235e-05 1.2303e-08
2.0182e-05 1.2303e-08
2.0129e-05 1.2303e-08
2.0075e-05 1.2303e-08
2.0022e-05 1.2303e-08
1.9969e-05 1.2303e-08
1.9916e-05 1.2303e-08
1.9864e-05 1.2303e-08
1.9811e-05 1.2303e-08
1.9759e-05 1.2303e-08
1.9706e-05 1.2303e-08
1.9654e-05 1.2303e-08
1.9602e-05 1.2303e-08
1.955e-05 1.2303e-08
1.9499e-05 1.2303e-08
1.9447e-05 1.2303e-08
1.9395e-05 1.2303e-08
1.9344e-05 1.2303e-08
1.9293e-05 1.2303e-08
1.9242e-05 1.2303e-08
1.9191e-05 1.2303e-08
1.914e-05 1.2303e-08
1.909e-05 1.2303e-08
1.9039e-05 1.2303e-08
1.8989e-05 1.2303e-08
1.8938e-05 1.2303e-08
1.8888e-05 1.2303e-08
1.8838e-05 1.2303e-08
1.8788e-05 1.2303e-08
1.8739e-05 1.2303e-08
1.8689e-05 1.2303e-08
1.864e-05 1.2303e-08
1.859e-05 1.2303e-08
1.8541e-05 1.2303e-08
1.8492e-05 1.2303e-08
1.8443e-05 1.2303e-08
1.8394e-05 1.2303e-08
1.8346e-05 1.2303e-08
1.8297e-05 1.2303e-08
1.8249e-05 1.2303e-08
1.82e-05 1.2303e-08
1.8152e-05 1.2303e-08
1.8104e-05 1.2303e-08
1.8056e-05 1.2303e-08
1.8009e-05 1.2303e-08
1.7961e-05 1.2303e-08
1.7913e-05 1.2303e-08
1.7866e-05 1.2303e-08
1.7819e-05 1.2303e-08
1.7772e-05 1.2303e-08
1.7724e-05 1.2303e-08
1.7678e-05 1.2303e-08
1.7631e-05 1.2303e-08
1.7584e-05 1.2303e-08
1.7538e-05 1.2303e-08
1.7491e-05 1.2303e-08
1.7445e-05 1.2303e-08
1.7399e-05 1.2303e-08
1.7353e-05 1.2303e-08
1.7307e-05 1.2303e-08
1.7261e-05 1.2303e-08
1.7215e-05 1.2303e-08
1.717e-05 1.2303e-08
1.7124e-05 1.2303e-08
1.7079e-05 1.2303e-08
1.7034e-05 1.2303e-08
1.6989e-05 1.2303e-08
1.6944e-05 1.2303e-08
1.6899e-05 1.2303e-08
1.6854e-05 1.2303e-08
1.681e-05 1.2303e-08
1.6765e-05 1.2303e-08
1.6721e-05 1.2303e-08
1.6677e-05 1.2303e-08
1.6632e-05 1.2303e-08
1.6588e-05 1.2303e-08
1.6544e-05 1.2303e-08
1.6501e-05 1.2303e-08
1.6457e-05 1.2303e-08
1.6413e-05 1.2303e-08
1.637e-05 1.2303e-08
1.6327e-05 1.2303e-08
1.6283e-05 1.2303e-08
1.624e-05 1.2303e-08
1.6197e-05 1.2303e-08
1.6155e-05 1.2303e-08
1.6112e-05 1.2303e-08
1.6069e-05 1.2303e-08
1.6027e-05 1.2303e-08
1.5984e-05 1.2303e-08
1.5942e-05 1.2303e-08
1.59e-05 1.2303e-08
1.5858e-05 1.2303e-08
1.5816e-05 1.2303e-08
1.5774e-05 1.2303e-08
1.5732e-05 1.2303e-08
1.569e-05 1.2303e-08
1.5649e-05 1.2303e-08
1.5608e-05 1.2303e-08
1.5566e-05 1.2303e-08
1.5525e-05 1.2303e-08
1.5484e-05 1.2303e-08
1.5443e-05 1.2303e-08
1.5402e-05 1.2303e-08
1.5361e-05 1.2303e-08
1.5321e-05 1.2303e-08
1.528e-05 1.2303e-08
1.524e-05 1.2303e-08
1.5199e-05 1.2303e-08
1.5159e-05 1.2303e-08
1.5119e-05 1.2303e-08
1.5079e-05 1.2303e-08
1.5039e-05 1.2303e-08
1.4999e-05 1.2303e-08
1.496e-05 1.2303e-08
1.492e-05 1.2303e-08
1.4881e-05 1.2303e-08
1.4841e-05 1.2303e-08
1.4802e-05 1.2303e-08
1.4763e-05 1.2303e-08
1.4724e-05 1.2303e-08
1.4685e-05 1.2303e-08
1.4646e-05 1.2303e-08
1.4607e-05 1.2303e-08
1.4568e-05 1.2303e-08
1.453e-05 1.2303e-08
1.4491e-05 1.2303e-08
1.4453e-05 1.2303e-08
1.4415e-05 1.2303e-08
1.4377e-05 1.2303e-08
1.4339e-05 1.2303e-08
1.4301e-05 1.2303e-08
1.4263e-05 1.2303e-08
1.4225e-05 1.2303e-08
1.4188e-05 1.2303e-08
1.415e-05 1.2303e-08
1.4113e-05 1.2303e-08
1.4075e-05 1.2303e-08
1.4038e-05 1.2303e-08
1.4001e-05 1.2303e-08
1.3964e-05 1.2303e-08
1.3927e-05 1.2303e-08
1.389e-05 1.2303e-08
1.3853e-05 1.2303e-08
1.3816e-05 1.2303e-08
1.378e-05 1.2303e-08
1.3743e-05 1.2303e-08
1.3707e-05 1.2303e-08
1.3671e-05 1.2303e-08
1.3635e-05 1.2303e-08
1.3599e-05 1.2303e-08
1.3563e-05 1.2303e-08
1.3527e-05 1.2303e-08
1.3491e-05 1.2303e-08
1.3455e-05 1.2303e-08
1.342e-05 1.2303e-08
1.3384e-05 1.2303e-08
1.3349e-05 1.2303e-08
1.3313e-05 1.2303e-08
1.3278e-05 1.2303e-08
1.3243e-05 1.2303e-08
1.3208e-05 1.2303e-08
1.3173e-05 1.2303e-08
1.3138e-05 1.2303e-08
1.3103e-05 1.2303e-08
1.3069e-05 1.2303e-08
1.3034e-05 1.2303e-08
1.3e-05 1.2303e-08
1.2965e-05 1.2303e-08
1.2931e-05 1.2303e-08
1.2897e-05 1.2303e-08
1.2863e-05 1.2303e-08
1.2828e-05 1.2303e-08
1.2795e-05 1.2303e-08
1.2761e-05 1.2303e-08
1.2727e-05 1.2303e-08
1.2693e-05 1.2303e-08
1.266e-05 1.2303e-08
1.2626e-05 1.2303e-08
1.2593e-05 1.2303e-08
1.2559e-05 1.2303e-08
1.2526e-05 1.2303e-08
1.2493e-05 1.2303e-08
1.246e-05 1.2303e-08
1.2427e-05 1.2303e-08
1.2394e-05 1.2303e-08
1.2361e-05 1.2303e-08
1.2329e-05 1.2303e-08
1.2296e-05 1.2303e-08
1.2263e-05 1.2303e-08
1.2231e-05 1.2303e-08
1.2199e-05 1.2303e-08
1.2166e-05 1.2303e-08
1.2134e-05 1.2303e-08
1.2102e-05 1.2303e-08
1.207e-05 1.2303e-08
1.2038e-05 1.2303e-08
1.2006e-05 1.2303e-08
1.1974e-05 1.2303e-08
1.1943e-05 1.2303e-08
1.1911e-05 1.2303e-08
1.188e-05 1.2303e-08
1.1848e-05 1.2303e-08
1.1817e-05 1.2303e-08
1.1786e-05 1.2303e-08
1.1754e-05 1.2303e-08
1.1723e-05 1.2303e-08
1.1692e-05 1.2303e-08
1.1661e-05 1.2303e-08
1.163e-05 1.2303e-08
1.16e-05 1.2303e-08
1.1569e-05 1.2303e-08
1.1538e-05 1.2303e-08
1.1508e-05 1.2303e-08
1.1477e-05 1.2303e-08
1.1447e-05 1.2303e-08
1.1417e-05 1.2303e-08
1.1386e-05 1.2303e-08
1.1356e-05 1.2303e-08
1.1326e-05 1.2303e-08
1.1296e-05 1.2303e-08
1.1266e-05 1.2303e-08
1.1237e-05 1.2303e-08
1.1207e-05 1.2303e-08
1.1177e-05 1.2303e-08
1.1148e-05 1.2303e-08
1.1118e-05 1.2303e-08
1.1089e-05 1.2303e-08
1.1059e-05 1.2303e-08
1.103e-05 1.2303e-08
1.1001e-05 1.2303e-08
1.0972e-05 1.2303e-08
1.0943e-05 1.2303e-08
1.0914e-05 1.2303e-08
1.0885e-05 1.2303e-08
1.0856e-05 1.2303e-08
1.0827e-05 1.2303e-08
1.0799e-05 1.2303e-08
1.077e-05 1.2303e-08
1.0742e-05 1.2303e-08
1.0713e-05 1.2303e-08
1.0685e-05 1.2303e-08
1.0657e-05 1.2303e-08
1.0628e-05 1.2303e-08
1.06e-05 1.2303e-08
1.0572e-05 1.2303e-08
1.0544e-05 1.2303e-08
1.0516e-05 1.2303e-08
1.0489e-05 1.2303e-08
1.0461e-05 1.2303e-08
1.0433e-05 1.2303e-08
1.0405e-05 1.2303e-08
1.0378e-05 1.2303e-08
1.035e-05 1.2303e-08
1.0323e-05 1.2303e-08
1.0296e-05 1.2303e-08
1.0269e-05 1.2303e-08
1.0241e-05 1.2303e-08
1.0214e-05 1.2303e-08
1.0187e-05 1.2303e-08
1.016e-05 1.2303e-08
1.0133e-05 1.2303e-08
1.0107e-05 1.2303e-08
1.008e-05 1.2303e-08
1.0053e-05 1.2303e-08
1.0027e-05 1.2303e-08
1e-05 1.2303e-08
