0.002 2.8892991483910628e-12 
0.0029998999899989998 1.7611082332911998e-12 
0.0039997999799979995 1.2844541452832518e-12 
0.004999699969997 1.0148700585060488e-12 
0.005999599959996 8.401283624275884e-13 
0.0069994999499949995 7.172515985081265e-13 
0.007999399939994 6.259771907056934e-13 
0.008999299929993 5.554349801610047e-13 
0.009999199919992 4.99248786049878e-13 
0.010999099909991 4.5342356494921246e-13 
0.011998999899989999 4.1532546071286984e-13 
0.012998899889988999 3.831460562118711e-13 
0.013998799879988 3.556017573780493e-13 
0.014998699869987 3.317558945369674e-13 
0.015998599859986 3.109087201062505e-13 
0.016998499849985 2.9252683220845283e-13 
0.017998399839983997 2.7619644470479916e-13 
0.018998299829983002 2.6159159270225147e-13 
0.019998199819982 2.484519795674653e-13 
0.020998099809980998 2.3656721489471774e-13 
0.021997999799979996 2.257653889767218e-13 
0.022997899789979 2.1590465163072294e-13 
0.023997799779978 2.068669116427621e-13 
0.024997699769976997 1.9855305842748326e-13 
0.025997599759976002 1.9087929314135543e-13 
0.026997499749975 1.8377427971470137e-13 
0.027997399739973998 1.7717690957179479e-13 
0.028997299729972996 1.7103453106897098e-13 
0.029997199719972 1.6530153464577287e-13 
0.030997099709971 1.599382129726407e-13 
0.03199699969997 1.5490983566374454e-13 
0.032996899689968995 1.501858928456177e-13 
0.033996799679968 1.4573947267698333e-13 
0.034996699669967 1.4154674592794845e-13 
0.035996599659966 1.3758653672709238e-13 
0.036996499649965 1.3383996311944894e-13 
0.037996399639964 1.3029013453448886e-13 
0.038996299629963 1.26921895918662e-13 
0.039996199619962 1.237216103428324e-13 
0.040996099609961 1.2067697349787615e-13 
0.04199599959996 1.1777685475002032e-13 
0.042995899589959 1.1501116042161245e-13 
0.043995799579958 1.1237071575317205e-13 
0.044995699569957 1.0984716263424836e-13 
0.045995599559955996 1.0743287069836041e-13 
0.046995499549955 1.0512085978755894e-13 
0.047995399539954 1.0290473212530085e-13 
0.048995299529953 1.0077861280813733e-13 
0.049995199519952 9.873709744949213e-14 
0.050995099509951 9.677520599217859e-14 
0.05199499949995 9.48883418578749e-14 
0.052994899489948996 9.307225572755516e-14 
0.053994799479948 9.132301335164877e-14 
0.054994699469947 8.963696687629814e-14 
0.055994599459946 8.801072924557904e-14 
0.056994499449944995 8.644115130141693e-14 
0.057994399439944 8.492530125518588e-14 
0.058994299429943 8.34604462492454e-14 
0.059994199419941996 8.204403576428944e-14 
0.060994099409941 8.067368666044084e-14 
0.06199399939994 7.934716966742465e-14 
0.06299389938993899 7.806239716263174e-14 
0.06399379937993799 7.681741209605878e-14 
0.064993699369937 7.561037793848532e-14 
0.065993599359936 7.443956954425397e-14 
0.066993499349935 7.330336483300358e-14 
0.067993399339934 7.220023720597216e-14 
0.06899329932993299 7.112874862227874e-14 
0.069993199319932 7.008754326912755e-14 
0.070993099309931 6.907534176732748e-14 
0.07199299929993 6.809093586003876e-14 
0.072992899289929 6.713318353837157e-14 
0.073992799279928 6.620100456248006e-14 
0.074992699269927 6.529337634121002e-14 
0.07599259925992599 6.440933013725068e-14 
0.076992499249925 6.354794756817723e-14 
0.077992399239924 6.270835737681151e-14 
0.078992299229923 6.188973244701957e-14 
0.079992199219922 6.109128704345672e-14 
0.080992099209921 6.031227425589289e-14 
0.08199199919992 5.95519836306437e-14 
0.08299189918991899 5.88097389733165e-14 
0.083991799179918 5.808489630858678e-14 
0.084991699169917 5.737684198406533e-14 
0.085991599159916 5.66849909065206e-14 
0.086991499149915 5.6008784899801283e-14 
0.087991399139914 5.5347691174772624e-14 
0.08899129912991299 5.470120090245207e-14 
0.08999119911991199 5.406882788231278e-14 
0.090991099109911 5.345010729843103e-14 
0.09199099909991 5.28445945567901e-14 
0.092990899089909 5.2251864197629155e-14 
0.093990799079908 5.167150887724572e-14 
0.094990699069907 5.110313841413212e-14 
0.09599059905990599 5.054637889475205e-14 
0.09699049904990499 5.000087183465198e-14 
0.097990399039904 4.946627339095274e-14 
0.098990299029903 4.894225362258692e-14 
0.099990199019902 4.8428495794938423e-14 
0.100990099009901 4.792469572580543e-14 
0.1019899989999 4.7430561169849755e-14 
0.10298989898989899 4.6945811238916075e-14 
0.10398979897989799 4.6470175855805374e-14 
0.10498969896989699 4.600339523927191e-14 
0.105989598959896 4.554521941818073e-14 
0.106989498949895 4.5095407772917406e-14 
0.107989398939894 4.465372860228283e-14 
0.108989298929893 4.421995871423627e-14 
0.10998919891989199 4.3793883038967877e-14 
0.11098909890989099 4.337529426289263e-14 
0.11198899889988999 4.2963992482257336e-14 
0.112988898889889 4.255978487514531e-14 
0.113988798879888 4.2162485390748884e-14 
0.114988698869887 4.1771914454858123e-14 
0.115988598859886 4.138789869058701e-14 
0.11698849884988499 4.1010270653425077e-14 
0.11798839883988399 4.0638868579764543e-14 
0.11898829882988299 4.027353614810986e-14 
0.119988198819882 3.9914122252229856e-14 
0.120988098809881 3.956048078556121e-14 
0.12198799879988 3.92124704362176e-14 
0.122987898789879 3.8869954492000756e-14 
0.12398779877987799 3.8532800654848636e-14 
0.12498769876987699 3.820088086419219e-14 
0.12598759875987597 3.78740711287255e-14 
0.126987498749875 3.755225136612554e-14 
0.127987398739874 3.7235305250286854e-14 
0.128987298729873 3.692312006566286e-14 
0.129987198719872 3.661558656833152e-14 
0.130987098709871 3.6312598853425533e-14 
0.13198699869987 3.601405422858986e-14 
0.132986898689869 3.571985309314885e-14 
0.13398679867986799 3.542989882268507e-14 
0.13498669866986698 3.5144097658748885e-14 
0.13598659865986598 3.486235860343462e-14 
0.13698649864986498 3.458459331857497e-14 
0.137986398639864 3.4310716029318796e-14 
0.138986298629863 3.404064343187202e-14 
0.139986198619862 3.3774294605193116e-14 
0.140986098609861 3.3511590926446885e-14 
0.14198599859986 3.325245599003137e-14 
0.142985898589859 3.299681553000276e-14 
0.143985798579858 3.274459734573318e-14 
0.144985698569857 3.249573123064528e-14 
0.145985598559856 3.225014890387599e-14 
0.146985498549855 3.2007783944730116e-14 
0.14798539853985399 3.176857172979151e-14 
0.14898529852985298 3.1532449372567286e-14 
0.14998519851985198 3.1299355665546565e-14 
0.15098509850985098 3.106923102456198e-14 
0.15198499849985 3.0842017435347734e-14 
0.152984898489849 3.061765840219395e-14 
0.153984798479848 3.039609889860159e-14 
0.154984698469847 3.017728531984809e-14 
0.155984598459846 2.9961165437377515e-14 
0.156984498449845 2.974768835493422e-14 
0.157984398439844 2.9536804466362445e-14 
0.158984298429843 2.9328465414998863e-14 
0.159984198419842 2.912262405458795e-14 
0.160984098409841 2.891923441165438e-14 
0.16198399839983998 2.871825164926918e-14 
0.16298389838983898 2.8519632032149885e-14 
0.16398379837983798 2.8323332893037844e-14 
0.16498369836983698 2.8129312600298262e-14 
0.165983598359836 2.793753052669165e-14 
0.166983498349835 2.7747947019267485e-14 
0.167983398339834 2.7560523370333206e-14 
0.168983298329833 2.7375221789454168e-14 
0.169983198319832 2.719200537644206e-14 
0.170983098309831 2.7010838095291246e-14 
0.17198299829983 2.6831684749024497e-14 
0.172982898289829 2.6654510955411355e-14 
0.173982798279828 2.6479283123523928e-14 
0.174982698269827 2.6305968431096695e-14 
0.17598259825982598 2.613453480265833e-14 
0.17698249824982498 2.5964950888404965e-14 
0.17798239823982398 2.579718604378577e-14 
0.17898229822982298 2.563121030977301e-14 
0.179982198219822 2.546699439378989e-14 
0.180982098209821 2.5304509651270887e-14 
0.18198199819982 2.5143728067829995e-14 
0.182981898189819 2.498462224201392e-14 
0.183981798179818 2.482716536861781e-14 
0.184981698169817 2.4671331222542143e-14 
0.185981598159816 2.4517094143170696e-14 
0.186981498149815 2.436442901924978e-14 
0.187981398139814 2.4213311274250254e-14 
0.18898129812981299 2.4063716852194395e-14 
0.18998119811981198 2.3915622203930496e-14 
0.19098109810981098 2.3769004273838774e-14 
0.19198099809980998 2.362384048695289e-14 
0.19298089808980898 2.348010873648196e-14 
0.193980798079808 2.3337787371718648e-14 
0.194980698069807 2.3196855186319498e-14 
0.195980598059806 2.3057291406944116e-14 
0.196980498049805 2.2919075682240587e-14 
0.197980398039804 2.2782188072164764e-14 
0.198980298029803 2.264660903762178e-14 
0.199980198019802 2.2512319430418428e-14 
0.200980098009801 2.237930048351565e-14 
0.2019799979998 2.2247533801570653e-14 
0.20297989798979899 2.2117001351758787e-14 
0.20397979797979798 2.1987685454865456e-14 
0.20497969796979698 2.1859568776638947e-14 
0.20597959795979598 2.1732634319395207e-14 
0.20697949794979498 2.1606865413866173e-14 
0.20797939793979398 2.148224571128333e-14 
0.208979297929793 2.135875917568874e-14 
0.209979197919792 2.123639007646586e-14 
0.210979097909791 2.1115122981082898e-14 
0.21197899789979 2.0994942748041743e-14 
0.212978897889789 2.0875834520025594e-14 
0.213978797879788 2.0757783717238873e-14 
0.214978697869787 2.064077603093321e-14 
0.215978597859786 2.0524797417113304e-14 
0.21697849784978498 2.0409834090417066e-14 
0.21797839783978398 2.0295872518164214e-14 
0.21897829782978298 2.0182899414568223e-14 
0.21997819781978198 2.007090173510612e-14 
0.22097809780978098 1.9959866671041377e-14 
0.22197799779977997 1.9849781644094974e-14 
0.222977897789779 1.9740634301259895e-14 
0.223977797779778 1.9632412509754806e-14 
0.224977697769777 1.9525104352112297e-14 
0.225977597759776 1.941869812139779e-14 
0.226977497749775 1.931318231655487e-14 
0.227977397739774 1.9208545637873304e-14 
0.228977297729773 1.9104776982575934e-14 
0.229977197719772 1.9001865440520803e-14 
0.23097709770977098 1.8899800290015118e-14 
0.23197699769976998 1.8798570993737544e-14 
0.23297689768976898 1.869816719476568e-14 
0.23397679767976798 1.859857871270554e-14 
0.23497669766976698 1.849979553991999e-14 
0.23597659765976597 1.8401807837853183e-14 
0.236976497649765 1.8304605933448235e-14 
0.237976397639764 1.8208180315655315e-14 
0.238976297629763 1.8112521632027537e-14 
0.239976197619762 1.8017620685402127e-14 
0.240976097609761 1.792346843066429e-14 
0.24197599759976 1.7830055971591536e-14 
0.242975897589759 1.7737374557775956e-14 
0.24397579757975799 1.7645415581622442e-14 
0.24497569756975698 1.7554170575420415e-14 
0.24597559755975598 1.7463631208487233e-14 
0.24697549754975498 1.7373789284381055e-14 
0.24797539753975398 1.7284636738181283e-14 
0.24897529752975298 1.7196165633834697e-14 
0.24997519751975197 1.710836816156536e-14 
0.250975097509751 1.7021236635346646e-14 
0.25197499749975 1.6934763490433523e-14 
0.252974897489749 1.6848941280953525e-14 
0.253974797479748 1.676376267755477e-14 
0.254974697469747 1.6679220465109404e-14 
0.255974597459746 1.6595307540471085e-14 
0.256974497449745 1.6512016910284828e-14 
0.257974397439744 1.6429341688848067e-14 
0.258974297429743 1.634727509602124e-14 
0.259974197419742 1.626581045518685e-14 
0.260974097409741 1.618494119125548e-14 
0.26197399739974 1.6104660828717673e-14 
0.262973897389739 1.6024962989740293e-14 
0.263973797379738 1.594584139230639e-14 
0.26497369736973697 1.5867289848397205e-14 
0.26597359735973597 1.5789302262215353e-14 
0.26697349734973497 1.5711872628448082e-14 
0.26797339733973397 1.5634995030569466e-14 
0.26897329732973296 1.5558663639180692e-14 
0.26997319731973196 1.548287271038723e-14 
0.27097309730973096 1.540761658421217e-14 
0.27197299729972996 1.5332889683044618e-14 
0.272972897289729 1.5258686510122312e-14 
0.273972797279728 1.5185001648047603e-14 
0.274972697269727 1.5111829757335954e-14 
0.275972597259726 1.5039165574996038e-14 
0.276972497249725 1.496700391314082e-14 
0.277972397239724 1.4895339657628613e-14 
0.278972297229723 1.4824167766733582e-14 
0.279972197219722 1.4753483269844777e-14 
0.280972097209721 1.46832812661931e-14 
0.28197199719972 1.4613556923605455e-14 
0.282971897189719 1.4544305477285427e-14 
0.283971797179718 1.4475522228619855e-14 
0.284971697169717 1.44072025440106e-14 
0.285971597159716 1.433934185373098e-14 
0.286971497149715 1.427193565080618e-14 
0.287971397139714 1.4204979489917138e-14 
0.288971297129713 1.4138468986327259e-14 
0.289971197119712 1.407239981483147e-14 
0.290971097109711 1.4006767708727042e-14 
0.29197099709971 1.394156845880566e-14 
0.29297089708970897 1.3876797912366255e-14 
0.29397079707970797 1.3812451972248077e-14 
0.29497069706970697 1.3748526595883536e-14 
0.29597059705970596 1.3685017794370355e-14 
0.29697049704970496 1.3621921631562569e-14 
0.29797039703970396 1.3559234223179928e-14 
0.29897029702970296 1.3496951735935259e-14 
0.29997019701970196 1.3435070386679415e-14 
0.300970097009701 1.3373586441563318e-14 
0.3019699969997 1.331249621521682e-14 
0.302969896989699 1.325179606994385e-14 
0.303969796979698 1.3191482414933579e-14 
0.304969696969697 1.3131551705487209e-14 
0.305969596959696 1.3072000442260002e-14 
0.306969496949695 1.3012825170518222e-14 
0.307969396939694 1.2954022479410652e-14 
0.308969296929693 1.2895589001254342e-14 
0.309969196919692 1.2837521410834282e-14 
0.310969096909691 1.277981642471668e-14 
0.31196899689969 1.2722470800575523e-14 
0.312968896889689 1.266548133653215e-14 
0.313968796879688 1.2608844870507547e-14 
0.314968696869687 1.2552558279587035e-14 
0.315968596859686 1.2496618479397143e-14 
0.316968496849685 1.2441022423494345e-14 
0.317968396839684 1.2385767102765409e-14 
0.318968296829683 1.2330849544839139e-14 
0.31996819681968197 1.2276266813509219e-14 
0.32096809680968097 1.2222016008167893e-14 
0.32196799679967997 1.2168094263250357e-14 
0.32296789678967897 1.2114498747689481e-14 
0.32396779677967796 1.2061226664380762e-14 
0.32496769676967696 1.2008275249657196e-14 
0.32596759675967596 1.1955641772773937e-14 
0.32696749674967496 1.190332353540245e-14 
0.32796739673967396 1.1851317871134045e-14 
0.32896729672967295 1.1799622144992473e-14 
0.329967196719672 1.174823375295554e-14 
0.330967096709671 1.1697150121485419e-14 
0.33196699669967 1.1646368707067542e-14 
0.332966896689669 1.159588699575787e-14 
0.333966796679668 1.1545702502738372e-14 
0.334966696669667 1.149581277188056e-14 
0.335966596659666 1.144621537531683e-14 
0.336966496649665 1.1396907913019607e-14 
0.337966396639664 1.134788801238792e-14 
0.338966296629663 1.1299153327841456e-14 
0.339966196619662 1.1250701540421784e-14 
0.340966096609661 1.1202530357400723e-14 
0.34196599659966 1.1154637511895582e-14 
0.342965896589659 1.1107020762491262e-14 
0.343965796579658 1.1059677892868966e-14 
0.344965696569657 1.1012606711441482e-14 
0.345965596559656 1.0965805050994794e-14 
0.346965496549655 1.091927076833602e-14 
0.34796539653965397 1.087300174394743e-14 
0.34896529652965297 1.0826995881646511e-14 
0.34996519651965197 1.0781251108251914e-14 
0.35096509650965096 1.073576537325515e-14 
0.35196499649964996 1.069053664849798e-14 
0.35296489648964896 1.0645562927855319e-14 
0.35396479647964796 1.0600842226923594e-14 
0.35496469646964696 1.0556372582714408e-14 
0.35596459645964595 1.051215205335346e-14 
0.35696449644964495 1.0468178717784533e-14 
0.357964396439644 1.0424450675478536e-14 
0.358964296429643 1.0380966046147475e-14 
0.359964196419642 1.0337722969463199e-14 
0.360964096409641 1.0294719604780919e-14 
0.36196399639964 1.0251954130867347e-14 
0.362963896389639 1.0209424745633381e-14 
0.363963796379638 1.016712966587126e-14 
0.364963696369637 1.0125067126996071e-14 
0.365963596359636 1.0083235382791568e-14 
0.366963496349635 1.0041632705160182e-14 
0.367963396339634 1.0000257383877162e-14 
0.368963296329633 9.959107726348766e-15 
0.369963196319632 9.918182057374421e-15 
0.370963096309631 9.877478718912774e-15 
0.37196299629963 9.836996069851556e-15 
0.372962896289629 9.79673248578123e-15 
0.373962796279628 9.756686358772264e-15 
0.37496269626962697 9.716856097156055e-15 
0.37596259625962597 9.67724012530938e-15 
0.37696249624962497 9.63783688344232e-15 
0.37796239623962397 9.598644827389592e-15 
0.37896229622962296 9.559662428405239e-15 
0.37996219621962196 9.520888172960583e-15 
0.38096209620962096 9.482320562545438e-15 
0.38196199619961996 9.443958113472436e-15 
0.38296189618961896 9.40579935668452e-15 
0.38396179617961795 9.367842837565417e-15 
0.38496169616961695 9.330087115753173e-15 
0.385961596159616 9.292530764956566e-15 
0.386961496149615 9.255172372774452e-15 
0.387961396139614 9.218010540517902e-15 
0.388961296129613 9.181043883035152e-15 
0.389961196119612 9.14427102853926e-15 
0.390961096109611 9.107690618438459e-15 
0.39196099609961 9.071301307169137e-15 
0.392960896089609 9.035101762031391e-15 
0.393960796079608 8.999090663027146e-15 
0.394960696069607 8.963266702700743e-15 
0.395960596059606 8.927628585981977e-15 
0.396960496049605 8.892175030031561e-15 
0.397960396039604 8.85690476408893e-15 
0.398960296029603 8.821816529322378e-15 
0.399960196019602 8.786909078681464e-15 
0.400960096009601 8.752181176751672e-15 
0.4019599959996 8.717631599611254e-15 
0.40295989598959897 8.683259134690247e-15 
0.40395979597959797 8.64906258063161e-15 
0.40495969596959697 8.61504074715444e-15 
0.40595959595959596 8.581192454919251e-15 
0.40695949594959496 8.54751653539525e-15 
0.40795939593959396 8.514011830729605e-15 
0.40895929592959296 8.480677193618669e-15 
0.40995919591959196 8.447511487181068e-15 
0.41095909590959095 8.414513584832739e-15 
0.41195899589958995 8.381682370163739e-15 
0.41295889588958895 8.349016736816931e-15 
0.41395879587958795 8.31651558836841e-15 
0.414958695869587 8.284177838209698e-15 
0.415958595859586 8.252002409431684e-15 
0.416958495849585 8.219988234710198e-15 
0.417958395839584 8.188134256193316e-15 
0.418958295829583 8.156439425390262e-15 
0.419958195819582 8.124902703061935e-15 
0.420958095809581 8.093523059112994e-15 
0.42195799579958 8.062299472485548e-15 
0.422957895789579 8.031230931054317e-15 
0.423957795779578 8.000316431523327e-15 
0.424957695769577 7.969554979324095e-15 
0.425957595759576 7.93894558851523e-15 
0.426957495749575 7.908487281683505e-15 
0.427957395739574 7.878179089846305e-15 
0.428957295729573 7.848020052355472e-15 
0.42995719571957197 7.818009216802495e-15 
0.43095709570957097 7.788145638925065e-15 
0.43195699569956997 7.758428382514922e-15 
0.43295689568956897 7.728856519326988e-15 
0.43395679567956796 7.6994291289898e-15 
0.43495669566956696 7.670145298917188e-15 
0.43595659565956596 7.641004124221152e-15 
0.43695649564956496 7.612004707626004e-15 
0.43795639563956396 7.583146159383643e-15 
0.43895629562956295 7.554427597190058e-15 
0.43995619561956195 7.525848146102942e-15 
0.44095609560956095 7.497406938460466e-15 
0.44195599559955995 7.469103113801148e-15 
0.442955895589559 7.44093581878484e-15 
0.443955795579558 7.412904207114794e-15 
0.444955695569557 7.385007439460774e-15 
0.445955595559556 7.357244683383229e-15 
0.446955495549555 7.329615113258498e-15 
0.447955395539554 7.302117910205014e-15 
0.448955295529553 7.274752262010525e-15 
0.449955195519552 7.247517363060277e-15 
0.450955095509551 7.220412414266172e-15 
0.45195499549955 7.193436622996894e-15 
0.452954895489549 7.166589203008922e-15 
0.453954795479548 7.139869374378528e-15 
0.454954695469547 7.113276363434621e-15 
0.455954595459546 7.086809402692539e-15 
0.456954495449545 7.060467730788674e-15 
0.45795439543954397 7.034250592415978e-15 
0.45895429542954297 7.008157238260341e-15 
0.45995419541954197 6.982186924937773e-15 
0.46095409540954096 6.956338914932431e-15 
0.46195399539953996 6.930612476535456e-15 
0.46295389538953896 6.905006883784611e-15 
0.46395379537953796 6.879521416404698e-15 
0.46495369536953696 6.854155359748765e-15 
0.46595359535953595 6.828908004740057e-15 
0.46695349534953495 6.803778647814744e-15 
0.46795339533953395 6.778766590865367e-15 
0.46895329532953295 6.753871141185022e-15 
0.46995319531953195 6.7290916114122704e-15 
0.47095309530953094 6.704427319476737e-15 
0.47195299529953 6.679877588545424e-15 
0.472952895289529 6.6554417469697064e-15 
0.473952795279528 6.631119128232991e-15 
0.474952695269527 6.606909070899052e-15 
0.475952595259526 6.582810918561024e-15 
0.476952495249525 6.558824019791031e-15 
0.477952395239524 6.534947728090468e-15 
0.478952295229523 6.5111814018408795e-15 
0.479952195219522 6.4875244042554906e-15 
0.480952095209521 6.463976103331322e-15 
0.48195199519952 6.4405358718019124e-15 
0.482951895189519 6.417203087090628e-15 
0.483951795179518 6.393977131264557e-15 
0.48495169516951697 6.370857390988978e-15 
0.48595159515951597 6.347843257482388e-15 
0.48695149514951497 6.32493412647208e-15 
0.48795139513951397 6.3021293981502914e-15 
0.48895129512951296 6.279428477130873e-15 
0.48995119511951196 6.2568307724064835e-15 
0.49095109510951096 6.234335697306339e-15 
0.49195099509950996 6.211942669454444e-15 
0.49295089508950896 6.189651110728358e-15 
0.49395079507950795 6.1674604472184435e-15 
0.49495069506950695 6.145370109187628e-15 
0.49595059505950595 6.123379531031637e-15 
0.49695049504950495 6.1014881512397154e-15 
0.49795039503950395 6.079695412355821e-15 
0.49895029502950294 6.058000760940289e-15 
0.499950195019502 6.0364036475319415e-15 
0.5009500950095009 6.014903526610675e-15 
0.5019499949995 5.993499856560463e-15 
0.5029498949894989 5.972192099632837e-15 
0.503949794979498 5.950979721910764e-15 
0.5049496949694969 5.929862193272982e-15 
0.505949594959496 5.908838987358736e-15 
0.5069494949494949 5.887909581532948e-15 
0.507949394939494 5.867073456851781e-15 
0.5089492949294929 5.846330098028619e-15 
0.509949194919492 5.825678993400444e-15 
0.5109490949094909 5.8051196348946e-15 
0.51194899489949 5.7846515179959466e-15 
0.5129488948894889 5.764274141714409e-15 
0.513948794879488 5.743987008552873e-15 
0.514948694869487 5.723789624475494e-15 
0.515948594859486 5.7036814988763364e-15 
0.516948494849485 5.683662144548387e-15 
0.517948394839484 5.663731077652936e-15 
0.518948294829483 5.643887817689291e-15 
0.519948194819482 5.624131887464851e-15 
0.520948094809481 5.604462813065513e-15 
0.52194799479948 5.584880123826432e-15 
0.522947894789479 5.565383352303085e-15 
0.523947794779478 5.545972034242696e-15 
0.524947694769477 5.526645708555955e-15 
0.525947594759476 5.507403917289088e-15 
0.526947494749475 5.488246205596201e-15 
0.5279473947394739 5.469172121711981e-15 
0.528947294729473 5.450181216924659e-15 
0.5299471947194719 5.431273045549315e-15 
0.530947094709471 5.412447164901442e-15 
0.5319469946994699 5.393703135270848e-15 
0.532946894689469 5.375040519895798e-15 
0.5339467946794679 5.356458884937498e-15 
0.534946694669467 5.3379577994548065e-15 
0.5359465946594659 5.3195368353792664e-15 
0.536946494649465 5.3011955674903876e-15 
0.5379463946394639 5.28293357339122e-15 
0.538946294629463 5.264750433484169e-15 
0.5399461946194619 5.246645730947103e-15 
0.540946094609461 5.228619051709699e-15 
0.5419459945994599 5.210669984430067e-15 
0.542945894589459 5.192798120471596e-15 
0.543945794579458 5.175003053880094e-15 
0.544945694569457 5.157284381361136e-15 
0.545945594559456 5.1396417022576755e-15 
0.546945494549455 5.1220746185279e-15 
0.547945394539454 5.1045827347233024e-15 
0.548945294529453 5.087165657967022e-15 
0.549945194519452 5.069822997932377e-15 
0.550945094509451 5.052554366821664e-15 
0.55194499449945 5.035359379345142e-15 
0.552944894489449 5.018237652700291e-15 
0.553944794479448 5.0011888065512316e-15 
0.5549446944694469 4.984212463008411e-15 
0.555944594459446 4.9673082466084694e-15 
0.5569444944494449 4.95047578429435e-15 
0.557944394439444 4.933714705395573e-15 
0.5589442944294429 4.9170246416087646e-15 
0.559944194419442 4.900405226978355e-15 
0.5609440944094409 4.8838560978774936e-15 
0.56194399439944 4.8673768929891505e-15 
0.5629438943894389 4.850967253287436e-15 
0.563943794379438 4.834626822019076e-15 
0.5649436943694369 4.818355244685127e-15 
0.565943594359436 4.802152169022823e-15 
0.5669434943494349 4.786017244987668e-15 
0.567943394339434 4.769950124735663e-15 
0.5689432943294329 4.753950462605743e-15 
0.569943194319432 4.738017915102381e-15 
0.570943094309431 4.722152140878372e-15 
0.57194299429943 4.7063528007177995e-15 
0.572942894289429 4.690619557519153e-15 
0.573942794279428 4.6749520762786445e-15 
0.574942694269427 4.65935002407367e-15 
0.575942594259426 4.6438130700464476e-15 
0.576942494249425 4.628340885387819e-15 
0.577942394239424 4.6129331433212165e-15 
0.578942294229423 4.597589519086778e-15 
0.579942194219422 4.582309689925636e-15 
0.580942094209421 4.567093335064347e-15 
0.5819419941994199 4.5519401356994936e-15 
0.582941894189419 4.536849774982418e-15 
0.5839417941794179 4.5218219380041285e-15 
0.584941694169417 4.50685631178033e-15 
0.5859415941594159 4.491952585236629e-15 
0.586941494149415 4.477110449193857e-15 
0.5879413941394139 4.462329596353561e-15 
0.588941294129413 4.447609721283612e-15 
0.5899411941194119 4.432950520403983e-15 
0.590941094109411 4.418351691972631e-15 
0.5919409940994099 4.403812936071547e-15 
0.592940894089409 4.389333954592918e-15 
0.5939407940794079 4.374914451225441e-15 
0.594940694069407 4.360554131440748e-15 
0.5959405940594059 4.3462527024799865e-15 
0.596940494049405 4.3320098733405025e-15 
0.5979403940394039 4.317825354762673e-15 
0.598940294029403 4.30369885921685e-15 
0.599940194019402 4.289630100890435e-15 
0.600940094009401 4.2756187956750765e-15 
0.6019399939994 4.2616646611539795e-15 
0.602939893989399 4.2477674165893556e-15 
0.603939793979398 4.233926782909965e-15 
0.604939693969397 4.2201424826987984e-15 
0.605939593959396 4.2064142401808634e-15 
0.606939493949395 4.192741781211085e-15 
0.607939393939394 4.1791248332623255e-15 
0.6089392939293929 4.165563125413508e-15 
0.609939193919392 4.152056388337859e-15 
0.6109390939093909 4.138604354291253e-15 
0.61193899389939 4.125206757100668e-15 
0.6129388938893889 4.111863332152756e-15 
0.613938793879388 4.0985738163824945e-15 
0.6149386938693869 4.085337948261976e-15 
0.615938593859386 4.07215546778927e-15 
0.6169384938493849 4.05902611647741e-15 
0.617938393839384 4.045949637343466e-15 
0.6189382938293829 4.032925774897725e-15 
0.619938193819382 4.019954275132963e-15 
0.6209380938093809 4.007034885513824e-15 
0.62193799379938 3.994167354966285e-15 
0.6229378937893789 3.981351433867229e-15 
0.623937793779378 3.9685868740340925e-15 
0.6249376937693769 3.95587342871463e-15 
0.625937593759376 3.943210852576748e-15 
0.6269374937493749 3.930598901698451e-15 
0.627937393739374 3.9180373335578555e-15 
0.628937293729373 3.9055259070233155e-15 
0.629937193719372 3.89306438234362e-15 
0.630937093709371 3.880652521138279e-15 
0.63193699369937 3.868290086387908e-15 
0.632936893689369 3.8559768424246805e-15 
0.633936793679368 3.843712554922879e-15 
0.634936693669367 3.831496990889518e-15 
0.635936593659366 3.819329918655064e-15 
0.636936493649365 3.807211107864212e-15 
0.6379363936393639 3.795140329466781e-15 
0.638936293629363 3.78311735570864e-15 
0.6399361936193619 3.771141960122765e-15 
0.640936093609361 3.759213917520326e-15 
0.6419359935993599 3.7473330039818925e-15 
0.642935893589359 3.735498996848681e-15 
0.6439357935793579 3.723711674713905e-15 
0.644935693569357 3.711970817414178e-15 
0.6459355935593559 3.700276206021012e-15 
0.646935493549355 3.688627622832363e-15 
0.6479353935393539 3.677024851364279e-15 
0.648935293529353 3.665467676342588e-15 
0.6499351935193519 3.653955883694689e-15 
0.650935093509351 3.642489260541378e-15 
0.6519349934993499 3.6310675951887804e-15 
0.652934893489349 3.61969067712032e-15 
0.6539347934793479 3.608358296988776e-15 
0.654934693469347 3.597070246608396e-15 
0.6559345934593459 3.5858263189470845e-15 
0.656934493449345 3.574626308118647e-15 
0.657934393439344 3.563470009375108e-15 
0.658934293429343 3.552357219099093e-15 
0.659934193419342 3.5412877347962585e-15 
0.660934093409341 3.5302613550878117e-15 
0.66193399339934 3.5192778797030687e-15 
0.662933893389339 3.50833710947209e-15 
0.663933793379338 3.497438846318366e-15 
0.6649336933693369 3.486582893251572e-15 
0.665933593359336 3.4757690543603745e-15 
0.6669334933493349 3.464997134805307e-15 
0.667933393339334 3.4542669408116903e-15 
0.6689332933293329 3.443578279662629e-15 
0.669933193319332 3.432930959692047e-15 
0.6709330933093309 3.4223247902777933e-15 
0.67193299329933 3.4117595818347928e-15 
0.6729328932893289 3.4012351458082694e-15 
0.673932793279328 3.3907512946670004e-15 
0.6749326932693269 3.3803078418966495e-15 
0.675932593259326 3.369904601993139e-15 
0.6769324932493249 3.3595413904560763e-15 
0.677932393239324 3.349218023782241e-15 
0.6789322932293229 3.3389343194591203e-15 
0.679932193219322 3.328690095958489e-15 
0.6809320932093209 3.3184851727300568e-15 
0.68193199319932 3.3083193701951474e-15 
0.6829318931893189 3.298192509740448e-15 
0.683931793179318 3.288104413711787e-15 
0.684931693169317 3.2780549054079847e-15 
0.685931593159316 3.2680438090747307e-15 
0.686931493149315 3.258070949898521e-15 
0.687931393139314 3.2481361540006456e-15 
0.688931293129313 3.2382392484312165e-15 
0.689931193119312 3.2283800611632454e-15 
0.690931093109311 3.2185584210867662e-15 
0.6919309930993099 3.2087741580030104e-15 
0.692930893089309 3.1990271026186162e-15 
0.6939307930793079 3.1893170865398964e-15 
0.694930693069307 3.1796439422671364e-15 
0.6959305930593059 3.170007503188951e-15 
0.696930493049305 3.1604076035766733e-15 
0.6979303930393039 3.150844078578795e-15 
0.698930293029303 3.1413167642154432e-15 
0.6999301930193019 3.131825497372909e-15 
0.700930093009301 3.122370115798202e-15 
0.7019299929992999 3.1129504580936696e-15 
0.702929892989299 3.1035663637116323e-15 
0.7039297929792979 3.0942176729490875e-15 
0.704929692969297 3.0849042269424214e-15 
0.7059295929592959 3.0756258676621928e-15 
0.706929492949295 3.066382437907937e-15 
0.7079293929392939 3.057173781303016e-15 
0.708929292929293 3.047999742289503e-15 
0.7099291929192919 3.0388601661231165e-15 
0.710929092909291 3.0297548988681778e-15 
0.7119289928992899 3.02068378739262e-15 
0.712928892889289 3.0116466793630214e-15 
0.713928792879288 3.0026434232396947e-15 
0.714928692869287 2.9936738682717912e-15 
0.715928592859286 2.984737864492455e-15 
0.716928492849285 2.975835262714017e-15 
0.717928392839284 2.9669659145232082e-15 
0.7189282928292829 2.9581296722764296e-15 
0.719928192819282 2.949326389095036e-15 
0.7209280928092809 2.940555918860676e-15 
0.72192799279928 2.931818116210645e-15 
0.7229278927892789 2.9231128365332945e-15 
0.723927792779278 2.914439935963455e-15 
0.7249276927692769 2.9057992713779074e-15 
0.725927592759276 2.8971907003908793e-15 
0.7269274927492749 2.8886140813495807e-15 
0.727927392739274 2.8800692733297653e-15 
0.7289272927292729 2.8715561361313295e-15 
0.729927192719272 2.8630745302739404e-15 
0.7309270927092709 2.8546243169927035e-15 
0.73192699269927 2.846205358233844e-15 
0.7329268926892689 2.8378175166504458e-15 
0.733926792679268 2.829460655598192e-15 
0.7349266926692669 2.821134639131165e-15 
0.735926592659266 2.8128393319976505e-15 
0.7369264926492649 2.804574599635994e-15 
0.737926392639264 2.79634030817047e-15 
0.7389262926292629 2.7881363244071977e-15 
0.739926192619262 2.779962515830063e-15 
0.7409260926092609 2.771818750596698e-15 
0.74192599259926 2.7637048975344624e-15 
0.742925892589259 2.7556208261364767e-15 
0.743925792579258 2.747566406557664e-15 
0.744925692569257 2.7395415096108317e-15 
0.745925592559256 2.731546006762783e-15 
0.746925492549255 2.7235797701304417e-15 
0.7479253925392539 2.7156426724770256e-15 
0.748925292529253 2.707734587208222e-15 
0.7499251925192519 2.699855388368417e-15 
0.750925092509251 2.692004950636926e-15 
0.7519249924992499 2.6841831493242744e-15 
0.752924892489249 2.6763898603684806e-15 
0.7539247924792479 2.6686249603313857e-15 
0.754924692469247 2.6608883263949972e-15 
0.7559245924592459 2.653179836357864e-15 
0.756924492449245 2.6454993686314673e-15 
0.7579243924392439 2.637846802236654e-15 
0.758924292429243 2.6302220168000733e-15 
0.7599241924192419 2.62262489255066e-15 
0.760924092409241 2.6150553103161214e-15 
0.7619239923992399 2.6075131515194663e-15 
0.762923892389239 2.599998298175545e-15 
0.7639237923792379 2.5925106328876233e-15 
0.764923692369237 2.5850500388439686e-15 
0.7659235923592359 2.5776163998144746e-15 
0.766923492349235 2.570209600147293e-15 
0.7679233923392339 2.562829524765501e-15 
0.768923292329233 2.555476059163784e-15 
0.769923192319232 2.5481490894051456e-15 
0.770923092309231 2.5408485021176377e-15 
0.77192299229923 2.533574184491113e-15 
0.772922892289229 2.5263260242739988e-15 
0.773922792279228 2.519103909770097e-15 
0.7749226922692269 2.5119077298354016e-15 
0.775922592259226 2.5047373738749355e-15 
0.7769224922492249 2.497592731839618e-15 
0.777922392239224 2.4904736942231437e-15 
0.7789222922292229 2.4833801520588896e-15 
0.779922192219222 2.476311996916834e-15 
0.7809220922092209 2.4692691209005097e-15 
0.78192199219922 2.4622514166439635e-15 
0.7829218921892189 2.455258777308748e-15 
0.783921792179218 2.4482910965809226e-15 
0.7849216921692169 2.4413482686680853e-15 
0.785921592159216 2.434430188296415e-15 
0.7869214921492149 2.427536750707742e-15 
0.787921392139214 2.4206678516566295e-15 
0.7889212921292129 2.4138233874074812e-15 
0.789921192119212 2.4070032547316643e-15 
0.7909210921092109 2.4002073509046563e-15 
0.79192099209921 2.3934355737031996e-15 
0.7929208920892089 2.3866878214024935e-15 
0.793920792079208 2.3799639927733835e-15 
0.7949206920692069 2.373263987079589e-15 
0.795920592059206 2.3665877040749305e-15 
0.7969204920492049 2.3599350440005925e-15 
0.797920392039204 2.35330590758239e-15 
0.798920292029203 2.346700196028064e-15 
0.799920192019202 2.3401178110245878e-15 
0.800920092009201 2.3335586547354912e-15 
0.8019199919991999 2.3270226297982086e-15 
0.802919891989199 2.3205096393214337e-15 
0.8039197919791979 2.314019586882505e-15 
0.804919691969197 2.3075523765247937e-15 
0.8059195919591959 2.3011079127551208e-15 
0.806919491949195 2.2946861005411828e-15 
0.8079193919391939 2.2882868453089997e-15 
0.808919291929193 2.2819100529403745e-15 
0.8099191919191919 2.2755556297703747e-15 
0.810919091909191 2.2692234825848223e-15 
0.8119189918991899 2.2629135186178113e-15 
0.812918891889189 2.2566256455492284e-15 
0.8139187918791879 2.2503597715022998e-15 
0.814918691869187 2.244115805041146e-15 
0.8159185918591859 2.2378936551683617e-15 
0.816918491849185 2.2316932313225987e-15 
0.8179183918391839 2.2255144433761785e-15 
0.818918291829183 2.2193572016327054e-15 
0.8199181918191819 2.2132214168247085e-15 
0.820918091809181 2.2071070001112876e-15 
0.8219179917991799 2.201013863075783e-15 
0.822917891789179 2.194941917723452e-15 
0.8239177917791779 2.188891076479168e-15 
0.824917691769177 2.1828612521851284e-15 
0.8259175917591759 2.1768523580985796e-15 
0.826917491749175 2.1708643078895533e-15 
0.827917391739174 2.1648970156386246e-15 
0.828917291729173 2.158950395834676e-15 
0.829917191719172 2.153024363372677e-15 
0.8309170917091709 2.147118833551485e-15 
0.83191699169917 2.1412337220716474e-15 
0.8329168916891689 2.1353689450332328e-15 
0.833916791679168 2.129524418933657e-15 
0.8349166916691669 2.1237000606655448e-15 
0.835916591659166 2.1178957875145856e-15 
0.8369164916491649 2.1121115171574123e-15 
0.837916391639164 2.1063471676594912e-15 
0.8389162916291629 2.100602657473029e-15 
0.839916191619162 2.0948779054348827e-15 
0.8409160916091609 2.0891728307644952e-15 
0.84191599159916 2.083487353061833e-15 
0.8429158915891589 2.0778213923053455e-15 
0.843915791579158 2.0721748688499254e-15 
0.8449156915691569 2.0665477034248996e-15 
0.845915591559156 2.060939817132012e-15 
0.8469154915491549 2.055351131443436e-15 
0.847915391539154 2.0497815681997836e-15 
0.8489152915291529 2.0442310496081474e-15 
0.849915191519152 2.0386994982401285e-15 
0.8509150915091509 2.033186837029902e-15 
0.85191499149915 2.0276929892722745e-15 
0.8529148914891489 2.0222178786207678e-15 
0.853914791479148 2.0167614290857033e-15 
0.8549146914691469 2.011323565032308e-15 
0.855914591459146 2.005904211178823e-15 
0.856914491449145 2.00050329259463e-15 
0.8579143914391439 1.9951207346983887e-15 
0.858914291429143 1.989756463256179e-15 
0.8599141914191419 1.9844104043796636e-15 
0.860914091409141 1.979082484524256e-15 
0.8619139913991399 1.9737726304873023e-15 
0.862913891389139 1.9684807694062716e-15 
0.8639137913791379 1.9632068287569587e-15 
0.864913691369137 1.957950736351698e-15 
0.8659135913591359 1.9527124203375896e-15 
0.866913491349135 1.9474918091947317e-15 
0.8679133913391339 1.942288831734469e-15 
0.868913291329133 1.9371034170976447e-15 
0.8699131913191319 1.931935494752874e-15 
0.870913091309131 1.9267849944948147e-15 
0.8719129912991299 1.921651846442461e-15 
0.872912891289129 1.916535981037435e-15 
0.8739127912791279 1.911437329042301e-15 
0.874912691269127 1.9063558215388783e-15 
0.8759125912591259 1.9012913899265747e-15 
0.876912491249125 1.8962439659207205e-15 
0.8779123912391239 1.8912134815509195e-15 
0.878912291229123 1.886199869159405e-15 
0.8799121912191219 1.881203061399412e-15 
0.880912091209121 1.876222991233548e-15 
0.8819119911991199 1.8712595919321862e-15 
0.882911891189119 1.8663127970718608e-15 
0.883911791179118 1.861382540533671e-15 
0.8849116911691169 1.8564687565017e-15 
0.885911591159116 1.8515713794614375e-15 
0.8869114911491149 1.8466903441982195e-15 
0.887911391139114 1.8418255857956634e-15 
0.8889112911291129 1.8369770396341297e-15 
0.889911191119112 1.832144641389178e-15 
0.8909110911091109 1.8273283270300424e-15 
0.89191099109911 1.8225280328181086e-15 
0.8929108910891089 1.8177436953054063e-15 
0.893910791079108 1.812975251333103e-15 
0.8949106910691069 1.8082226380300155e-15 
0.895910591059106 1.8034857928111212e-15 
0.8969104910491049 1.798764653376089e-15 
0.897910391039104 1.794059157707801e-15 
0.8989102910291029 1.7893692440709075e-15 
0.899910191019102 1.784694851010367e-15 
0.9009100910091009 1.78003591735001e-15 
0.9019099909991 1.7753923821911022e-15 
0.9029098909890989 1.7707641849109256e-15 
0.903909790979098 1.7661512651613557e-15 
0.9049096909690969 1.7615535628674583e-15 
0.905909590959096 1.756971018226085e-15 
0.9069094909490949 1.7524035717044874e-15 
0.907909390939094 1.747851164038927e-15 
0.9089092909290929 1.7433137362333048e-15 
0.909909190919092 1.7387912295577894e-15 
0.9109090909090909 1.734283585547461e-15 
0.9119089908990899 1.7297907460009561e-15 
0.912908890889089 1.7253126529791253e-15 
0.9139087908790879 1.720849248803698e-15 
0.914908690869087 1.7164004760559496e-15 
0.9159085908590859 1.7119662775753865e-15 
0.916908490849085 1.7075465964584255e-15 
0.9179083908390839 1.7031413760570956e-15 
0.918908290829083 1.6987505599777334e-15 
0.9199081908190819 1.694374092079697e-15 
0.920908090809081 1.690011916474078e-15 
0.9219079907990799 1.6856639775224296e-15 
0.922907890789079 1.6813302198354955e-15 
0.9239077907790779 1.6770105882719482e-15 
0.924907690769077 1.6727050279371355e-15 
0.9259075907590759 1.6684134841818345e-15 
0.926907490749075 1.664135902601008e-15 
0.9279073907390739 1.659872229032576e-15 
0.928907290729073 1.6556224095561851e-15 
0.9299071907190719 1.651386390491995e-15 
0.930907090709071 1.6471641183994608e-15 
0.9319069906990699 1.642955540076132e-15 
0.932906890689069 1.6387606025564518e-15 
0.9339067906790679 1.6345792531105682e-15 
0.934906690669067 1.630411439243145e-15 
0.9359065906590659 1.626257108692189e-15 
0.936906490649065 1.6221162094278752e-15 
0.9379063906390639 1.6179886896513828e-15 
0.938906290629063 1.613874497793736e-15 
0.9399061906190619 1.6097735825146565e-15 
0.9409060906090609 1.605685892701413e-15 
0.94190599059906 1.6016113774676856e-15 
0.9429058905890589 1.5975499861524344e-15 
0.943905790579058 1.59350166831877e-15 
0.9449056905690569 1.589466373752839e-15 
0.945905590559056 1.5854440524627047e-15 
0.9469054905490549 1.5814346546772465e-15 
0.947905390539054 1.5774381308450542e-15 
0.9489052905290529 1.5734544316333365e-15 
0.949905190519052 1.569483507926829e-15 
0.9509050905090509 1.5655253108267178e-15 
0.95190499049905 1.5615797916495555e-15 
0.9529048904890489 1.557646901926198e-15 
0.953904790479048 1.5537265934007351e-15 
0.9549046904690469 1.5498188180294353e-15 
0.955904590459046 1.5459235279796904e-15 
0.9569044904490449 1.5420406756289728e-15 
0.957904390439044 1.5381702135637898e-15 
0.9589042904290429 1.5343120945786543e-15 
0.959904190419042 1.5304662716750492e-15 
0.9609040904090409 1.5266326980604098e-15 
0.96190399039904 1.5228113271471014e-15 
0.9629038903890389 1.5190021125514103e-15 
0.963903790379038 1.5152050080925349e-15 
0.9649036903690369 1.5114199677915859e-15 
0.965903590359036 1.5076469458705902e-15 
0.9669034903490349 1.5038858967515026e-15 
0.9679033903390339 1.5001367750552178e-15 
0.9689032903290329 1.496399535600596e-15 
0.9699031903190319 1.4926741334034833e-15 
0.970903090309031 1.48896052367575e-15 
0.9719029902990299 1.485258661824323e-15 
0.972902890289029 1.4815685034502283e-15 
0.9739027902790279 1.4778900043476426e-15 
0.974902690269027 1.4742231205029412e-15 
0.9759025902590259 1.4705678080937588e-15 
0.976902490249025 1.4669240234880513e-15 
0.9779023902390239 1.4632917232431664e-15 
0.978902290229023 1.4596708641049142e-15 
0.9799021902190219 1.4560614030066477e-15 
0.980902090209021 1.4524632970683455e-15 
0.9819019901990199 1.4488765035957014e-15 
0.982901890189019 1.4453009800792159e-15 
0.9839017901790179 1.4417366841932967e-15 
0.984901690169017 1.4381835737953615e-15 
0.9859015901590159 1.4346416069249461e-15 
0.986901490149015 1.4311107418028175e-15 
0.9879013901390139 1.4275909368300928e-15 
0.988901290129013 1.4240821505873607e-15 
0.9899011901190119 1.4205843418338094e-15 
0.990901090109011 1.41709746950636e-15 
0.9919009900990099 1.413621492718804e-15 
0.992900890089009 1.4101563707609398e-15 
0.9939007900790079 1.4067020630977284e-15 
0.9949006900690069 1.403258529368434e-15 
0.9959005900590059 1.3998257293857886e-15 
0.9969004900490049 1.396403623135146e-15 
0.997900390039004 1.3929921707736499e-15 
0.9989002900290029 1.3895913326294013e-15 
0.999900190019002 1.3862010692006332e-15 
1.0009000900090008 1.3828213411548894e-15 
1.001899989999 1.3794521093282037e-15 
1.002899889988999 1.3760933347242926e-15 
1.0038997899789979 1.372744978513741e-15 
1.004899689968997 1.3694070020332015e-15 
1.005899589958996 1.366079366784594e-15 
1.006899489948995 1.3627620344343085e-15 
1.0078993899389939 1.3594549668124157e-15 
1.008899289928993 1.3561581259118771e-15 
1.009899189918992 1.352871473887767e-15 
1.010899089908991 1.3495949730564883e-15 
1.0118989898989899 1.3463285858950017e-15 
1.012898889888989 1.3430722750400528e-15 
1.013898789878988 1.33982600328741e-15 
1.014898689868987 1.3365897335910975e-15 
1.0158985898589858 1.3333634290626388e-15 
1.016898489848985 1.3301470529703038e-15 
1.017898389838984 1.32694056873836e-15 
1.018898289828983 1.3237439399463225e-15 
1.0198981898189818 1.3205571303282153e-15 
1.020898089808981 1.31738010377183e-15 
1.02189798979898 1.3142128243179986e-15 
1.0228978897889789 1.3110552561598538e-15 
1.0238977897789778 1.3079073636421097e-15 
1.024897689768977 1.3047691112603355e-15 
1.025897589758976 1.3016404636602407e-15 
1.0268974897489749 1.2985213856369559e-15 
1.027897389738974 1.2954118421343235e-15 
1.028897289728973 1.2923117982441932e-15 
1.029897189718972 1.2892212192057138e-15 
1.0308970897089709 1.286140070404636e-15 
1.03189698969897 1.2830683173726156e-15 
1.032896889688969 1.280005925786523e-15 
1.033896789678968 1.2769528614677513e-15 
1.0348966896689669 1.2739090903815336e-15 
1.035896589658966 1.270874578636259e-15 
1.036896489648965 1.2678492924827985e-15 
1.037896389638964 1.2648331983138275e-15 
1.0388962896289629 1.2618262626631559e-15 
1.039896189618962 1.2588284522050602e-15 
1.040896089608961 1.2558397337536228e-15 
1.04189598959896 1.2528600742620676e-15 
1.0428958895889588 1.2498894408221047e-15 
1.043895789578958 1.2469278006632783e-15 
1.044895689568957 1.2439751211523172e-15 
1.045895589558956 1.2410313697924855e-15 
1.0468954895489548 1.2380965142229408e-15 
1.047895389538954 1.2351705222180952e-15 
1.048895289528953 1.2322533616869793e-15 
1.0498951895189519 1.2293450006726073e-15 
1.0508950895089508 1.226445407351349e-15 
1.05189498949895 1.223554550032301e-15 
1.052894889488949 1.220672397156668e-15 
1.0538947894789479 1.2177989172971379e-15 
1.054894689468947 1.2149340791572663e-15 
1.055894589458946 1.2120778515708672e-15 
1.056894489448945 1.2092302035013975e-15 
1.0578943894389439 1.2063911040413514e-15 
1.058894289428943 1.2035605224116577e-15 
1.059894189418942 1.2007384279610787e-15 
1.060894089408941 1.1979247901656118e-15 
1.0618939893989399 1.1951195786278946e-15 
1.062893889388939 1.1923227630766142e-15 
1.063893789378938 1.1895343133659202e-15 
1.064893689368937 1.1867541994748358e-15 
1.0658935893589359 1.1839823915066787e-15 
1.066893489348935 1.1812188596884791e-15 
1.067893389338934 1.1784635743704077e-15 
1.068893289328933 1.1757165060251973e-15 
1.0698931893189318 1.1729776252475743e-15 
1.070893089308931 1.1702469027536933e-15 
1.07189298929893 1.1675243093805711e-15 
1.072892889288929 1.1648098160855234e-15 
1.0738927892789278 1.1621033939456094e-15 
1.074892689268927 1.159405014157073e-15 
1.075892589258926 1.1567146480347938e-15 
1.076892489248925 1.154032267011732e-15 
1.0778923892389238 1.1513578426383844e-15 
1.078892289228923 1.1486913465822397e-15 
1.079892189218922 1.1460327506272368e-15 
1.0808920892089209 1.1433820266732255e-15 
1.0818919891989198 1.14073914673543e-15 
1.082891889188919 1.1381040829439156e-15 
1.083891789178918 1.135476807543062e-15 
1.0848916891689169 1.1328572928910282e-15 
1.085891589158916 1.1302455114592327e-15 
1.086891489148915 1.1276414358318316e-15 
1.087891389138914 1.1250450387051944e-15 
1.0888912891289129 1.12245629288739e-15 
1.089891189118912 1.1198751712976719e-15 
1.090891089108911 1.1173016469659665e-15 
1.09189098909891 1.1147356930323628e-15 
1.0928908890889089 1.1121772827466066e-15 
1.093890789078908 1.109626389467595e-15 
1.094890689068907 1.1070829866628788e-15 
1.095890589058906 1.1045470479081593e-15 
1.0968904890489048 1.1020185468867935e-15 
1.097890389038904 1.0994974573892998e-15 
1.098890289028903 1.09698375331287e-15 
1.099890189018902 1.0944774086608742e-15 
1.1008900890089008 1.0919783975423803e-15 
1.1018899889989 1.0894866941716662e-15 
1.102889888988899 1.0870022728677414e-15 
1.103889788978898 1.084525108053866e-15 
1.1048896889688968 1.082055174257074e-15 
1.105889588958896 1.0795924461077002e-15 
1.106889488948895 1.0771368983389097e-15 
1.1078893889388939 1.074688505786225e-15 
1.1088892889288928 1.0722472433870622e-15 
1.109889188918892 1.0698130861802643e-15 
1.110889088908891 1.0673860093056416e-15 
1.1118889888988899 1.0649659880035092e-15 
1.112888888888889 1.0625529976142292e-15 
1.113888788878888 1.0601470135777593e-15 
1.114888688868887 1.0577480114331944e-15 
1.1158885888588859 1.0553559668183204e-15 
1.116888488848885 1.0529708554691619e-15 
1.117888388838884 1.0505926532195416e-15 
1.118888288828883 1.0482213360006299e-15 
1.1198881888188819 1.045856879840507e-15 
1.120888088808881 1.0434992608637227e-15 
1.12188798879888 1.0411484552908602e-15 
1.122887888788879 1.0388044394380983e-15 
1.1238877887788778 1.036467189716782e-15 
1.124887688768877 1.034136682632987e-15 
1.125887588758876 1.0318128947870986e-15 
1.126887488748875 1.0294958028733778e-15 
1.1278873887388738 1.0271853836795402e-15 
1.128887288728873 1.0248816140863347e-15 
1.129887188718872 1.0225844710671234e-15 
1.130887088708871 1.0202939316874618e-15 
1.1318869886988698 1.018009973104684e-15 
1.132886888688869 1.0157325725674896e-15 
1.133886788678868 1.013461707415532e-15 
1.1348866886688669 1.0111973550790072e-15 
1.1358865886588658 1.0089394930782487e-15 
1.136886488648865 1.0066880990233188e-15 
1.137886388638864 1.0044431506136092e-15 
1.1388862886288629 1.0022046256374357e-15 
1.139886188618862 9.9997250197164e-16 
1.140886088608861 9.977467575811944e-16 
1.14188598859886 9.955273705188022e-16 
1.1428858885888589 9.933143189245069e-16 
1.143885788578858 9.911075810252996e-16 
1.144885688568857 9.889071351347316e-16 
1.145885588558856 9.867129596525226e-16 
1.1468854885488549 9.845250330641775e-16 
1.147885388538854 9.823433339406023e-16 
1.148885288528853 9.801678409377226e-16 
1.149885188518852 9.779985327961019e-16 
1.1508850885088509 9.758353883405642e-16 
1.15188498849885 9.736783864798182e-16 
1.152884888488849 9.715275062060832e-16 
1.153884788478848 9.693827265947148e-16 
1.1548846884688468 9.672440268038344e-16 
1.155884588458846 9.651113860739615e-16 
1.156884488448845 9.62984783727647e-16 
1.157884388438844 9.60864199169106e-16 
1.1588842884288428 9.58749611883855e-16 
1.159884188418842 9.566410014383493e-16 
1.160884088408841 9.545383474796273e-16 
1.1618839883988399 9.524416297349461e-16 
1.1628838883888388 9.503508280114298e-16 
1.163883788378838 9.482659221957122e-16 
1.164883688368837 9.461868922535865e-16 
1.1658835883588359 9.441137182296512e-16 
1.1668834883488348 9.42046380246963e-16 
1.167883388338834 9.39984858506687e-16 
1.168883288328833 9.379291332877537e-16 
1.1698831883188319 9.358791849465116e-16 
1.170883088308831 9.338349939163855e-16 
1.17188298829883 9.317965407075375e-16 
1.172882888288829 9.29763805906525e-16 
1.1738827882788279 9.277367701759648e-16 
1.174882688268827 9.257154142541951e-16 
1.175882588258826 9.236997189549461e-16 
1.176882488248825 9.216896651670001e-16 
1.1778823882388239 9.196852338538668e-16 
1.178882288228823 9.176864060534502e-16 
1.179882188218822 9.15693162877723e-16 
1.180882088208821 9.137054855123983e-16 
1.1818819881988198 9.117233552166067e-16 
1.182881888188819 9.097467533225717e-16 
1.183881788178818 9.077756612352912e-16 
1.184881688168817 9.058100604322128e-16 
1.1858815881588158 9.0384993246292e-16 
1.186881488148815 9.018952589488125e-16 
1.187881388138814 8.999460215827937e-16 
1.1888812881288129 8.980022021289535e-16 
1.1898811881188118 8.96063782422259e-16 
1.190881088108811 8.941307443682422e-16 
1.19188098809881 8.922030699426918e-16 
1.1928808880888089 8.902807411913454e-16 
1.1938807880788078 8.883637402295816e-16 
1.194880688068807 8.864520492421187e-16 
1.195880588058806 8.845456504827086e-16 
1.1968804880488049 8.826445262738362e-16 
1.197880388038804 8.807486590064182e-16 
1.198880288028803 8.788580311395064e-16 
1.199880188018802 8.769726251999879e-16 
1.2008800880088009 8.75092423782291e-16 
1.2018799879988 8.732174095480884e-16 
1.202879887988799 8.713475652260077e-16 
1.203879787978798 8.694828736113358e-16 
1.2048796879687969 8.676233175657317e-16 
1.205879587958796 8.657688800169353e-16 
1.206879487948795 8.639195439584824e-16 
1.207879387938794 8.620752924494159e-16 
1.2088792879287928 8.602361086140032e-16 
1.209879187918792 8.584019756414512e-16 
1.210879087908791 8.565728767856269e-16 
1.21187898789879 8.547487953647738e-16 
1.2128788878887888 8.529297147612339e-16 
1.213878787878788 8.511156184211699e-16 
1.214878687868787 8.493064898542894e-16 
1.2158785878587859 8.47502312633568e-16 
1.2168784878487848 8.457030703949758e-16 
1.217878387838784 8.439087468372055e-16 
1.218878287828783 8.421193257214014e-16 
1.2198781878187819 8.403347908708873e-16 
1.2208780878087808 8.385551261708999e-16 
1.22187798779878 8.367803155683201e-16 
1.222877887788779 8.350103430714084e-16 
1.2238777877787779 8.332451927495378e-16 
1.2248776877687768 8.314848487329317e-16 
1.225877587758776 8.297292952124012e-16 
1.226877487748775 8.279785164390843e-16 
1.2278773877387739 8.262324967241855e-16 
1.228877287728773 8.244912204387165e-16 
1.229877187718772 8.227546720132414e-16 
1.230877087708771 8.210228359376177e-16 
1.2318769876987699 8.192956967607429e-16 
1.232876887688769 8.175732390902995e-16 
1.233876787678768 8.15855447592505e-16 
1.234876687668767 8.141423069918582e-16 
1.2358765876587658 8.124338020708895e-16 
1.236876487648765 8.107299176699122e-16 
1.237876387638764 8.090306386867761e-16 
1.238876287628763 8.073359500766191e-16 
1.2398761876187618 8.056458368516215e-16 
1.240876087608761 8.039602840807639e-16 
1.24187598759876 8.022792768895829e-16 
1.2428758875887589 8.006028004599284e-16 
1.2438757875787578 7.989308400297247e-16 
1.244875687568757 7.972633808927283e-16 
1.245875587558756 7.956004083982931e-16 
1.2468754875487549 7.939419079511289e-16 
1.2478753875387538 7.922878650110683e-16 
1.248875287528753 7.906382650928294e-16 
1.249875187518752 7.889930937657842e-16 
1.2508750875087509 7.87352336653723e-16 
1.2518749874987498 7.857159794346243e-16 
1.252874887488749 7.840840078404232e-16 
1.253874787478748 7.824564076567836e-16 
1.2548746874687469 7.80833164722867e-16 
1.255874587458746 7.792142649311065e-16 
1.256874487448745 7.775996942269809e-16 
1.257874387438744 7.759894386087882e-16 
1.2588742874287429 7.743834841274219e-16 
1.259874187418742 7.727818168861474e-16 
1.260874087408741 7.711844230403808e-16 
1.26187398739874 7.695912887974672e-16 
1.2628738873887388 7.680024004164599e-16 
1.263873787378738 7.6641774420790225e-16 
1.264873687368737 7.648373065336105e-16 
1.265873587358736 7.63261073806454e-16 
1.2668734873487348 7.616890324901425e-16 
1.267873387338734 7.601211690990083e-16 
1.268873287328733 7.585574701977953e-16 
1.2698731873187319 7.56997922401443e-16 
1.2708730873087308 7.554425123748767e-16 
1.27187298729873 7.538912268327949e-16 
1.272872887288729 7.523440525394621e-16 
1.2738727872787279 7.508009763084959e-16 
1.2748726872687268 7.492619850026625e-16 
1.275872587258726 7.477270655336669e-16 
1.276872487248725 7.461962048619493e-16 
1.2778723872387239 7.446693899964785e-16 
1.2788722872287228 7.431466079945475e-16 
1.279872187218722 7.41627845961571e-16 
1.280872087208721 7.401130910508842e-16 
1.2818719871987199 7.386023304635386e-16 
1.282871887188719 7.370955514481037e-16 
1.283871787178718 7.355927413004684e-16 
1.284871687168717 7.340938873636397e-16 
1.2858715871587159 7.325989770275477e-16 
1.286871487148715 7.311079977288465e-16 
1.287871387138714 7.29620936950722e-16 
1.288871287128713 7.281377822226932e-16 
1.2898711871187118 7.266585211204207e-16 
1.290871087108711 7.251831412655117e-16 
1.29187098709871 7.23711630325331e-16 
1.292870887088709 7.222439760128063e-16 
1.2938707870787078 7.207801660862401e-16 
1.294870687068707 7.193201883491184e-16 
1.295870587058706 7.178640306499249e-16 
1.296870487048705 7.164116808819499e-16 
1.2978703870387038 7.149631269831053e-16 
1.298870287028703 7.135183569357386e-16 
1.299870187018702 7.12077358766448e-16 
1.3008700870087009 7.106401205458968e-16 
1.3018699869986998 7.092066303886307e-16 
1.302869886988699 7.077768764528955e-16 
1.303869786978698 7.063508469404554e-16 
1.3048696869686969 7.049285300964119e-16 
1.3058695869586958 7.035099142090225e-16 
1.306869486948695 7.020949876095233e-16 
1.307869386938694 7.006837386719505e-16 
1.3088692869286929 6.992761558129616e-16 
1.3098691869186918 6.978722274916587e-16 
1.310869086908691 6.964719422094131e-16 
1.31186898689869 6.950752885096914e-16 
1.3128688868886889 6.936822549778784e-16 
1.313868786878688 6.922928302411048e-16 
1.314868686868687 6.909070029680762e-16 
1.315868586858686 6.895247618688979e-16 
1.3168684868486848 6.88146095694906e-16 
1.317868386838684 6.867709932384962e-16 
1.318868286828683 6.85399443332955e-16 
1.319868186818682 6.840314348522895e-16 
1.3208680868086808 6.826669567110605e-16 
1.32186798679868 6.813059978642143e-16 
1.322867886788679 6.799485473069176e-16 
1.323867786778678 6.785945940743901e-16 
1.3248676867686768 6.772441272417404e-16 
1.325867586758676 6.758971359238012e-16 
1.326867486748675 6.745536092749673e-16 
1.3278673867386739 6.73213536489031e-16 
1.3288672867286728 6.718769067990202e-16 
1.329867186718672 6.705437094770386e-16 
1.330867086708671 6.69213933834105e-16 
1.3318669866986699 6.678875692199912e-16 
1.3328668866886688 6.665646050230656e-16 
1.333866786678668 6.652450306701333e-16 
1.334866686668667 6.6392883562628e-16 
1.3358665866586659 6.626160093947129e-16 
1.3368664866486648 6.613065415166063e-16 
1.337866386638664 6.60000421570945e-16 
1.338866286628663 6.586976391743713e-16 
1.3398661866186619 6.573981839810282e-16 
1.340866086608661 6.561020456824077e-16 
1.34186598659866 6.548092140071991e-16 
1.342865886588659 6.535196787211346e-16 
1.3438657865786579 6.522334296268396e-16 
1.344865686568657 6.509504565636815e-16 
1.345865586558656 6.496707494076208e-16 
1.346865486548655 6.483942980710603e-16 
1.3478653865386538 6.471210925026974e-16 
1.348865286528653 6.458511226873754e-16 
1.349865186518652 6.445843786459388e-16 
1.350865086508651 6.433208504350831e-16 
1.3518649864986498 6.420605281472113e-16 
1.352864886488649 6.408034019102879e-16 
1.353864786478648 6.395494618876951e-16 
1.3548646864686469 6.382986982780871e-16 
1.3558645864586458 6.370511013152488e-16 
1.356864486448645 6.358066612679514e-16 
1.357864386438644 6.345653684398125e-16 
1.3588642864286429 6.333272131691526e-16 
1.3598641864186418 6.320921858288554e-16 
1.360864086408641 6.308602768262276e-16 
1.36186398639864 6.296314766028602e-16 
1.3628638863886389 6.284057756344881e-16 
1.3638637863786378 6.271831644308527e-16 
1.364863686368637 6.259636335355648e-16 
1.365863586358636 6.247471735259673e-16 
1.3668634863486349 6.235337750129983e-16 
1.367863386338634 6.223234286410555e-16 
1.368863286328633 6.211161250878626e-16 
1.369863186318632 6.199118550643322e-16 
1.3708630863086309 6.187106093144341e-16 
1.37186298629863 6.1751237861506e-16 
1.372862886288629 6.163171537758938e-16 
1.373862786278628 6.151249256392758e-16 
1.3748626862686268 6.139356850800736e-16 
1.375862586258626 6.1274942300555e-16 
1.376862486248625 6.115661303552343e-16 
1.377862386238624 6.103857981007901e-16 
1.3788622862286228 6.092084172458879e-16 
1.379862186218622 6.080339788260751e-16 
1.380862086208621 6.068624739086504e-16 
1.3818619861986199 6.056938935925335e-16 
1.3828618861886188 6.045282290081391e-16 
1.383861786178618 6.03365471317251e-16 
1.384861686168617 6.022056117128977e-16 
1.3858615861586159 6.010486414192233e-16 
1.3868614861486148 5.998945516913666e-16 
1.387861386138614 5.987433338153351e-16 
1.388861286128613 5.975949791078819e-16 
1.3898611861186119 5.964494789163831e-16 
1.3908610861086108 5.953068246187144e-16 
1.39186098609861 5.941670076231296e-16 
1.392860886088609 5.930300193681404e-16 
1.3938607860786079 5.918958513223934e-16 
1.3948606860686068 5.907644949845512e-16 
1.395860586058606 5.896359418831725e-16 
1.396860486048605 5.885101835765931e-16 
1.3978603860386039 5.87387211652806e-16 
1.398860286028603 5.8626701772934445e-16 
1.399860186018602 5.851495934531643e-16 
1.400860086008601 5.840349305005254e-16 
1.4018599859985998 5.829230205768771e-16 
1.402859885988599 5.818138554167402e-16 
1.403859785978598 5.807074267835931e-16 
1.404859685968597 5.796037264697552e-16 
1.4058595859585958 5.785027462962731e-16 
1.406859485948595 5.774044781128065e-16 
1.407859385938594 5.76308913797515e-16 
1.4088592859285929 5.752160452569438e-16 
1.4098591859185918 5.741258644259125e-16 
1.410859085908591 5.730383632674021e-16 
1.41185898589859 5.719535337724446e-16 
1.4128588858885889 5.708713679600101e-16 
1.4138587858785878 5.697918578768981e-16 
1.414858685868587 5.687149955976258e-16 
1.415858585858586 5.676407732243201e-16 
1.4168584858485849 5.665691828866069e-16 
1.4178583858385838 5.655002167415031e-16 
1.418858285828583 5.644338669733089e-16 
1.419858185818582 5.633701257934997e-16 
1.4208580858085809 5.623089854406182e-16 
1.4218579857985798 5.612504381801688e-16 
1.422857885788579 5.601944763045102e-16 
1.423857785778578 5.59141092132751e-16 
1.4248576857685769 5.580902780106428e-16 
1.425857585758576 5.570420263104757e-16 
1.426857485748575 5.559963294309754e-16 
1.427857385738574 5.549531797971966e-16 
1.4288572857285728 5.539125698604212e-16 
1.429857185718572 5.52874492098055e-16 
1.430857085708571 5.518389390135252e-16 
1.43185698569857 5.50805903136177e-16 
1.4328568856885688 5.497753770211737e-16 
1.433856785678568 5.487473532493938e-16 
1.434856685668567 5.477218244273317e-16 
1.4358565856585659 5.466987831869955e-16 
1.4368564856485648 5.456782221858088e-16 
1.437856385638564 5.446601341065092e-16 
1.438856285628563 5.436445116570516e-16 
1.4398561856185619 5.426313475705079e-16 
1.4408560856085608 5.416206346049689e-16 
1.44185598559856 5.406123655434462e-16 
1.442855885588559 5.396065331937767e-16 
1.4438557855785579 5.386031303885233e-16 
1.4448556855685568 5.376021499848793e-16 
1.445855585558556 5.366035848645726e-16 
1.446855485548555 5.356074279337698e-16 
1.4478553855385539 5.346136721229806e-16 
1.4488552855285528 5.336223103869631e-16 
1.449855185518552 5.326333357046293e-16 
1.450855085508551 5.316467410789517e-16 
1.4518549854985499 5.306625195368681e-16 
1.452854885488549 5.296806641291902e-16 
1.453854785478548 5.287011679305094e-16 
1.454854685468547 5.277240240391052e-16 
1.4558545854585458 5.267492255768521e-16 
1.456854485448545 5.257767656891295e-16 
1.457854385438544 5.248066375447296e-16 
1.458854285428543 5.238388343357657e-16 
1.4598541854185418 5.228733492775833e-16 
1.460854085408541 5.219101756086693e-16 
1.46185398539854 5.209493065905622e-16 
1.4628538853885389 5.199907355077634e-16 
1.4638537853785378 5.190344556676475e-16 
1.464853685368537 5.180804604003736e-16 
1.465853585358536 5.171287430587992e-16 
1.4668534853485349 5.161792970183896e-16 
1.4678533853385338 5.152321156771327e-16 
1.468853285328533 5.142871924554502e-16 
1.469853185318532 5.1334452079611315e-16 
1.4708530853085309 5.124040941641536e-16 
1.4718529852985298 5.114659060467799e-16 
1.472852885288529 5.105299499532906e-16 
1.473852785278528 5.0959621941498995e-16 
1.4748526852685269 5.086647079851023e-16 
1.4758525852585258 5.077354092386883e-16 
1.476852485248525 5.068083167725603e-16 
1.477852385238524 5.058834242051995e-16 
1.4788522852285229 5.049607251766718e-16 
1.4798521852185218 5.040402133485451e-16 
1.480852085208521 5.03121882403806e-16 
1.48185198519852 5.022057260467794e-16 
1.4828518851885188 5.012917380030446e-16 
1.483851785178518 5.003799120193539e-16 
1.484851685168517 4.994702418635534e-16 
1.485851585158516 4.985627213244995e-16 
1.4868514851485148 4.976573442119797e-16 
1.487851385138514 4.9675410435663215e-16 
1.488851285128513 4.958529956098666e-16 
1.489851185118512 4.949540118437832e-16 
1.4908510851085108 4.94057146951095e-16 
1.49185098509851 4.931623948450476e-16 
1.492850885088509 4.922697494593425e-16 
1.4938507850785079 4.913792047480569e-16 
1.4948506850685068 4.904907546855677e-16 
1.495850585058506 4.8960439326647225e-16 
1.496850485048505 4.887201145055131e-16 
1.4978503850385039 4.878379124374994e-16 
1.4988502850285028 4.869577811172314e-16 
1.499850185018502 4.860797146194238e-16 
1.500850085008501 4.852037070386307e-16 
1.5018499849984999 4.843297524891684e-16 
1.5028498849884988 4.834578451050422e-16 
1.503849784978498 4.825879790398696e-16 
1.504849684968497 4.817201484668077e-16 
1.5058495849584959 4.808543475784768e-16 
1.5068494849484948 4.799905705868878e-16 
1.507849384938494 4.791288117233685e-16 
1.508849284928493 4.782690652384898e-16 
1.5098491849184918 4.774113254019928e-16 
1.510849084908491 4.765555865027163e-16 
1.51184898489849 4.757018428485244e-16 
1.512848884888489 4.748500887662339e-16 
1.5138487848784878 4.740003186015426e-16 
1.514848684868487 4.73152526718959e-16 
1.515848584858486 4.723067075017298e-16 
1.516848484848485 4.714628553517688e-16 
1.5178483848384838 4.706209646895874e-16 
1.518848284828483 4.697810299542239e-16 
1.519848184818482 4.689430456031731e-16 
1.5208480848084809 4.681070061123169e-16 
1.5218479847984798 4.672729059758551e-16 
1.522847884788479 4.664407397062358e-16 
1.523847784778478 4.656105018340869e-16 
1.5248476847684769 4.64782186908148e-16 
1.5258475847584758 4.639557894952006e-16 
1.526847484748475 4.631313041800018e-16 
1.527847384738474 4.623087255652163e-16 
1.5288472847284729 4.614880482713483e-16 
1.5298471847184718 4.606692669366747e-16 
1.530847084708471 4.598523762171783e-16 
1.53184698469847 4.590373707864819e-16 
1.5328468846884689 4.582242453357809e-16 
1.5338467846784678 4.574129945737777e-16 
1.534846684668467 4.566036132266165e-16 
1.535846584658466 4.557960960378178e-16 
1.5368464846484649 4.54990437768212e-16 
1.537846384638464 4.541866331958758e-16 
1.538846284628463 4.533846771160679e-16 
1.539846184618462 4.525845643411628e-16 
1.5408460846084608 4.517862897005884e-16 
1.54184598459846 4.509898480407616e-16 
1.542845884588459 4.501952342250249e-16 
1.543845784578458 4.494024431335827e-16 
1.5448456845684568 4.486114696634388e-16 
1.545845584558456 4.478223087283331e-16 
1.546845484548455 4.470349552586798e-16 
1.5478453845384539 4.462494042015046e-16 
1.5488452845284528 4.454656505203824e-16 
1.549845184518452 4.446836891953768e-16 
1.550845084508451 4.439035152229776e-16 
1.5518449844984499 4.4312512361603974e-16 
1.5528448844884488 4.4234850940372267e-16 
1.553844784478448 4.4157366763142923e-16 
1.554844684468447 4.408005933607458e-16 
1.5558445844584459 4.4002928166938144e-16 
1.5568444844484448 4.3925972765110824e-16 
1.557844384438444 4.384919264157015e-16 
1.558844284428443 4.37725873088881e-16 
1.5598441844184419 4.369615628122504e-16 
1.5608440844084408 4.361989907432394e-16 
1.56184398439844 4.354381520550447e-16 
1.562843884388439 4.346790419365715e-16 
1.5638437843784379 4.339216555923753e-16 
1.5648436843684368 4.331659882426037e-16 
1.565843584358436 4.324120351229387e-16 
1.566843484348435 4.3165979148453997e-16 
1.5678433843384338 4.3090925259398614e-16 
1.568843284328433 4.30160413733219e-16 
1.569843184318432 4.2941327019948607e-16 
1.570843084308431 4.2866781730528425e-16 
1.5718429842984298 4.2792405037830344e-16 
1.572842884288429 4.2718196476137013e-16 
1.573842784278428 4.2644155581239223e-16 
1.5748426842684269 4.257028189043027e-16 
1.5758425842584258 4.249657494250047e-16 
1.576842484248425 4.2423034277731575e-16 
1.577842384238424 4.2349659437891374e-16 
1.5788422842284229 4.22764499662281e-16 
1.5798421842184218 4.2203405407465096e-16 
1.580842084208421 4.2130525307795293e-16 
1.58184198419842 4.205780921487587e-16 
1.5828418841884189 4.1985256677822825e-16 
1.5838417841784178 4.1912867247205644e-16 
1.584841684168417 4.1840640475041924e-16 
1.585841584158416 4.1768575914792118e-16 
1.5868414841484149 4.1696673121354175e-16 
1.5878413841384138 4.1624931651058293e-16 
1.588841284128413 4.155335106166166e-16 
1.589841184118412 4.148193091234325e-16 
1.5908410841084109 4.1410670763698554e-16 
1.5918409840984098 4.133957017773445e-16 
1.592840884088409 4.1268628717864004e-16 
1.593840784078408 4.1197845948901364e-16 
1.5948406840684068 4.112722143705654e-16 
1.595840584058406 4.1056754749930406e-16 
1.596840484048405 4.098644545650958e-16 
1.597840384038404 4.0916293127161325e-16 
1.5988402840284028 4.0846297333628564e-16 
1.599840184018402 4.0776457649024774e-16 
1.600840084008401 4.070677364782913e-16 
1.6018399839983999 4.063724490588139e-16 
1.6028398839883988 4.0567871000376943e-16 
1.603839783978398 4.0498651509861953e-16 
1.604839683968397 4.0429586014228417e-16 
1.6058395839583959 4.0360674094709157e-16 
1.6068394839483948 4.02919153338731e-16 
1.607839383938394 4.0223309315620267e-16 
1.608839283928393 4.0154855625177104e-16 
1.6098391839183919 4.0086553849091486e-16 
1.6108390839083908 4.0018403575227994e-16 
1.61183898389839 3.995040439276315e-16 
1.612838883888389 3.9882555892180653e-16 
1.6138387838783879 3.981485766526661e-16 
1.6148386838683868 3.974730930510476e-16 
1.615838583858386 3.9679910406071917e-16 
1.616838483848385 3.961266056383315e-16 
1.6178383838383839 3.954555937533718e-16 
1.6188382838283828 3.947860643881169e-16 
1.619838183818382 3.9411801353758746e-16 
1.620838083808381 3.934514372095015e-16 
1.6218379837983798 3.927863314242286e-16 
1.6228378837883788 3.9212269221474416e-16 
1.623837783778378 3.9146051562658365e-16 
1.624837683768377 3.907997977177981e-16 
1.6258375837583758 3.9014053455890765e-16 
1.626837483748375 3.8948272223285686e-16 
1.627837383738374 3.888263568349714e-16 
1.6288372837283729 3.88171434472911e-16 
1.6298371837183718 3.875179512666269e-16 
1.630837083708371 3.868659033483165e-16 
1.63183698369837 3.8621528686237986e-16 
1.6328368836883689 3.855660979653756e-16 
1.6338367836783678 3.849183328259769e-16 
1.634836683668367 3.84271987624928e-16 
1.635836583658366 3.836270585550016e-16 
1.6368364836483649 3.8298354182095437e-16 
1.6378363836383638 3.823414336394847e-16 
1.638836283628363 3.817007302391893e-16 
1.639836183618362 3.8106142786052177e-16 
1.6408360836083609 3.8042352275574815e-16 
1.6418359835983598 3.7978701118890613e-16 
1.642835883588359 3.7915188943576173e-16 
1.643835783578358 3.785181537837685e-16 
1.6448356835683569 3.7788580053202454e-16 
1.6458355835583558 3.772548259912314e-16 
1.646835483548355 3.7662522648365236e-16 
1.647835383538354 3.7599699834307117e-16 
1.6488352835283528 3.7537013791475097e-16 
1.6498351835183518 3.7474464155539276e-16 
1.650835083508351 3.7412050563309515e-16 
1.65183498349835 3.7349772652731357e-16 
1.6528348834883488 3.7287630062881955e-16 
1.653834783478348 3.7225622433965977e-16 
1.654834683468347 3.7163749407311744e-16 
1.6558345834583459 3.710201062536706e-16 
1.6568344834483448 3.7040405731695303e-16 
1.657834383438344 3.6978934370971446e-16 
1.658834283428343 3.69175961889781e-16 
1.6598341834183419 3.6856390832601547e-16 
1.6608340834083408 3.679531794982785e-16 
1.66183398339834 3.6734377189738884e-16 
1.662833883388339 3.6673568202508553e-16 
1.6638337833783379 3.6612890639398767e-16 
1.6648336833683368 3.65523441527557e-16 
1.665833583358336 3.6491928396005857e-16 
1.666833483348335 3.6431643023652296e-16 
1.6678333833383339 3.6371487691270785e-16 
1.6688332833283328 3.6311462055506004e-16 
1.669833183318332 3.625156577406772e-16 
1.670833083308331 3.619179850572714e-16 
1.6718329832983299 3.6132159910312967e-16 
1.6728328832883288 3.6072649648707803e-16 
1.673832783278328 3.6013267382844345e-16 
1.674832683268327 3.5954012775701734e-16 
1.6758325832583258 3.589488549130179e-16 
1.6768324832483248 3.5835885194705355e-16 
1.677832383238324 3.5777011552008625e-16 
1.678832283228323 3.5718264230339544e-16 
1.6798321832183218 3.565964289785404e-16 
1.680832083208321 3.5601147223732517e-16 
1.68183198319832 3.554277687817619e-16 
1.6828318831883189 3.5484531532403516e-16 
1.6838317831783178 3.5426410858646545e-16 
1.684831683168317 3.536841453014742e-16 
1.685831583158316 3.531054222115483e-16 
1.6868314831483149 3.525279360692038e-16 
1.6878313831383138 3.5195168363695157e-16 
1.688831283128313 3.5137666168726157e-16 
1.689831183118312 3.5080286700252837e-16 
1.6908310831083109 3.5023029637503566e-16 
1.6918309830983098 3.4965894660692203e-16 
1.692830883088309 3.490888145101461e-16 
1.693830783078308 3.485198969064524e-16 
1.6948306830683069 3.4795219062733667e-16 
1.6958305830583058 3.4738569251401184e-16 
1.696830483048305 3.468203994173736e-16 
1.697830383038304 3.4625630819796806e-16 
1.6988302830283029 3.4569341572595544e-16 
1.6998301830183018 3.4513171888107854e-16 
1.700830083008301 3.4457121455262783e-16 
1.7018299829983 3.440118996394095e-16 
1.7028298829882988 3.434537710497108e-16 
1.7038297829782978 3.428968257012675e-16 
1.704829682968297 3.42341060521231e-16 
1.705829582958296 3.4178647244613556e-16 
1.7068294829482948 3.412330584218651e-16 
1.7078293829382938 3.406808154036209e-16 
1.708829282928293 3.4012974035588884e-16 
1.709829182918292 3.3957983025240775e-16 
1.7108290829082908 3.390310820761364e-16 
1.71182898289829 3.384834928192214e-16 
1.712828882888289 3.379370594829663e-16 
1.7138287828782879 3.3739177907779815e-16 
1.7148286828682868 3.3684764862323693e-16 
1.715828582858286 3.363046651478633e-16 
1.716828482848285 3.3576282568928816e-16 
1.7178283828382839 3.3522212729411954e-16 
1.7188282828282828 3.346825670179327e-16 
1.719828182818282 3.3414414192523884e-16 
1.720828082808281 3.336068490894538e-16 
1.7218279827982799 3.330706855928671e-16 
1.7228278827882788 3.325356485266117e-16 
1.723827782778278 3.320017349906327e-16 
1.724827682768277 3.314689420936576e-16 
1.7258275827582759 3.309372669531649e-16 
1.7268274827482748 3.3040670669535476e-16 
1.727827382738274 3.2987725845511807e-16 
1.728827282728273 3.2934891937600744e-16 
1.7298271827182718 3.2882168661020595e-16 
1.7308270827082708 3.2829555731849833e-16 
1.73182698269827 3.2777052867024054e-16 
1.732826882688269 3.272465978433313e-16 
1.7338267826782678 3.2672376202418097e-16 
1.7348266826682668 3.262020184076838e-16 
1.735826582658266 3.2568136419718735e-16 
1.736826482648265 3.251617966044648e-16 
1.7378263826382638 3.2464331284968427e-16 
1.738826282628263 3.2412591016138117e-16 
1.739826182618262 3.236095857764291e-16 
1.7408260826082609 3.2309433694001096e-16 
1.7418259825982598 3.2258016090559016e-16 
1.742825882588259 3.2206705493488275e-16 
1.743825782578258 3.2155501629782884e-16 
1.7448256825682569 3.2104404227256425e-16 
1.7458255825582558 3.205341301453923e-16 
1.746825482548255 3.2002527721075573e-16 
1.747825382538254 3.1951748077120943e-16 
1.7488252825282529 3.190107381373918e-16 
1.7498251825182518 3.1850504662799737e-16 
1.750825082508251 3.1800040356974924e-16 
1.75182498249825 3.174968062973717e-16 
1.7528248824882489 3.1699425215356254e-16 
1.7538247824782478 3.1649273848896587e-16 
1.754824682468247 3.15992262662145e-16 
1.755824582458246 3.1549282203955565e-16 
1.7568244824482449 3.149944139955182e-16 
1.7578243824382438 3.144970359121917e-16 
1.758824282428243 3.140006851795462e-16 
1.759824182418242 3.135053591953373e-16 
1.7608240824082408 3.130110553650783e-16 
1.7618239823982398 3.125177711020145e-16 
1.762823882388239 3.1202550382709654e-16 
1.763823782378238 3.115342509689545e-16 
1.7648236823682368 3.1104400996387115e-16 
1.765823582358236 3.1055477825575657e-16 
1.766823482348235 3.1006655329612174e-16 
1.7678233823382339 3.0957933254405267e-16 
1.7688232823282328 3.0909311346618485e-16 
1.769823182318232 3.0860789353667745e-16 
1.770823082308231 3.08123670237188e-16 
1.7718229822982299 3.076404410568464e-16 
1.7728228822882288 3.071582034922301e-16 
1.773822782278228 3.066769550473385e-16 
1.774822682268227 3.0619669323356795e-16 
1.7758225822582259 3.0571741556968654e-16 
1.7768224822482248 3.052391195818092e-16 
1.777822382238224 3.0476180280337245e-16 
1.778822282228223 3.0428546277511045e-16 
1.7798221822182219 3.038100970450293e-16 
1.7808220822082208 3.0333570316838306e-16 
1.78182198219822 3.02862278707649e-16 
1.782821882188219 3.023898212325035e-16 
1.7838217821782179 3.019183283197971e-16 
1.7848216821682168 3.014477975535308e-16 
1.785821582158216 3.0097822652483153e-16 
1.786821482148215 3.0050961283192856e-16 
1.7878213821382138 3.0004195408012905e-16 
1.7888212821282128 2.995752478817946e-16 
1.789821182118212 2.9910949185631695e-16 
1.790821082108211 2.9864468363009487e-16 
1.7918209820982098 2.9818082083651007e-16 
1.7928208820882088 2.977179011159039e-16 
1.793820782078208 2.9725592211555413e-16 
1.7948206820682069 2.9679488148965116e-16 
1.7958205820582058 2.9633477689927503e-16 
1.796820482048205 2.958756060123722e-16 
1.797820382038204 2.9541736650373273e-16 
1.7988202820282029 2.9496005605496677e-16 
1.7998201820182018 2.94503672354482e-16 
1.800820082008201 2.940482130974608e-16 
1.8018199819982 2.9359367598583773e-16 
1.8028198819881989 2.931400587282761e-16 
1.8038197819781978 2.926873590401463e-16 
1.804819681968197 2.922355746435029e-16 
1.805819581958196 2.9178470326706233e-16 
1.8068194819481949 2.9133474264618073e-16 
1.8078193819381938 2.9088569052283114e-16 
1.808819281928193 2.9043754464558214e-16 
1.809819181918192 2.8999030276957537e-16 
1.8108190819081909 2.8954396265650374e-16 
1.8118189818981898 2.89098522074589e-16 
1.812818881888189 2.8865397879856074e-16 
1.813818781878188 2.882103306096343e-16 
1.8148186818681868 2.87767575295489e-16 
1.8158185818581858 2.873257106502465e-16 
1.816818481848185 2.8688473447444975e-16 
1.817818381838184 2.8644464457504125e-16 
1.8188182818281828 2.8600543876534174e-16 
1.8198181818181818 2.8556711486502915e-16 
1.820818081808181 2.8512967070011703e-16 
1.8218179817981799 2.8469310410293423e-16 
1.8228178817881788 2.8425741291210284e-16 
1.823817781778178 2.8382259497251813e-16 
1.824817681768177 2.833886481353275e-16 
1.8258175817581759 2.8295557025790927e-16 
1.8268174817481748 2.825233592038525e-16 
1.827817381738174 2.820920128429361e-16 
1.828817281728173 2.816615290511086e-16 
1.8298171817181719 2.812319057104673e-16 
1.8308170817081708 2.8080314070923785e-16 
1.83181698169817 2.8037523194175425e-16 
1.832816881688169 2.799481773084387e-16 
1.8338167816781679 2.79521974715781e-16 
1.8348166816681668 2.790966220763187e-16 
1.835816581658166 2.7867211730861693e-16 
1.836816481648165 2.7824845833724906e-16 
1.8378163816381639 2.7782564309277594e-16 
1.8388162816281628 2.7740366951172667e-16 
1.839816181618162 2.7698253553657866e-16 
1.840816081608161 2.765622391157384e-16 
1.8418159815981598 2.761427782035212e-16 
1.8428158815881588 2.7572415076013233e-16 
1.843815781578158 2.7530635475164706e-16 
1.844815681568157 2.748893881499918e-16 
1.8458155815581558 2.744732489329245e-16 
1.8468154815481548 2.7405793508401545e-16 
1.847815381538154 2.7364344459262815e-16 
1.8488152815281529 2.732297754539007e-16 
1.8498151815181518 2.7281692566872604e-16 
1.850815081508151 2.724048932437331e-16 
1.85181498149815 2.71993676191269e-16 
1.8528148814881489 2.7158327252937883e-16 
1.8538147814781478 2.711736802817877e-16 
1.854814681468147 2.707648974778821e-16 
1.855814581458146 2.7035692215269115e-16 
1.8568144814481449 2.69949752346868e-16 
1.8578143814381438 2.6954338610667163e-16 
1.858814281428143 2.6913782148394816e-16 
1.859814181418142 2.687330565361129e-16 
1.8608140814081409 2.6832908932613187e-16 
1.8618139813981398 2.679259179225035e-16 
1.862813881388139 2.675235403992408e-16 
1.863813781378138 2.671219548358534e-16 
1.8648136813681369 2.6672115931732915e-16 
1.8658135813581358 2.663211519341164e-16 
1.866813481348135 2.6592193078210627e-16 
1.867813381338134 2.65523493962615e-16 
1.8688132813281328 2.6512583958236564e-16 
1.8698131813181318 2.647289657534711e-16 
1.870813081308131 2.643328705934159e-16 
1.87181298129813 2.639375522250395e-16 
1.8728128812881288 2.6354300877651794e-16 
1.8738127812781278 2.6314923838134694e-16 
1.874812681268127 2.627562391783244e-16 
1.8758125812581259 2.6236400931153353e-16 
1.8768124812481248 2.6197254693032496e-16 
1.8778123812381238 2.615818501893002e-16 
1.878812281228123 2.611919172482942e-16 
1.8798121812181219 2.608027462723586e-16 
1.8808120812081208 2.6041433543174444e-16 
1.88181198119812 2.600266829018856e-16 
1.882811881188119 2.596397868633818e-16 
1.8838117811781179 2.5925364550198213e-16 
1.8848116811681168 2.5886825700856753e-16 
1.885811581158116 2.584836195791352e-16 
1.886811481148115 2.580997314147813e-16 
1.8878113811381139 2.5771659072168466e-16 
1.8888112811281128 2.5733419571109033e-16 
1.889811181118112 2.5695254459929293e-16 
1.890811081108111 2.56571635607621e-16 
1.8918109810981099 2.5619146696241965e-16 
1.8928108810881088 2.5581203689503533e-16 
1.893810781078108 2.5543334364179883e-16 
1.894810681068107 2.5505538544401005e-16 
1.8958105810581058 2.5467816054792125e-16 
1.8968104810481048 2.543016672047212e-16 
1.897810381038104 2.539259036705194e-16 
1.898810281028103 2.5355086820633027e-16 
1.8998101810181018 2.531765590780568e-16 
1.9008100810081008 2.528029745564758e-16 
1.9018099809981 2.524301129172209e-16 
1.902809880988099 2.520579724407682e-16 
1.9038097809780978 2.516865514124196e-16 
1.9048096809680968 2.5131584812228777e-16 
1.905809580958096 2.5094586086528084e-16 
1.9068094809480949 2.505765879410867e-16 
1.9078093809380938 2.502080276541576e-16 
1.908809280928093 2.498401783136948e-16 
1.909809180918092 2.4947303823363387e-16 
1.9108090809080909 2.4910660573262857e-16 
1.9118089808980898 2.487408791340366e-16 
1.912808880888089 2.483758567659036e-16 
1.913808780878088 2.4801153696094933e-16 
1.9148086808680869 2.4764791805655125e-16 
1.9158085808580858 2.472849983947307e-16 
1.916808480848085 2.4692277632213755e-16 
1.917808380838084 2.465612501900356e-16 
1.9188082808280829 2.4620041835428726e-16 
1.9198081808180818 2.458402791753397e-16 
1.920808080808081 2.454808310182094e-16 
1.92180798079808 2.451220722524681e-16 
1.9228078807880788 2.4476400125222807e-16 
1.9238077807780778 2.444066163961271e-16 
1.924807680768077 2.44049916067315e-16 
1.925807580758076 2.436938986534384e-16 
1.9268074807480748 2.433385625466268e-16 
1.9278073807380738 2.429839061434782e-16 
1.928807280728073 2.426299278450444e-16 
1.929807180718072 2.4227662605681805e-16 
1.9308070807080708 2.419239991887169e-16 
1.9318069806980698 2.415720456550709e-16 
1.932806880688069 2.4122076387460745e-16 
1.9338067806780679 2.4087015227043796e-16 
1.9348066806680668 2.4052020927004346e-16 
1.9358065806580658 2.4017093330526088e-16 
1.936806480648065 2.398223228122692e-16 
1.9378063806380639 2.394743762315759e-16 
1.9388062806280628 2.391270920080027e-16 
1.939806180618062 2.387804685906721e-16 
1.940806080608061 2.384345044329941e-16 
1.9418059805980599 2.3808919799265186e-16 
1.9428058805880588 2.3774454773158887e-16 
1.943805780578058 2.374005521159948e-16 
1.944805680568057 2.370572096162929e-16 
1.9458055805580559 2.3671451870712554e-16 
1.9468054805480548 2.3637247786734174e-16 
1.947805380538054 2.3603108557998317e-16 
1.948805280528053 2.356903403322717e-16 
1.9498051805180519 2.353502406155952e-16 
1.9508050805080508 2.350107849254952e-16 
1.95180498049805 2.346719717616532e-16 
1.952804880488049 2.343337996278781e-16 
1.9538047804780478 2.3399626703209266e-16 
1.9548046804680468 2.3365937248632086e-16 
1.955804580458046 2.3332311450667483e-16 
1.956804480448045 2.3298749161334206e-16 
1.9578043804380438 2.3265250233057234e-16 
1.9588042804280428 2.3231814518666533e-16 
1.959804180418042 2.319844187139573e-16 
1.9608040804080409 2.316513214488087e-16 
1.9618039803980398 2.3131885193159193e-16 
1.9628038803880388 2.309870087066778e-16 
1.963803780378038 2.306557903224234e-16 
1.9648036803680369 2.303251953311601e-16 
1.9658035803580358 2.2999522228918e-16 
1.966803480348035 2.296658697567243e-16 
1.967803380338034 2.293371362979708e-16 
1.9688032803280329 2.290090204810212e-16 
1.9698031803180318 2.286815208778889e-16 
1.970803080308031 2.28354636064487e-16 
1.97180298029803 2.2802836462061586e-16 
1.9728028802880289 2.277027051299509e-16 
1.9738027802780278 2.273776561800305e-16 
1.974802680268027 2.2705321636224384e-16 
1.975802580258026 2.2672938427181916e-16 
1.9768024802480249 2.264061585078113e-16 
1.9778023802380238 2.2608353767308996e-16 
1.978802280228023 2.257615203743277e-16 
1.979802180218022 2.254401052219884e-16 
1.9808020802080208 2.251192908303147e-16 
1.9818019801980198 2.24799075817317e-16 
1.982801880188019 2.2447945880476095e-16 
1.983801780178018 2.241604384181565e-16 
1.9848016801680168 2.238420132867455e-16 
1.9858015801580158 2.2352418204349055e-16 
1.986801480148015 2.2320694332506315e-16 
1.9878013801380139 2.2289029577183236e-16 
1.9888012801280128 2.2257423802785297e-16 
1.9898011801180118 2.222587687408545e-16 
1.990801080108011 2.2194388656222903e-16 
1.9918009800980099 2.2162959014702083e-16 
1.9928008800880088 2.2131587815391396e-16 
1.993800780078008 2.2100274924522157e-16 
1.994800680068007 2.2069020208687468e-16 
1.9958005800580059 2.2037823534841042e-16 
1.9968004800480048 2.2006684770296136e-16 
1.997800380038004 2.197560378272441e-16 
1.998800280028003 2.1944580440154824e-16 
1.9998001800180019 2.1913614610972517e-16 
2.0008000800080006 2.1882706163917731e-16 
2.0017999799979997 2.1851854968084646e-16 
2.0027998799879985 2.1821060892920404e-16 
2.0037997799779976 2.179032380822386e-16 
2.004799679967997 2.1759643584144633e-16 
2.0057995799579955 2.1729020091181963e-16 
2.0067994799479947 2.1698453200183572e-16 
2.007799379937994 2.1667942782344705e-16 
2.0087992799279926 2.1637488709206986e-16 
2.0097991799179917 2.1607090852657313e-16 
2.0107990799079904 2.1576749084926903e-16 
2.0117989798979896 2.1546463278590093e-16 
2.012798879887989 2.1516233306563403e-16 
2.0137987798779875 2.1486059042104423e-16 
2.0147986798679867 2.1455940358810724e-16 
2.015798579857986 2.1425877130618901e-16 
2.0167984798479845 2.1395869231803473e-16 
2.0177983798379837 2.1365916536975814e-16 
2.0187982798279824 2.1336018921083205e-16 
2.0197981798179816 2.130617625940769e-16 
2.0207980798079808 2.1276388427565154e-16 
2.0217979797979795 2.1246655301504231e-16 
2.0227978797879786 2.121697675750528e-16 
2.023797779777978 2.1187352672179383e-16 
2.0247976797679765 2.1157782922467366e-16 
2.0257975797579757 2.1128267385638698e-16 
2.026797479747975 2.109880593929057e-16 
2.0277973797379736 2.1069398461346844e-16 
2.0287972797279727 2.1040044830057043e-16 
2.0297971797179715 2.1010744923995408e-16 
2.0307970797079706 2.098149862205982e-16 
2.03179697969797 2.095230580347089e-16 
2.0327968796879685 2.0923166347770927e-16 
2.0337967796779677 2.0894080134822928e-16 
2.034796679667967 2.0865047044809687e-16 
2.0357965796579656 2.0836066958232734e-16 
2.0367964796479647 2.0807139755911363e-16 
2.0377963796379635 2.0778265318981719e-16 
2.0387962796279626 2.0749443528895771e-16 
2.039796179617962 2.0720674267420407e-16 
2.0407960796079605 2.0691957416636404e-16 
2.0417959795979597 2.0663292858937506e-16 
2.042795879587959 2.0634680477029492e-16 
2.0437957795779575 2.0606120153929198e-16 
2.0447956795679567 2.0577611772963538e-16 
2.0457955795579554 2.054915521776864e-16 
2.0467954795479546 2.0520750372288812e-16 
2.0477953795379538 2.0492397120775673e-16 
2.0487952795279525 2.046409534778722e-16 
2.0497951795179516 2.0435844938186806e-16 
2.050795079507951 2.0407645777142332e-16 
2.0517949794979495 2.037949775012525e-16 
2.0527948794879487 2.035140074290963e-16 
2.053794779477948 2.0323354641571293e-16 
2.0547946794679466 2.029535933248689e-16 
2.0557945794579457 2.0267414702332901e-16 
2.0567944794479445 2.0239520638084863e-16 
2.0577943794379436 2.0211677027016332e-16 
2.058794279427943 2.0183883756698085e-16 
2.0597941794179415 2.015614071499717e-16 
2.0607940794079407 2.0128447790075958e-16 
2.06179397939794 2.010080487039138e-16 
2.0627938793879386 2.007321184469392e-16 
2.0637937793779377 2.0045668602026747e-16 
2.0647936793679365 2.0018175031724898e-16 
2.0657935793579356 1.9990731023414288e-16 
2.066793479347935 1.9963336467010938e-16 
2.0677933793379335 1.9935991252720036e-16 
2.0687932793279327 1.9908695271035053e-16 
2.069793179317932 1.9881448412736927e-16 
2.0707930793079306 1.9854250568893162e-16 
2.0717929792979297 1.9827101630856938e-16 
2.0727928792879284 1.9800001490266323e-16 
2.0737927792779276 1.9772950039043322e-16 
2.0747926792679268 1.9745947169393108e-16 
2.0757925792579255 1.9718992773803135e-16 
2.0767924792479246 1.9692086745042233e-16 
2.077792379237924 1.9665228976159867e-16 
2.0787922792279225 1.9638419360485226e-16 
2.0797921792179217 1.9611657791626353e-16 
2.080792079207921 1.9584944163469398e-16 
2.0817919791979196 1.955827837017772e-16 
2.0827918791879187 1.9531660306191034e-16 
2.0837917791779175 1.9505089866224674e-16 
2.0847916791679166 1.9478566945268623e-16 
2.085791579157916 1.9452091438586844e-16 
2.0867914791479145 1.9425663241716373e-16 
2.0877913791379137 1.9399282250466454e-16 
2.088791279127913 1.9372948360917858e-16 
2.0897911791179116 1.9346661469421965e-16 
2.0907910791079107 1.9320421472599941e-16 
2.0917909790979095 1.9294228267342046e-16 
2.0927908790879086 1.926808175080669e-16 
2.093790779077908 1.9241981820419726e-16 
2.0947906790679065 1.9215928373873626e-16 
2.0957905790579057 1.9189921309126643e-16 
2.096790479047905 1.9163960524402082e-16 
2.0977903790379036 1.9138045918187483e-16 
2.0987902790279027 1.9112177389233788e-16 
2.0997901790179014 1.9086354836554636e-16 
2.1007900790079006 1.9060578159425498e-16 
2.1017899789978998 1.903484725738297e-16 
2.1027898789878985 1.900916203022394e-16 
2.1037897789778977 1.8983522378004834e-16 
2.104789678967897 1.8957928201040834e-16 
2.1057895789578955 1.8932379399905157e-16 
2.1067894789478947 1.8906875875428163e-16 
2.107789378937894 1.888141752869674e-16 
2.1087892789278926 1.885600426105346e-16 
2.1097891789178917 1.8830635974095794e-16 
2.1107890789078905 1.880531256967544e-16 
2.1117889788978896 1.8780033949897472e-16 
2.112788878887889 1.875480001711968e-16 
2.1137887788778875 1.8729610673951747e-16 
2.1147886788678867 1.8704465823254521e-16 
2.115788578857886 1.8679365368139292e-16 
2.1167884788478846 1.8654309211967056e-16 
2.1177883788378837 1.86292972583477e-16 
2.1187882788278825 1.860432941113937e-16 
2.1197881788178816 1.8579405574447635e-16 
2.120788078807881 1.8554525652624846e-16 
2.1217879787978795 1.8529689550269354e-16 
2.1227878787878787 1.8504897172224762e-16 
2.123787778777878 1.848014842357926e-16 
2.1247876787678766 1.8455443209664872e-16 
2.1257875787578757 1.843078143605669e-16 
2.1267874787478744 1.8406163008572259e-16 
2.1277873787378736 1.8381587833270745e-16 
2.1287872787278728 1.8357055816452323e-16 
2.1297871787178715 1.833256686465741e-16 
2.1307870787078707 1.8308120884665939e-16 
2.13178697869787 1.8283717783496715e-16 
2.1327868786878685 1.825935746840667e-16 
2.1337867786778677 1.8235039846890144e-16 
2.1347866786678664 1.8210764826678253e-16 
2.1357865786578656 1.8186532315738098e-16 
2.1367864786478648 1.8162342222272166e-16 
2.1377863786378635 1.8138194454717572e-16 
2.1387862786278626 1.8114088921745376e-16 
2.139786178617862 1.8090025532259936e-16 
2.1407860786078605 1.8066004195398197e-16 
2.1417859785978597 1.804202482052897e-16 
2.142785878587859 1.801808731725231e-16 
2.1437857785778576 1.799419159539884e-16 
2.1447856785678567 1.797033756502899e-16 
2.1457855785578555 1.7946525136432431e-16 
2.1467854785478546 1.7922754220127322e-16 
2.147785378537854 1.7899024726859705e-16 
2.1487852785278525 1.7875336567602774e-16 
2.1497851785178517 1.7851689653556238e-16 
2.150785078507851 1.782808389614568e-16 
2.1517849784978496 1.7804519207021887e-16 
2.1527848784878487 1.778099549806012e-16 
2.1537847784778474 1.7757512681359586e-16 
2.1547846784678466 1.773407066924265e-16 
2.1557845784578458 1.7710669374254308e-16 
2.1567844784478445 1.7687308709161446e-16 
2.1577843784378437 1.7663988586952197e-16 
2.158784278427843 1.7640708920835375e-16 
2.1597841784178415 1.761746962423973e-16 
2.1607840784078407 1.7594270610813366e-16 
2.1617839783978394 1.7571111794423102e-16 
2.1627838783878386 1.7547993089153796e-16 
2.1637837783778378 1.752491440930774e-16 
2.1647836783678365 1.750187566940405e-16 
2.1657835783578356 1.747887678417795e-16 
2.166783478347835 1.745591766858024e-16 
2.1677833783378335 1.743299823777663e-16 
2.1687832783278327 1.741011840714708e-16 
2.169783178317832 1.7387278092285228e-16 
2.1707830783078306 1.7364477208997756e-16 
2.1717829782978297 1.734171567330374e-16 
2.1727828782878285 1.7318993401434095e-16 
2.1737827782778276 1.7296310309830888e-16 
2.174782678267827 1.7273666315146777e-16 
2.1757825782578255 1.7251061334244394e-16 
2.1767824782478247 1.7228495284195698e-16 
2.177782378237824 1.7205968082281418e-16 
2.1787822782278226 1.7183479645990427e-16 
2.1797821782178217 1.7161029893019123e-16 
2.1807820782078204 1.7138618741270855e-16 
2.1817819781978196 1.71162461088553e-16 
2.1827818781878188 1.7093911914087889e-16 
2.1837817781778175 1.7071616075489213e-16 
2.1847816781678167 1.704935851178439e-16 
2.185781578157816 1.7027139141902508e-16 
2.1867814781478145 1.7004957884976058e-16 
2.1877813781378137 1.6982814660340279e-16 
2.1887812781278124 1.6960709387532654e-16 
2.1897811781178116 1.6938641986292226e-16 
2.1907810781078108 1.691661237655913e-16 
2.1917809780978095 1.6894620478473946e-16 
2.1927808780878086 1.68726662123771e-16 
2.193780778077808 1.6850749498808357e-16 
2.1947806780678065 1.6828870258506211e-16 
2.1957805780578057 1.6807028412407282e-16 
2.196780478047805 1.6785223881645805e-16 
2.1977803780378036 1.6763456587553026e-16 
2.1987802780278027 1.6741726451656628e-16 
2.1997801780178015 1.6720033395680215e-16 
2.2007800780078006 1.6698377341542663e-16 
2.2017799779978 1.6676758211357652e-16 
2.2027798779877985 1.6655175927433057e-16 
2.2037797779777977 1.6633630412270382e-16 
2.204779677967797 1.6612121588564226e-16 
2.2057795779577956 1.6590649379201755e-16 
2.2067794779477947 1.6569213707262055e-16 
2.2077793779377934 1.6547814496015722e-16 
2.2087792779277926 1.6526451668924157e-16 
2.2097791779177918 1.6505125149639154e-16 
2.2107790779077905 1.64838348620023e-16 
2.2117789778977897 1.6462580730044387e-16 
2.212778877887789 1.6441362677984958e-16 
2.2137787778777875 1.6420180630231704e-16 
2.2147786778677867 1.6399034511379949e-16 
2.2157785778577854 1.6377924246212118e-16 
2.2167784778477846 1.6356849759697168e-16 
2.2177783778377838 1.6335810976990118e-16 
2.2187782778277825 1.6314807823431477e-16 
2.2197781778177816 1.6293840224546684e-16 
2.220778077807781 1.6272908106045657e-16 
2.2217779777977795 1.6252011393822202e-16 
2.2227778777877787 1.623115001395352e-16 
2.223777777777778 1.6210323892699672e-16 
2.2247776777677766 1.6189532956503083e-16 
2.2257775777577757 1.6168777131987964e-16 
2.2267774777477745 1.6148056345959872e-16 
2.2277773777377736 1.6127370525405123e-16 
2.228777277727773 1.6106719597490326e-16 
2.2297771777177715 1.608610348956187e-16 
2.2307770777077707 1.6065522129145356e-16 
2.23177697769777 1.6044975443945158e-16 
2.2327768776877686 1.6024463361843893e-16 
2.2337767776777677 1.600398581090186e-16 
2.2347766776677664 1.5983542719356652e-16 
2.2357765776577656 1.5963134015622517e-16 
2.2367764776477648 1.5942759628289976e-16 
2.2377763776377635 1.5922419486125247e-16 
2.2387762776277627 1.5902113518069767e-16 
2.239776177617762 1.5881841653239704e-16 
2.2407760776077605 1.5861603820925476e-16 
2.2417759775977597 1.5841399950591202e-16 
2.2427758775877584 1.5821229971874298e-16 
2.2437757775777576 1.5801093814584871e-16 
2.2447756775677568 1.5780991408705355e-16 
2.2457755775577555 1.5760922684389953e-16 
2.2467754775477546 1.5740887571964128e-16 
2.247775377537754 1.5720886001924187e-16 
2.2487752775277525 1.570091790493677e-16 
2.2497751775177517 1.5680983211838342e-16 
2.250775077507751 1.5661081853634745e-16 
2.2517749774977496 1.5641213761500726e-16 
2.2527748774877487 1.5621378866779425e-16 
2.2537747774777475 1.5601577100981946e-16 
2.2547746774677466 1.5581808395786824e-16 
2.255774577457746 1.5562072683039625e-16 
2.2567744774477445 1.5542369894752436e-16 
2.2577743774377437 1.552269996310337e-16 
2.258774277427743 1.5503062820436151e-16 
2.2597741774177416 1.548345839925964e-16 
2.2607740774077407 1.5463886632247316e-16 
2.2617739773977394 1.5444347452236897e-16 
2.2627738773877386 1.5424840792229806e-16 
2.2637737773777378 1.5405366585390743e-16 
2.2647736773677365 1.5385924765047247e-16 
2.2657735773577357 1.5366515264689182e-16 
2.266773477347735 1.5347138017968344e-16 
2.2677733773377335 1.5327792958697972e-16 
2.2687732773277327 1.5308480020852277e-16 
2.2697731773177314 1.528919913856606e-16 
2.2707730773077306 1.526995024613417e-16 
2.2717729772977298 1.5250733278011134e-16 
2.2727728772877285 1.523154816881069e-16 
2.2737727772777276 1.5212394853305277e-16 
2.274772677267727 1.51932732664257e-16 
2.2757725772577255 1.5174183343260615e-16 
2.2767724772477247 1.5155125019056085e-16 
2.277772377237724 1.5136098229215182e-16 
2.2787722772277226 1.5117102909297526e-16 
2.2797721772177217 1.5098138995018828e-16 
2.2807720772077205 1.5079206422250498e-16 
2.2817719771977196 1.506030512701916e-16 
2.282771877187719 1.5041435045506266e-16 
2.2837717771777175 1.502259611404765e-16 
2.2847716771677167 1.5003788269133055e-16 
2.285771577157716 1.4985011447405777e-16 
2.2867714771477146 1.4966265585662195e-16 
2.2877713771377137 1.4947550620851327e-16 
2.2887712771277124 1.4928866490074456e-16 
2.2897711771177116 1.4910213130584663e-16 
2.2907710771077108 1.4891590479786414e-16 
2.2917709770977095 1.4872998475235182e-16 
2.2927708770877087 1.4854437054636932e-16 
2.293770777077708 1.483590615584782e-16 
2.2947706770677065 1.4817405716873685e-16 
2.2957705770577057 1.4798935675869667e-16 
2.2967704770477044 1.4780495971139805e-16 
2.2977703770377036 1.476208654113659e-16 
2.2987702770277028 1.4743707324460595e-16 
2.2997701770177015 1.4725358259860034e-16 
2.3007700770077006 1.4707039286230357e-16 
2.3017699769977 1.4688750342613852e-16 
2.3027698769876985 1.4670491368199238e-16 
2.3037697769776977 1.4652262302321235e-16 
2.3047696769676964 1.4634063084460212e-16 
2.3057695769576956 1.4615893654241714e-16 
2.3067694769476947 1.459775395143612e-16 
2.3077693769376935 1.4579643915958232e-16 
2.3087692769276926 1.456156348786683e-16 
2.309769176917692 1.454351260736434e-16 
2.3107690769076905 1.45254912147964e-16 
2.3117689768976897 1.450749925065144e-16 
2.312768876887689 1.448953665556037e-16 
2.3137687768776876 1.4471603370296098e-16 
2.3147686768676867 1.445369933577318e-16 
2.3157685768576854 1.4435824493047447e-16 
2.3167684768476846 1.4417978783315553e-16 
2.3177683768376838 1.440016214791468e-16 
2.3187682768276825 1.4382374528322054e-16 
2.3197681768176817 1.4364615866154634e-16 
2.320768076807681 1.4346886103168676e-16 
2.3217679767976795 1.4329185181259402e-16 
2.3227678767876787 1.4311513042460538e-16 
2.3237677767776774 1.4293869628944046e-16 
2.3247676767676766 1.4276254883019615e-16 
2.3257675767576758 1.4258668747134398e-16 
2.3267674767476745 1.4241111163872573e-16 
2.3277673767376736 1.4223582075954958e-16 
2.328767276727673 1.4206081426238686e-16 
2.3297671767176715 1.4188609157716785e-16 
2.3307670767076707 1.417116521351782e-16 
2.3317669766976694 1.4153749536905542e-16 
2.3327668766876686 1.4136362071278467e-16 
2.3337667766776677 1.4119002760169576e-16 
2.3347666766676665 1.41016715472459e-16 
2.3357665766576656 1.4084368376308135e-16 
2.336766476647665 1.4067093191290334e-16 
2.3377663766376635 1.4049845936259516e-16 
2.3387662766276627 1.403262655541527e-16 
2.339766176617662 1.4015434993089445e-16 
2.3407660766076606 1.3998271193745768e-16 
2.3417659765976597 1.3981135101979456e-16 
2.3427658765876584 1.3964026662516915e-16 
2.3437657765776576 1.3946945820215309e-16 
2.3447656765676568 1.392989252006228e-16 
2.3457655765576555 1.3912866707175544e-16 
2.3467654765476547 1.3895868326802532e-16 
2.347765376537654 1.3878897324320067e-16 
2.3487652765276525 1.3861953645234007e-16 
2.3497651765176517 1.3845037235178846e-16 
2.3507650765076504 1.3828148039917445e-16 
2.3517649764976496 1.3811286005340595e-16 
2.3527648764876488 1.3794451077466748e-16 
2.3537647764776475 1.377764320244162e-16 
2.3547646764676466 1.376086232653785e-16 
2.355764576457646 1.3744108396154673e-16 
2.3567644764476445 1.372738135781758e-16 
2.3577643764376437 1.3710681158177927e-16 
2.3587642764276424 1.369400774401267e-16 
2.3597641764176416 1.367736106222394e-16 
2.3607640764076407 1.3660741059838781e-16 
2.3617639763976395 1.3644147684008761e-16 
2.3627638763876386 1.3627580882009644e-16 
2.363763776377638 1.361104060124107e-16 
2.3647636763676365 1.359452678922621e-16 
2.3657635763576357 1.3578039393611404e-16 
2.366763476347635 1.3561578362165878e-16 
2.3677633763376336 1.354514364278139e-16 
2.3687632763276327 1.3528735183471872e-16 
2.3697631763176314 1.3512352932373143e-16 
2.3707630763076306 1.3495996837742534e-16 
2.3717629762976298 1.3479666847958617e-16 
2.3727628762876285 1.3463362911520835e-16 
2.3737627762776277 1.3447084977049153e-16 
2.374762676267627 1.343083299328381e-16 
2.3757625762576255 1.3414606909084933e-16 
2.3767624762476247 1.3398406673432216e-16 
2.3777623762376234 1.3382232235424626e-16 
2.3787622762276226 1.3366083544280058e-16 
2.3797621762176218 1.3349960549335038e-16 
2.3807620762076205 1.3333863200044376e-16 
2.3817619761976196 1.3317791445980857e-16 
2.382761876187619 1.330174523683494e-16 
2.3837617761776175 1.3285724522414428e-16 
2.3847616761676167 1.3269729252644122e-16 
2.3857615761576154 1.3253759377565582e-16 
2.3867614761476146 1.323781484733673e-16 
2.3877613761376137 1.3221895612231583e-16 
2.3887612761276125 1.320600162263997e-16 
2.3897611761176116 1.3190132829067116e-16 
2.390761076107611 1.3174289182133453e-16 
2.3917609760976095 1.3158470632574248e-16 
2.3927608760876087 1.3142677131239282e-16 
2.393760776077608 1.312690862909259e-16 
2.3947606760676066 1.3111165077212132e-16 
2.3957605760576057 1.3095446426789453e-16 
2.3967604760476044 1.3079752629129455e-16 
2.3977603760376036 1.3064083635650013e-16 
2.398760276027603 1.304843939788173e-16 
2.3997601760176015 1.3032819867467618e-16 
2.4007600760076007 1.3017224996162775e-16 
2.4017599759976 1.3001654735834114e-16 
2.4027598759875985 1.2986109038460073e-16 
2.4037597759775977 1.2970587856130264e-16 
2.4047596759675964 1.2955091141045235e-16 
2.4057595759575956 1.2939618845516135e-16 
2.4067594759475948 1.292417092196444e-16 
2.4077593759375935 1.2908747322921657e-16 
2.4087592759275926 1.2893348001029005e-16 
2.409759175917592 1.2877972909037156e-16 
2.4107590759075905 1.286262199980594e-16 
2.4117589758975897 1.2847295226304017e-16 
2.4127588758875884 1.2831992541608633e-16 
2.4137587758775876 1.2816713898905297e-16 
2.4147586758675867 1.2801459251487522e-16 
2.4157585758575855 1.2786228552756516e-16 
2.4167584758475846 1.277102175622089e-16 
2.417758375837584 1.27558388154964e-16 
2.4187582758275825 1.2740679684305655e-16 
2.4197581758175817 1.2725544316477785e-16 
2.420758075807581 1.2710432665948238e-16 
2.4217579757975796 1.2695344686758443e-16 
2.4227578757875787 1.2680280333055528e-16 
2.4237577757775775 1.2665239559092077e-16 
2.4247576757675766 1.265022231922581e-16 
2.425757575757576 1.2635228567919332e-16 
2.4267574757475745 1.2620258259739843e-16 
2.4277573757375737 1.260531134935885e-16 
2.428757275727573 1.2590387791551917e-16 
2.4297571757175715 1.2575487541198375e-16 
2.4307570757075707 1.2560610553281028e-16 
2.4317569756975694 1.2545756782885924e-16 
2.4327568756875686 1.2530926185202038e-16 
2.4337567756775678 1.251611871552102e-16 
2.4347566756675665 1.2501334329236939e-16 
2.4357565756575656 1.2486572981845966e-16 
2.436756475647565 1.247183462894616e-16 
2.4377563756375635 1.2457119226237153e-16 
2.4387562756275627 1.2442426729519904e-16 
2.4397561756175614 1.2427757094696445e-16 
2.4407560756075606 1.241311027776957e-16 
2.4417559755975597 1.2398486234842613e-16 
2.4427558755875585 1.2383884922119174e-16 
2.4437557755775576 1.2369306295902824e-16 
2.444755675567557 1.2354750312596883e-16 
2.4457555755575555 1.2340216928704146e-16 
2.4467554755475547 1.2325706100826584e-16 
2.4477553755375534 1.2311217785665148e-16 
2.4487552755275526 1.2296751940019442e-16 
2.4497551755175517 1.2282308520787518e-16 
2.4507550755075505 1.2267887484965591e-16 
2.4517549754975496 1.2253488789647772e-16 
2.452754875487549 1.2239112392025834e-16 
2.4537547754775475 1.2224758249388946e-16 
2.4547546754675467 1.2210426319123402e-16 
2.455754575457546 1.219611655871239e-16 
2.4567544754475446 1.2181828925735738e-16 
2.4577543754375437 1.2167563377869625e-16 
2.4587542754275424 1.2153319872886374e-16 
2.4597541754175416 1.2139098368654167e-16 
2.4607540754075408 1.2124898823136806e-16 
2.4617539753975395 1.2110721194393485e-16 
2.4627538753875386 1.2096565440578482e-16 
2.463753775377538 1.2082431519940966e-16 
2.4647536753675365 1.206831939082474e-16 
2.4657535753575357 1.2054229011667952e-16 
2.4667534753475344 1.2040160341002913e-16 
2.4677533753375336 1.2026113337455777e-16 
2.4687532753275327 1.2012087959746361e-16 
2.4697531753175315 1.1998084166687885e-16 
2.4707530753075306 1.1984101917186674e-16 
2.47175297529753 1.1970141170242006e-16 
2.4727528752875285 1.1956201884945795e-16 
2.4737527752775277 1.1942284020482372e-16 
2.4747526752675264 1.192838753612827e-16 
2.4757525752575256 1.1914512391251936e-16 
2.4767524752475247 1.1900658545313535e-16 
2.4777523752375235 1.1886825957864695e-16 
2.4787522752275226 1.1873014588548242e-16 
2.479752175217522 1.1859224397098014e-16 
2.4807520752075205 1.1845455343338594e-16 
2.4817519751975197 1.183170738718506e-16 
2.482751875187519 1.181798048864278e-16 
2.4837517751775176 1.1804274607807168e-16 
2.4847516751675167 1.1790589704863428e-16 
2.4857515751575154 1.1776925740086365e-16 
2.4867514751475146 1.1763282673840098e-16 
2.4877513751375138 1.174966046657788e-16 
2.4887512751275125 1.1736059078841834e-16 
2.4897511751175117 1.172247847126272e-16 
2.490751075107511 1.1708918604559733e-16 
2.4917509750975095 1.1695379439540257e-16 
2.4927508750875087 1.168186093709962e-16 
2.4937507750775074 1.16683630582209e-16 
2.4947506750675066 1.1654885763974666e-16 
2.4957505750575057 1.1641429015518772e-16 
2.4967504750475045 1.1627992774098138e-16 
2.4977503750375036 1.161457700104448e-16 
2.498750275027503 1.1601181657776153e-16 
2.4997501750175015 1.158780670579787e-16 
2.5007500750075007 1.1574452106700494e-16 
2.5017499749974994 1.1561117822160842e-16 
2.5027498749874986 1.154780381394142e-16 
2.5037497749774977 1.1534510043890237e-16 
2.5047496749674965 1.1521236473940584e-16 
2.5057495749574956 1.150798306611076e-16 
2.506749474947495 1.1494749782503927e-16 
2.5077493749374935 1.1481536585307865e-16 
2.5087492749274927 1.1468343436794709e-16 
2.509749174917492 1.1455170299320801e-16 
2.5107490749074906 1.1442017135326444e-16 
2.5117489748974897 1.142888390733565e-16 
2.5127488748874884 1.141577057795599e-16 
2.5137487748774876 1.1402677109878324e-16 
2.5147486748674868 1.138960346587663e-16 
2.5157485748574855 1.1376549608807762e-16 
2.5167484748474847 1.1363515501611226e-16 
2.517748374837484 1.1350501107309013e-16 
2.5187482748274825 1.133750638900535e-16 
2.5197481748174817 1.132453130988649e-16 
2.5207480748074804 1.1311575833220526e-16 
2.5217479747974796 1.1298639922357141e-16 
2.5227478747874788 1.1285723540727452e-16 
2.5237477747774775 1.1272826651843758e-16 
2.5247476747674766 1.1259949219299332e-16 
2.525747574757476 1.1247091206768254e-16 
2.5267474747474745 1.123425257800516e-16 
2.5277473747374737 1.1221433296845054e-16 
2.5287472747274724 1.1208633327203108e-16 
2.5297471747174716 1.119585263307444e-16 
2.5307470747074707 1.1183091178533917e-16 
2.5317469746974695 1.117034892773598e-16 
2.5327468746874686 1.1157625844914377e-16 
2.533746774677468 1.114492189438202e-16 
2.5347466746674665 1.1132237040530758e-16 
2.5357465746574657 1.1119571247831165e-16 
2.536746474647465 1.1106924480832355e-16 
2.5377463746374636 1.1094296704161789e-16 
2.5387462746274627 1.108168788252505e-16 
2.5397461746174614 1.1069097980705668e-16 
2.5407460746074606 1.1056526963564892e-16 
2.5417459745974598 1.1043974796041531e-16 
2.5427458745874585 1.1031441443151729e-16 
2.5437457745774577 1.1018926869988768e-16 
2.544745674567457 1.1006431041722881e-16 
2.5457455745574555 1.0993953923601062e-16 
2.5467454745474547 1.0981495480946845e-16 
2.5477453745374534 1.0969055679160143e-16 
2.5487452745274526 1.0956634483717023e-16 
2.5497451745174518 1.0944231860169527e-16 
2.5507450745074505 1.0931847774145497e-16 
2.5517449744974496 1.0919482191348335e-16 
2.552744874487449 1.090713507755686e-16 
2.5537447744774475 1.0894806398625095e-16 
2.5547446744674467 1.088249612048206e-16 
2.5557445744574454 1.0870204209131616e-16 
2.5567444744474446 1.0857930630652247e-16 
2.5577443744374437 1.0845675351196886e-16 
2.5587442744274425 1.0833438336992734e-16 
2.5597441744174416 1.0821219554341028e-16 
2.560744074407441 1.080901896961692e-16 
2.5617439743974395 1.079683654926924e-16 
2.5627438743874387 1.0784672259820309e-16 
2.563743774377438 1.0772526067865797e-16 
2.5647436743674366 1.0760397940074492e-16 
2.5657435743574357 1.074828784318813e-16 
2.5667434743474344 1.0736195744021225e-16 
2.5677433743374336 1.0724121609460855e-16 
2.5687432743274328 1.0712065406466509e-16 
2.5697431743174315 1.0700027102069897e-16 
2.5707430743074307 1.0688006663374744e-16 
2.57174297429743 1.0676004057556629e-16 
2.5727428742874285 1.0664019251862826e-16 
2.5737427742774277 1.0652052213612062e-16 
2.5747426742674264 1.0640102910194397e-16 
2.5757425742574256 1.0628171309071005e-16 
2.5767424742474248 1.0616257377774026e-16 
2.5777423742374235 1.060436108390636e-16 
2.5787422742274226 1.0592482395141497e-16 
2.579742174217422 1.0580621279223355e-16 
2.5807420742074205 1.056877770396608e-16 
2.5817419741974197 1.0556951637253875e-16 
2.5827418741874184 1.0545143047040848e-16 
2.5837417741774176 1.0533351901350783e-16 
2.5847416741674167 1.052157816827703e-16 
2.5857415741574155 1.0509821815982288e-16 
2.5867414741474146 1.0498082812698432e-16 
2.587741374137414 1.048636112672636e-16 
2.5887412741274125 1.0474656726435808e-16 
2.5897411741174117 1.0462969580265165e-16 
2.590741074107411 1.0451299656721325e-16 
2.5917409740974096 1.0439646924379508e-16 
2.5927408740874087 1.0428011351883065e-16 
2.5937407740774074 1.0416392907943351e-16 
2.5947406740674066 1.0404791561339507e-16 
2.5957405740574058 1.0393207280918329e-16 
2.5967404740474045 1.0381640035594083e-16 
2.5977403740374037 1.0370089794348323e-16 
2.598740274027403 1.035855652622975e-16 
2.5997401740174015 1.0347040200354031e-16 
2.6007400740074007 1.033554078590361e-16 
2.6017399739973994 1.0324058252127594e-16 
2.6027398739873986 1.0312592568341522e-16 
2.6037397739773978 1.0301143703927253e-16 
2.6047396739673965 1.0289711628332775e-16 
2.6057395739573956 1.0278296311072031e-16 
2.606739473947395 1.0266897721724785e-16 
2.6077393739373935 1.0255515829936436e-16 
2.6087392739273927 1.0244150605417839e-16 
2.6097391739173914 1.0232802017945192e-16 
2.6107390739073906 1.0221470037359817e-16 
2.6117389738973897 1.0210154633568034e-16 
2.6127388738873885 1.0198855776540992e-16 
2.6137387738773876 1.0187573436314494e-16 
2.614738673867387 1.0176307582988852e-16 
2.6157385738573855 1.0165058186728726e-16 
2.6167384738473847 1.0153825217762943e-16 
2.6177383738373834 1.0142608646384372e-16 
2.6187382738273826 1.0131408442949724e-16 
2.6197381738173817 1.0120224577879439e-16 
2.6207380738073804 1.010905702165749e-16 
2.6217379737973796 1.0097905744831234e-16 
2.6227378737873788 1.0086770718011277e-16 
2.6237377737773775 1.007565191187129e-16 
2.6247376737673767 1.0064549297147854e-16 
2.625737573757376 1.0053462844640331e-16 
2.6267374737473745 1.0042392525210683e-16 
2.6277373737373737 1.0031338309783311e-16 
2.6287372737273724 1.0020300169344939e-16 
2.6297371737173716 1.0009278074944405e-16 
2.6307370737073708 9.998271997692554e-17 
2.6317369736973695 9.987281908762073e-17 
2.6327368736873686 9.976307779387308e-17 
2.633736773677368 9.965349580864151e-17 
2.6347366736673665 9.954407284549881e-17 
2.6357365736573657 9.94348086186298e-17 
2.6367364736473644 9.932570284283026e-17 
2.6377363736373636 9.921675523350503e-17 
2.6387362736273627 9.910796550666686e-17 
2.6397361736173615 9.899933337893476e-17 
2.6407360736073606 9.889085856753217e-17 
2.64173597359736 9.878254079028618e-17 
2.6427358735873585 9.86743797656254e-17 
2.6437357735773577 9.856637521257876e-17 
2.6447356735673564 9.845852685077413e-17 
2.6457355735573556 9.835083440043643e-17 
2.6467354735473547 9.824329758238672e-17 
2.6477353735373534 9.813591611804032e-17 
2.6487352735273526 9.802868972940544e-17 
2.6497351735173518 9.792161813908177e-17 
2.6507350735073505 9.781470107025922e-17 
2.6517349734973497 9.770793824671588e-17 
2.652734873487349 9.760132939281728e-17 
2.6537347734773475 9.749487423351452e-17 
2.6547346734673467 9.738857249434286e-17 
2.6557345734573454 9.728242390142051e-17 
2.6567344734473446 9.717642818144685e-17 
2.6577343734373438 9.707058506170141e-17 
2.6587342734273425 9.696489427004214e-17 
2.6597341734173416 9.685935553490405e-17 
2.660734073407341 9.67539685852979e-17 
2.6617339733973395 9.664873315080881e-17 
2.6627338733873387 9.654364896159457e-17 
2.6637337733773374 9.643871574838462e-17 
2.6647336733673366 9.633393324247831e-17 
2.6657335733573357 9.622930117574379e-17 
2.6667334733473345 9.61248192806165e-17 
2.6677333733373336 9.602048729009763e-17 
2.668733273327333 9.591630493775305e-17 
2.6697331733173315 9.581227195771163e-17 
2.6707330733073307 9.570838808466412e-17 
2.6717329732973294 9.560465305386154e-17 
2.6727328732873286 9.550106660111393e-17 
2.6737327732773277 9.539762846278911e-17 
2.6747326732673264 9.529433837581105e-17 
2.6757325732573256 9.519119607765866e-17 
2.6767324732473248 9.508820130636454e-17 
2.6777323732373235 9.498535380051345e-17 
2.6787322732273227 9.488265329924099e-17 
2.679732173217322 9.478009954223239e-17 
2.6807320732073205 9.467769226972101e-17 
2.6817319731973197 9.457543122248712e-17 
2.6827318731873184 9.447331614185657e-17 
2.6837317731773176 9.437134676969924e-17 
2.6847316731673168 9.426952284842813e-17 
2.6857315731573155 9.416784412099771e-17 
2.6867314731473146 9.40663103309026e-17 
2.687731373137314 9.396492122217655e-17 
2.6887312731273125 9.38636765393908e-17 
2.6897311731173117 9.376257602765291e-17 
2.6907310731073104 9.366161943260561e-17 
2.6917309730973096 9.356080650042512e-17 
2.6927308730873087 9.346013697782024e-17 
2.6937307730773075 9.335961061203095e-17 
2.6947306730673066 9.325922715082693e-17 
2.695730573057306 9.315898634250653e-17 
2.6967304730473045 9.305888793589542e-17 
2.6977303730373037 9.295893168034509e-17 
2.6987302730273024 9.285911732573198e-17 
2.6997301730173016 9.275944462245582e-17 
2.7007300730073007 9.265991332143867e-17 
2.7017299729972994 9.256052317412348e-17 
2.7027298729872986 9.24612739324728e-17 
2.7037297729772978 9.236216534896767e-17 
2.7047296729672965 9.226319717660638e-17 
2.7057295729572957 9.216436916890288e-17 
2.706729472947295 9.206568107988604e-17 
2.7077293729372935 9.196713266409807e-17 
2.7087292729272927 9.186872367659329e-17 
2.7097291729172914 9.177045387293708e-17 
2.7107290729072906 9.16723230092045e-17 
2.7117289728972898 9.157433084197906e-17 
2.7127288728872885 9.147647712835163e-17 
2.7137287728772876 9.1378761625919e-17 
2.714728672867287 9.128118409278286e-17 
2.7157285728572855 9.118374428754852e-17 
2.7167284728472847 9.108644196932366e-17 
2.7177283728372834 9.098927689771708e-17 
2.7187282728272826 9.089224883283765e-17 
2.7197281728172817 9.079535753529297e-17 
2.7207280728072805 9.069860276618829e-17 
2.7217279727972796 9.06019842871251e-17 
2.722727872787279 9.050550186020019e-17 
2.7237277727772775 9.040915524800441e-17 
2.7247276727672767 9.031294421362122e-17 
2.7257275727572754 9.021686852062591e-17 
2.7267274727472746 9.012092793308407e-17 
2.7277273727372737 9.002512221555067e-17 
2.7287272727272724 8.992945113306875e-17 
2.7297271727172716 8.983391445116825e-17 
2.7307270727072708 8.973851193586486e-17 
2.7317269726972695 8.964324335365902e-17 
2.7327268726872687 8.954810847153437e-17 
2.733726772677268 8.945310705695699e-17 
2.7347266726672665 8.935823887787414e-17 
2.7357265726572657 8.926350370271285e-17 
2.7367264726472644 8.916890130037917e-17 
2.7377263726372636 8.90744314402567e-17 
2.7387262726272628 8.898009389220566e-17 
2.7397261726172615 8.88858884265617e-17 
2.7407260726072606 8.879181481413465e-17 
2.74172597259726 8.869787282620746e-17 
2.7427258725872585 8.86040622345352e-17 
2.7437257725772577 8.851038281134373e-17 
2.7447256725672564 8.841683432932869e-17 
2.7457255725572556 8.832341656165429e-17 
2.7467254725472547 8.823012928195238e-17 
2.7477253725372535 8.813697226432115e-17 
2.7487252725272526 8.804394528332402e-17 
2.749725172517252 8.795104811398866e-17 
2.7507250725072505 8.785828053180585e-17 
2.7517249724972497 8.776564231272821e-17 
2.7527248724872484 8.767313323316939e-17 
2.7537247724772476 8.75807530700027e-17 
2.7547246724672467 8.748850160056016e-17 
2.7557245724572454 8.739637860263149e-17 
2.7567244724472446 8.730438385446273e-17 
2.7577243724372438 8.72125171347555e-17 
2.7587242724272425 8.712077822266571e-17 
2.7597241724172417 8.702916689780244e-17 
2.7607240724072404 8.693768294022712e-17 
2.7617239723972395 8.68463261304521e-17 
2.7627238723872387 8.675509624943997e-17 
2.7637237723772374 8.666399307860217e-17 
2.7647236723672366 8.657301639979804e-17 
2.7657235723572358 8.648216599533385e-17 
2.7667234723472345 8.639144164796158e-17 
2.7677233723372336 8.630084314087798e-17 
2.768723272327233 8.621037025772348e-17 
2.7697231723172315 8.612002278258116e-17 
2.7707230723072307 8.602980049997556e-17 
2.7717229722972294 8.5939703194872e-17 
2.7727228722872286 8.584973065267497e-17 
2.7737227722772277 8.575988265922771e-17 
2.7747226722672265 8.567015900081077e-17 
2.7757225722572256 8.5580559464141e-17 
2.776722472247225 8.549108383637073e-17 
2.7777223722372235 8.540173190508661e-17 
2.7787222722272227 8.531250345830848e-17 
2.7797221722172214 8.522339828448861e-17 
2.7807220722072206 8.513441617251036e-17 
2.7817219721972197 8.504555691168749e-17 
2.7827218721872184 8.495682029176295e-17 
2.7837217721772176 8.486820610290781e-17 
2.7847216721672168 8.477971413572045e-17 
2.7857215721572155 8.46913441812255e-17 
2.7867214721472147 8.460309603087258e-17 
2.7877213721372134 8.451496947653576e-17 
2.7887212721272125 8.442696431051209e-17 
2.7897211721172117 8.4339080325521e-17 
2.7907210721072104 8.425131731470305e-17 
2.7917209720972096 8.416367507161894e-17 
2.7927208720872088 8.407615339024881e-17 
2.7937207720772075 8.398875206499086e-17 
2.7947206720672066 8.390147089066063e-17 
2.795720572057206 8.381430966248994e-17 
2.7967204720472045 8.372726817612598e-17 
2.7977203720372037 8.364034622763012e-17 
2.7987202720272024 8.355354361347727e-17 
2.7997201720172016 8.346686013055458e-17 
2.8007200720072007 8.33802955761607e-17 
2.8017199719971995 8.329384974800485e-17 
2.8027198719871986 8.320752244420555e-17 
2.803719771977198 8.312131346328993e-17 
2.8047196719671965 8.303522260419283e-17 
2.8057195719571957 8.29492496662555e-17 
2.8067194719471944 8.286339444922515e-17 
2.8077193719371936 8.27776567532534e-17 
2.8087192719271927 8.269203637889591e-17 
2.8097191719171914 8.260653312711106e-17 
2.8107190719071906 8.252114679925918e-17 
2.81171897189719 8.243587719710148e-17 
2.8127188718871885 8.235072412279933e-17 
2.8137187718771877 8.226568737891308e-17 
2.8147186718671864 8.21807667684013e-17 
2.8157185718571855 8.209596209461966e-17 
2.8167184718471847 8.201127316132032e-17 
2.8177183718371834 8.192669977265077e-17 
2.8187182718271826 8.184224173315279e-17 
2.8197181718171818 8.175789884776193e-17 
2.8207180718071805 8.167367092180627e-17 
2.8217179717971796 8.158955776100549e-17 
2.822717871787179 8.150555917147024e-17 
2.8237177717771775 8.142167495970099e-17 
2.8247176717671767 8.13379049325871e-17 
2.8257175717571754 8.125424889740614e-17 
2.8267174717471746 8.117070666182276e-17 
2.8277173717371737 8.10872780338879e-17 
2.8287172717271725 8.100396282203794e-17 
2.8297171717171716 8.092076083509358e-17 
2.830717071707171 8.083767188225929e-17 
2.8317169716971695 8.075469577312214e-17 
2.8327168716871687 8.067183231765096e-17 
2.8337167716771674 8.058908132619566e-17 
2.8347166716671666 8.050644260948598e-17 
2.8357165716571657 8.042391597863095e-17 
2.8367164716471645 8.034150124511792e-17 
2.8377163716371636 8.025919822081146e-17 
2.838716271627163 8.017700671795282e-17 
2.8397161716171615 8.009492654915887e-17 
2.8407160716071607 8.00129575274212e-17 
2.8417159715971594 7.993109946610547e-17 
2.8427158715871585 7.984935217895014e-17 
2.8437157715771577 7.976771548006612e-17 
2.8447156715671564 7.968618918393554e-17 
2.8457155715571556 7.960477310541089e-17 
2.8467154715471548 7.952346705971446e-17 
2.8477153715371535 7.944227086243726e-17 
2.8487152715271526 7.936118432953805e-17 
2.849715171517152 7.92802072773428e-17 
2.8507150715071505 7.919933952254374e-17 
2.8517149714971497 7.911858088219826e-17 
2.8527148714871484 7.903793117372852e-17 
2.8537147714771476 7.895739021492008e-17 
2.8547146714671467 7.887695782392163e-17 
2.8557145714571455 7.879663381924372e-17 
2.8567144714471446 7.871641801975806e-17 
2.857714371437144 7.863631024469675e-17 
2.8587142714271425 7.85563103136514e-17 
2.8597141714171417 7.847641804657229e-17 
2.8607140714071404 7.839663326376759e-17 
2.8617139713971396 7.831695578590242e-17 
2.8627138713871387 7.823738543399824e-17 
2.8637137713771375 7.815792202943182e-17 
2.8647136713671366 7.807856539393456e-17 
2.865713571357136 7.799931534959156e-17 
2.8667134713471345 7.792017171884096e-17 
2.8677133713371337 7.784113432447297e-17 
2.8687132713271324 7.776220298962919e-17 
2.8697131713171316 7.768337753780167e-17 
2.8707130713071307 7.760465779283227e-17 
2.8717129712971294 7.752604357891176e-17 
2.8727128712871286 7.744753472057897e-17 
2.8737127712771278 7.736913104272008e-17 
2.8747126712671265 7.72908323705679e-17 
2.8757125712571256 7.721263852970079e-17 
2.876712471247125 7.713454934604219e-17 
2.8777123712371235 7.705656464585971e-17 
2.8787122712271227 7.697868425576419e-17 
2.8797121712171214 7.69009080027092e-17 
2.8807120712071206 7.682323571398995e-17 
2.8817119711971197 7.674566721724284e-17 
2.8827118711871185 7.666820234044441e-17 
2.8837117711771176 7.659084091191065e-17 
2.884711671167117 7.651358276029626e-17 
2.8857115711571155 7.64364277145939e-17 
2.8867114711471147 7.635937560413322e-17 
2.8877113711371134 7.628242625858045e-17 
2.8887112711271126 7.620557950793722e-17 
2.8897111711171117 7.61288351825401e-17 
2.8907110711071105 7.60521931130598e-17 
2.8917109710971096 7.597565313050016e-17 
2.892710871087109 7.589921506619774e-17 
2.8937107710771075 7.582287875182084e-17 
2.8947106710671067 7.574664401936875e-17 
2.8957105710571054 7.567051070117113e-17 
2.8967104710471046 7.559447862988708e-17 
2.8977103710371037 7.551854763850458e-17 
2.8987102710271024 7.544271756033963e-17 
2.8997101710171016 7.536698822903545e-17 
2.9007100710071008 7.529135947856186e-17 
2.9017099709970995 7.521583114321453e-17 
2.9027098709870987 7.51404030576141e-17 
2.903709770977098 7.50650750567056e-17 
2.9047096709670965 7.498984697575764e-17 
2.9057095709570957 7.491471865036166e-17 
2.9067094709470944 7.483968991643129e-17 
2.9077093709370936 7.476476061020146e-17 
2.9087092709270927 7.468993056822786e-17 
2.9097091709170915 7.461519962738607e-17 
2.9107090709070906 7.454056762487085e-17 
2.91170897089709 7.446603439819547e-17 
2.9127088708870885 7.439159978519109e-17 
2.9137087708770877 7.431726362400572e-17 
2.9147086708670864 7.424302575310385e-17 
2.9157085708570856 7.416888601126548e-17 
2.9167084708470847 7.409484423758558e-17 
2.9177083708370835 7.402090027147336e-17 
2.9187082708270826 7.394705395265135e-17 
2.919708170817082 7.3873305121155e-17 
2.9207080708070805 7.379965361733179e-17 
2.9217079707970797 7.372609928184049e-17 
2.9227078707870784 7.36526419556506e-17 
2.9237077707770776 7.357928148004153e-17 
2.9247076707670767 7.350601769660202e-17 
2.9257075707570754 7.343285044722933e-17 
2.9267074707470746 7.335977957412847e-17 
2.9277073707370738 7.328680491981183e-17 
2.9287072707270725 7.321392632709814e-17 
2.9297071707170717 7.314114363911191e-17 
2.9307070707070704 7.306845669928283e-17 
2.9317069706970695 7.29958653513449e-17 
2.9327068706870687 7.292336943933595e-17 
2.9337067706770674 7.28509688075968e-17 
2.9347066706670666 7.277866330077058e-17 
2.9357065706570658 7.270645276380219e-17 
2.9367064706470645 7.26343370419375e-17 
2.9377063706370636 7.256231598072268e-17 
2.938706270627063 7.249038942600355e-17 
2.9397061706170615 7.241855722392501e-17 
2.9407060706070607 7.234681922093007e-17 
2.9417059705970594 7.227517526375961e-17 
2.9427058705870586 7.220362519945122e-17 
2.9437057705770577 7.213216887533906e-17 
2.9447056705670565 7.206080613905275e-17 
2.9457055705570556 7.198953683851692e-17 
2.946705470547055 7.191836082195052e-17 
2.9477053705370535 7.184727793786623e-17 
2.9487052705270527 7.177628803506958e-17 
2.9497051705170514 7.170539096265859e-17 
2.9507050705070506 7.163458657002282e-17 
2.9517049704970497 7.1563874706843e-17 
2.9527048704870484 7.149325522309016e-17 
2.9537047704770476 7.142272796902508e-17 
2.9547046704670468 7.135229279519762e-17 
2.9557045704570455 7.128194955244612e-17 
2.9567044704470447 7.121169809189665e-17 
2.9577043704370434 7.11415382649625e-17 
2.9587042704270425 7.107146992334337e-17 
2.9597041704170417 7.100149291902494e-17 
2.9607040704070404 7.093160710427807e-17 
2.9617039703970396 7.086181233165817e-17 
2.9627038703870388 7.079210845400469e-17 
2.9637037703770375 7.072249532444042e-17 
2.9647036703670366 7.065297279637073e-17 
2.965703570357036 7.058354072348315e-17 
2.9667034703470345 7.051419895974667e-17 
2.9677033703370337 7.044494735941099e-17 
2.9687032703270324 7.037578577700608e-17 
2.9697031703170316 7.03067140673414e-17 
2.9707030703070307 7.023773208550542e-17 
2.9717029702970295 7.016883968686492e-17 
2.9727028702870286 7.010003672706434e-17 
2.973702770277028 7.003132306202518e-17 
2.9747026702670265 6.996269854794552e-17 
2.9757025702570257 6.989416304129916e-17 
2.9767024702470244 6.982571639883524e-17 
2.9777023702370236 6.975735847757747e-17 
2.9787022702270227 6.968908913482355e-17 
2.9797021702170214 6.962090822814474e-17 
2.9807020702070206 6.955281561538487e-17 
2.9817019701970198 6.94848111546602e-17 
2.9827018701870185 6.941689470435846e-17 
2.9837017701770177 6.934906612313834e-17 
2.9847016701670164 6.928132526992907e-17 
2.9857015701570155 6.921367200392948e-17 
2.9867014701470147 6.914610618460777e-17 
2.9877013701370134 6.907862767170065e-17 
2.9887012701270126 6.901123632521283e-17 
2.9897011701170118 6.894393200541646e-17 
2.9907010701070105 6.887671457285054e-17 
2.9917009700970096 6.880958388832023e-17 
2.992700870087009 6.874253981289636e-17 
2.9937007700770075 6.867558220791488e-17 
2.9947006700670067 6.860871093497608e-17 
2.9957005700570054 6.854192585594424e-17 
2.9967004700470046 6.847522683294691e-17 
2.9977003700370037 6.840861372837435e-17 
2.9987002700270025 6.8342086404879e-17 
2.9997001700170016 6.827564472537482e-17 
3.000700070007001 6.820928855303675e-17 
3.0016999699969995 6.814301775130018e-17 
3.0026998699869987 6.807683218386032e-17 
3.0036997699769974 6.801073171467166e-17 
3.0046996699669966 6.794471620794734e-17 
3.0056995699569957 6.787878552815865e-17 
3.0066994699469944 6.781293954003448e-17 
3.0076993699369936 6.774717810856059e-17 
3.0086992699269928 6.768150109897927e-17 
3.0096991699169915 6.761590837678867e-17 
3.0106990699069907 6.755039980774216e-17 
3.0116989698969894 6.748497525784792e-17 
3.0126988698869885 6.741963459336821e-17 
3.0136987698769877 6.7354377680819e-17 
3.0146986698669864 6.728920438696934e-17 
3.0156985698569856 6.722411457884064e-17 
3.0166984698469848 6.715910812370641e-17 
3.0176983698369835 6.709418488909149e-17 
3.0186982698269826 6.702934474277157e-17 
3.019698169816982 6.69645875527726e-17 
3.0206980698069805 6.689991318737038e-17 
3.0216979697969797 6.683532151508981e-17 
3.0226978697869784 6.677081240470448e-17 
3.0236977697769776 6.67063857252361e-17 
3.0246976697669767 6.664204134595386e-17 
3.0256975697569755 6.657777913637416e-17 
3.0266974697469746 6.651359896625964e-17 
3.027697369736974 6.644950070561907e-17 
3.0286972697269725 6.638548422470662e-17 
3.0296971697169717 6.632154939402118e-17 
3.0306970697069704 6.62576960843061e-17 
3.0316969696969696 6.619392416654847e-17 
3.0326968696869687 6.61302335119787e-17 
3.0336967696769674 6.606662399206992e-17 
3.0346966696669666 6.60030954785374e-17 
3.0356965696569658 6.593964784333816e-17 
3.0366964696469645 6.587628095867037e-17 
3.0376963696369637 6.581299469697275e-17 
3.0386962696269624 6.574978893092423e-17 
3.0396961696169615 6.56866635334432e-17 
3.0406960696069607 6.562361837768714e-17 
3.0416959695969594 6.556065333705216e-17 
3.0426958695869586 6.549776828517223e-17 
3.0436957695769578 6.543496309591889e-17 
3.0446956695669565 6.53722376434007e-17 
3.0456955695569556 6.530959180196256e-17 
3.046695469546955 6.52470254461854e-17 
3.0476953695369535 6.518453845088563e-17 
3.0486952695269527 6.512213069111444e-17 
3.0496951695169514 6.505980204215761e-17 
3.0506950695069506 6.499755237953462e-17 
3.0516949694969497 6.493538157899851e-17 
3.0526948694869485 6.487328951653516e-17 
3.0536947694769476 6.481127606836275e-17 
3.054694669466947 6.474934111093141e-17 
3.0556945694569455 6.468748452092271e-17 
3.0566944694469447 6.462570617524892e-17 
3.0576943694369434 6.456400595105285e-17 
3.0586942694269426 6.450238372570704e-17 
3.0596941694169417 6.44408393768135e-17 
3.0606940694069404 6.43793727822031e-17 
3.0616939693969396 6.431798381993504e-17 
3.0626938693869388 6.425667236829645e-17 
3.0636937693769375 6.419543830580186e-17 
3.0646936693669367 6.413428151119265e-17 
3.0656935693569354 6.407320186343667e-17 
3.0666934693469345 6.401219924172763e-17 
3.0676933693369337 6.395127352548469e-17 
3.0686932693269324 6.389042459435202e-17 
3.0696931693169316 6.382965232819811e-17 
3.0706930693069308 6.376895660711556e-17 
3.0716929692969295 6.370833731142039e-17 
3.0726928692869286 6.36477943216516e-17 
3.073692769276928 6.358732751857079e-17 
3.0746926692669265 6.352693678316157e-17 
3.0756925692569257 6.346662199662907e-17 
3.0766924692469244 6.340638304039956e-17 
3.0776923692369236 6.33462197961199e-17 
3.0786922692269227 6.32861321456571e-17 
3.0796921692169215 6.322611997109784e-17 
3.0806920692069206 6.316618315474794e-17 
3.08169196919692 6.310632157913196e-17 
3.0826918691869185 6.304653512699278e-17 
3.0836917691769177 6.298682368129089e-17 
3.0846916691669164 6.292718712520425e-17 
3.0856915691569156 6.286762534212753e-17 
3.0866914691469147 6.280813821567186e-17 
3.0876913691369134 6.274872562966432e-17 
3.0886912691269126 6.268938746814723e-17 
3.0896911691169118 6.26301236153781e-17 
3.0906910691069105 6.257093395582889e-17 
3.0916909690969097 6.251181837418558e-17 
3.0926908690869084 6.245277675534782e-17 
3.0936907690769075 6.239380898442828e-17 
3.0946906690669067 6.233491494675245e-17 
3.0956905690569054 6.227609452785801e-17 
3.0966904690469046 6.22173476134943e-17 
3.0976903690369038 6.215867408962215e-17 
3.0986902690269025 6.210007384241316e-17 
3.0996901690169016 6.20415467582493e-17 
3.1006900690069004 6.198309272372259e-17 
3.1016899689968995 6.192471162563455e-17 
3.1026898689868987 6.186640335099571e-17 
3.1036897689768974 6.180816778702527e-17 
3.1046896689668966 6.175000482115057e-17 
3.1056895689568957 6.169191434100668e-17 
3.1066894689468945 6.163389623443598e-17 
3.1076893689368936 6.157595038948762e-17 
3.108689268926893 6.151807669441723e-17 
3.1096891689168915 6.146027503768637e-17 
3.1106890689068907 6.140254530796205e-17 
3.1116889688968894 6.134488739411647e-17 
3.1126888688868886 6.128730118522635e-17 
3.1136887688768877 6.122978657057268e-17 
3.1146886688668864 6.117234343964027e-17 
3.1156885688568856 6.111497168211711e-17 
3.1166884688468848 6.105767118789423e-17 
3.1176883688368835 6.100044184706508e-17 
3.1186882688268827 6.09432835499251e-17 
3.1196881688168814 6.088619618697142e-17 
3.1206880688068805 6.082917964890225e-17 
3.1216879687968797 6.077223382661662e-17 
3.1226878687868784 6.071535861121387e-17 
3.1236877687768776 6.06585538939932e-17 
3.1246876687668768 6.060181956645327e-17 
3.1256875687568755 6.054515552029189e-17 
3.1266874687468746 6.048856164740536e-17 
3.1276873687368734 6.043203783988822e-17 
3.1286872687268725 6.037558399003282e-17 
3.1296871687168717 6.031919999032884e-17 
3.1306870687068704 6.026288573346294e-17 
3.1316869686968696 6.020664111231822e-17 
3.1326868686868687 6.015046601997394e-17 
3.1336867686768675 6.00943603497051e-17 
3.1346866686668666 6.003832399498182e-17 
3.135686568656866 5.998235684946922e-17 
3.1366864686468645 5.992645880702682e-17 
3.1376863686368637 5.987062976170817e-17 
3.1386862686268624 5.981486960776043e-17 
3.1396861686168616 5.975917823962395e-17 
3.1406860686068607 5.9703555551932e-17 
3.1416859685968594 5.964800143951012e-17 
3.1426858685868586 5.959251579737585e-17 
3.1436857685768578 5.953709852073839e-17 
3.1446856685668565 5.948174950499807e-17 
3.1456855685568557 5.942646864574596e-17 
3.1466854685468544 5.937125583876359e-17 
3.1476853685368535 5.931611098002233e-17 
3.1486852685268527 5.926103396568324e-17 
3.1496851685168514 5.920602469209648e-17 
3.1506850685068506 5.915108305580095e-17 
3.1516849684968498 5.909620895352401e-17 
3.1526848684868485 5.904140228218094e-17 
3.1536847684768476 5.898666293887454e-17 
3.1546846684668464 5.89319908208949e-17 
3.1556845684568455 5.887738582571876e-17 
3.1566844684468447 5.88228478510094e-17 
3.1576843684368434 5.876837679461597e-17 
3.1586842684268426 5.871397255457331e-17 
3.1596841684168417 5.865963502910142e-17 
3.1606840684068405 5.860536411660516e-17 
3.1616839683968396 5.85511597156738e-17 
3.162683868386839 5.849702172508067e-17 
3.1636837683768375 5.844295004378278e-17 
3.1646836683668367 5.838894457092039e-17 
3.1656835683568354 5.833500520581666e-17 
3.1666834683468346 5.828113184797721e-17 
3.1676833683368337 5.822732439708987e-17 
3.1686832683268324 5.817358275302416e-17 
3.1696831683168316 5.811990681583093e-17 
3.1706830683068308 5.806629648574205e-17 
3.1716829682968295 5.801275166317e-17 
3.1726828682868287 5.795927224870739e-17 
3.1736827682768274 5.790585814312679e-17 
3.1746826682668265 5.785250924738013e-17 
3.1756825682568257 5.779922546259849e-17 
3.1766824682468244 5.774600669009166e-17 
3.1776823682368236 5.769285283134772e-17 
3.1786822682268228 5.763976378803274e-17 
3.1796821682168215 5.758673946199043e-17 
3.1806820682068206 5.753377975524161e-17 
3.1816819681968194 5.748088456998408e-17 
3.1826818681868185 5.742805380859197e-17 
3.1836817681768177 5.737528737361566e-17 
3.1846816681668164 5.732258516778121e-17 
3.1856815681568156 5.726994709399003e-17 
3.1866814681468147 5.721737305531856e-17 
3.1876813681368135 5.716486295501793e-17 
3.1886812681268126 5.711241669651342e-17 
3.189681168116812 5.706003418340438e-17 
3.1906810681068105 5.700771531946359e-17 
3.1916809680968097 5.695546000863707e-17 
3.1926808680868084 5.690326815504371e-17 
3.1936807680768076 5.685113966297472e-17 
3.1946806680668067 5.679907443689357e-17 
3.1956805680568054 5.674707238143545e-17 
3.1966804680468046 5.669513340140683e-17 
3.1976803680368038 5.664325740178534e-17 
3.1986802680268025 5.659144428771926e-17 
3.1996801680168017 5.653969396452714e-17 
3.2006800680068004 5.648800633769754e-17 
3.2016799679967995 5.64363813128886e-17 
3.2026798679867987 5.638481879592776e-17 
3.2036797679767974 5.633331869281138e-17 
3.2046796679667966 5.628188090970431e-17 
3.2056795679567958 5.623050535293966e-17 
3.2066794679467945 5.617919192901837e-17 
3.2076793679367936 5.612794054460891e-17 
3.2086792679267924 5.607675110654695e-17 
3.2096791679167915 5.602562352183483e-17 
3.2106790679067907 5.597455769764152e-17 
3.2116789678967894 5.592355354130206e-17 
3.2126788678867886 5.58726109603172e-17 
3.2136787678767877 5.582172986235322e-17 
3.2146786678667865 5.577091015524147e-17 
3.2156785678567856 5.572015174697795e-17 
3.216678467846785 5.56694545457232e-17 
3.2176783678367835 5.561881845980181e-17 
3.2186782678267827 5.556824339770198e-17 
3.2196781678167814 5.551772926807543e-17 
3.2206780678067806 5.546727597973685e-17 
3.2216779677967797 5.541688344166369e-17 
3.2226778677867784 5.536655156299578e-17 
3.2236777677767776 5.531628025303491e-17 
3.224677667766777 5.526606942124466e-17 
3.2256775677567755 5.521591897724998e-17 
3.2266774677467747 5.516582883083679e-17 
3.2276773677367734 5.51157988919518e-17 
3.2286772677267725 5.5065829070702e-17 
3.2296771677167717 5.5015919277354476e-17 
3.2306770677067704 5.4966069422336093e-17 
3.2316769676967696 5.4916279416232926e-17 
3.2326768676867688 5.486654916979027e-17 
3.2336767676767675 5.4816878593912096e-17 
3.2346766676667666 5.4767267599660686e-17 
3.2356765676567654 5.471771609825652e-17 
3.2366764676467645 5.4668224001077745e-17 
3.2376763676367637 5.4618791219659944e-17 
3.2386762676267624 5.4569417665695844e-17 
3.2396761676167616 5.452010325103487e-17 
3.2406760676067607 5.4470847887682945e-17 
3.2416759675967595 5.442165148780214e-17 
3.2426758675867586 5.4372513963710265e-17 
3.2436757675767574 5.4323435227880695e-17 
3.2446756675667565 5.427441519294189e-17 
3.2456755675567557 5.422545377167722e-17 
3.2466754675467544 5.417655087702461e-17 
3.2476753675367536 5.412770642207612e-17 
3.2486752675267527 5.407892032007775e-17 
3.2496751675167515 5.4030192484429084e-17 
3.2506750675067506 5.3981522828682934e-17 
3.25167496749675 5.3932911266545145e-17 
3.2526748674867485 5.388435771187413e-17 
3.2536747674767477 5.383586207868061e-17 
3.2546746674667464 5.37874242811274e-17 
3.2556745674567455 5.373904423352891e-17 
3.2566744674467447 5.369072185035103e-17 
3.2576743674367434 5.3642457046210725e-17 
3.2586742674267426 5.359424973587562e-17 
3.2596741674167418 5.354609983426395e-17 
3.2606740674067405 5.3498007256444035e-17 
3.2616739673967396 5.3449971917634003e-17 
3.2626738673867384 5.3401993733201596e-17 
3.2636737673767375 5.3354072618663737e-17 
3.2646736673667367 5.330620848968628e-17 
3.2656735673567354 5.325840126208378e-17 
3.2666734673467346 5.321065085181897e-17 
3.2676733673367337 5.316295717500272e-17 
3.2686732673267325 5.311532014789363e-17 
3.2696731673167316 5.306773968689757e-17 
3.2706730673067304 5.30202157085677e-17 
3.2716729672967295 5.2972748129603835e-17 
3.2726728672867287 5.292533686685242e-17 
3.2736727672767274 5.2877981837306095e-17 
3.2746726672667266 5.2830682958103336e-17 
3.2756725672567257 5.2783440146528326e-17 
3.2766724672467245 5.273625332001056e-17 
3.2776723672367236 5.2689122396124506e-17 
3.278672267226723 5.26420472925894e-17 
3.2796721672167215 5.2595027927268935e-17 
3.2806720672067207 5.2548064218170916e-17 
3.2816719671967194 5.2501156083446994e-17 
3.2826718671867186 5.245430344139239e-17 
3.2836717671767177 5.2407506210445587e-17 
3.2846716671667164 5.236076430918805e-17 
3.2856715671567156 5.2314077656343904e-17 
3.2866714671467148 5.226744617077968e-17 
3.2876713671367135 5.222086977150406e-17 
3.2886712671267126 5.2174348377667414e-17 
3.2896711671167114 5.21278819085618e-17 
3.2906710671067105 5.208147028362037e-17 
3.2916709670967097 5.2035113422417327e-17 
3.2926708670867084 5.198881124466752e-17 
3.2936707670767076 5.194256367022614e-17 
3.2946706670667067 5.1896370619088513e-17 
3.2956705670567055 5.18502320113898e-17 
3.2966704670467046 5.1804147767404616e-17 
3.2976703670367034 5.175811780754692e-17 
3.2986702670267025 5.171214205236953e-17 
3.2996701670167017 5.1666220422564036e-17 
3.3006700670067004 5.162035283896042e-17 
3.3016699669966996 5.157453922252672e-17 
3.3026698669866987 5.152877949436889e-17 
3.3036697669766975 5.1483073575730434e-17 
3.3046696669666966 5.1437421387992116e-17 
3.305669566956696 5.1391822852671725e-17 
3.3066694669466945 5.1346277891423805e-17 
3.3076693669366937 5.130078642603931e-17 
3.3086692669266924 5.1255348378445447e-17 
3.3096691669166916 5.1209963670705216e-17 
3.3106690669066907 5.116463222501733e-17 
3.3116689668966894 5.11193539637159e-17 
3.3126688668866886 5.1074128809270004e-17 
3.3136687668766878 5.1028956684283617e-17 
3.3146686668666865 5.098383751149525e-17 
3.3156685668566857 5.093877121377764e-17 
3.3166684668466844 5.0893757714137563e-17 
3.3176683668366835 5.084879693571548e-17 
3.3186682668266827 5.080388880178537e-17 
3.3196681668166814 5.0759033235754363e-17 
3.3206680668066806 5.0714230161162525e-17 
3.3216679667966797 5.066947950168256e-17 
3.3226678667866785 5.062478118111961e-17 
3.3236677667766776 5.0580135123410837e-17 
3.3246676667666764 5.0535541252625384e-17 
3.3256675667566755 5.0490999492963894e-17 
3.3266674667466747 5.044650976875837e-17 
3.3276673667366734 5.040207200447189e-17 
3.3286672667266726 5.03576861246983e-17 
3.3296671667166717 5.031335205416201e-17 
3.3306670667066705 5.0269069717717695e-17 
3.3316669666966696 5.0224839040350034e-17 
3.332666866686669 5.018065994717347e-17 
3.3336667666766675 5.013653236343196e-17 
3.3346666666666667 5.0092456214498615e-17 
3.3356665666566654 5.004843142587564e-17 
3.3366664666466646 5.000445792319382e-17 
3.3376663666366637 4.99605356322125e-17 
3.3386662666266624 4.9916664478819206e-17 
3.3396661666166616 4.9872844389029376e-17 
3.3406660666066608 4.982907528898614e-17 
3.3416659665966595 4.9785357104960086e-17 
3.3426658665866587 4.9741689763348945e-17 
3.3436657665766574 4.9698073190677404e-17 
3.3446656665666565 4.965450731359678e-17 
3.3456655665566557 4.961099205888484e-17 
3.3466654665466544 4.9567527353445525e-17 
3.3476653665366536 4.952411312430859e-17 
3.3486652665266528 4.948074929862956e-17 
3.3496651665166515 4.9437435803689353e-17 
3.3506650665066506 4.939417256689395e-17 
3.3516649664966494 4.935095951577439e-17 
3.3526648664866485 4.930779657798619e-17 
3.3536647664766477 4.926468368130944e-17 
3.3546646664666464 4.922162075364834e-17 
3.3556645664566456 4.917860772303091e-17 
3.3566644664466447 4.9135644517608984e-17 
3.3576643664366435 4.909273106565772e-17 
3.3586642664266426 4.904986729557546e-17 
3.359664166416642 4.900705313588352e-17 
3.3606640664066405 4.8964288515225876e-17 
3.3616639663966397 4.892157336236891e-17 
3.3626638663866384 4.8878907606201285e-17 
3.3636637663766376 4.883629117573348e-17 
3.3646636663666367 4.8793724000097825e-17 
3.3656635663566354 4.875120600854809e-17 
3.3666634663466346 4.870873713045916e-17 
3.3676633663366338 4.866631729532705e-17 
3.3686632663266325 4.8623946432768465e-17 
3.3696631663166317 4.858162447252058e-17 
3.3706630663066304 4.853935134444089e-17 
3.3716629662966295 4.849712697850687e-17 
3.3726628662866287 4.8454951304815836e-17 
3.3736627662766274 4.8412824253584665e-17 
3.3746626662666266 4.837074575514944e-17 
3.3756625662566258 4.8328715739965425e-17 
3.3766624662466245 4.8286734138606737e-17 
3.3776623662366236 4.824480088176603e-17 
3.3786622662266224 4.820291590025439e-17 
3.3796621662166215 4.816107912500097e-17 
3.3806620662066207 4.8119290487052884e-17 
3.3816619661966194 4.807754991757492e-17 
3.3826618661866186 4.8035857347849254e-17 
3.3836617661766177 4.799421270927529e-17 
3.3846616661666165 4.795261593336948e-17 
3.3856615661566156 4.791106695176488e-17 
3.386661466146615 4.786956569621113e-17 
3.3876613661366135 4.782811209857417e-17 
3.3886612661266127 4.778670609083595e-17 
3.3896611661166114 4.774534760509424e-17 
3.3906610661066106 4.7704036573562465e-17 
3.3916609660966097 4.7662772928569296e-17 
3.3926608660866084 4.7621556602558697e-17 
3.3936607660766076 4.75803875280894e-17 
3.3946606660666068 4.753926563783487e-17 
3.3956605660566055 4.749819086458308e-17 
3.3966604660466047 4.745716314123614e-17 
3.3976603660366034 4.7416182400810256e-17 
3.3986602660266025 4.737524857643532e-17 
3.3996601660166017 4.733436160135487e-17 
3.4006600660066004 4.729352140892575e-17 
3.4016599659965996 4.725272793261785e-17 
3.4026598659865988 4.721198110601405e-17 
3.4036597659765975 4.717128086280984e-17 
3.4046596659665966 4.713062713681311e-17 
3.4056595659565954 4.709001986194408e-17 
3.4066594659465945 4.704945897223485e-17 
3.4076593659365937 4.7008944401829404e-17 
3.4086592659265924 4.696847608498327e-17 
3.4096591659165916 4.692805395606323e-17 
3.4106590659065907 4.6887677949547266e-17 
3.4116589658965895 4.6847348000024307e-17 
3.4126588658865886 4.680706404219384e-17 
3.4136587658765873 4.676682601086595e-17 
3.4146586658665865 4.672663384096089e-17 
3.4156585658565857 4.6686487467508987e-17 
3.4166584658465844 4.664638682565041e-17 
3.4176583658365836 4.660633185063485e-17 
3.4186582658265827 4.6566322477821497e-17 
3.4196581658165814 4.652635864267867e-17 
3.4206580658065806 4.648644028078361e-17 
3.4216579657965798 4.6446567327822366e-17 
3.4226578657865785 4.640673971958951e-17 
3.4236577657765777 4.6366957391987915e-17 
3.4246576657665764 4.63272202810286e-17 
3.4256575657565755 4.628752832283045e-17 
3.4266574657465747 4.6247881453620036e-17 
3.4276573657365734 4.620827960973148e-17 
3.4286572657265726 4.616872272760606e-17 
3.4296571657165718 4.6129210743792195e-17 
3.4306570657065705 4.608974359494516e-17 
3.4316569656965696 4.605032121782679e-17 
3.4326568656865684 4.601094354930546e-17 
3.4336567656765675 4.5971610526355653e-17 
3.4346566656665667 4.593232208605797e-17 
3.4356565656565654 4.589307816559878e-17 
3.4366564656465646 4.5853878702270045e-17 
3.4376563656365637 4.5814723633469146e-17 
3.4386562656265625 4.577561289669866e-17 
3.4396561656165616 4.5736546429566125e-17 
3.4406560656065603 4.569752416978391e-17 
3.4416559655965595 4.565854605516889e-17 
3.4426558655865587 4.561961202364238e-17 
3.4436557655765574 4.558072201322987e-17 
3.4446556655665566 4.554187596206073e-17 
3.4456555655565557 4.55030738083682e-17 
3.4466554655465544 4.546431549048908e-17 
3.4476553655365536 4.542560094686343e-17 
3.4486552655265528 4.538693011603457e-17 
3.4496551655165515 4.5348302936648794e-17 
3.4506550655065507 4.5309719347455046e-17 
3.4516549654965494 4.5271179287304956e-17 
3.4526548654865485 4.5232682695152455e-17 
3.4536547654765477 4.5194229510053607e-17 
3.4546546654665464 4.5155819671166546e-17 
3.4556545654565456 4.511745311775107e-17 
3.4566544654465448 4.507912978916859e-17 
3.4576543654365435 4.5040849624881906e-17 
3.4586542654265426 4.500261256445496e-17 
3.4596541654165414 4.4964418547552734e-17 
3.4606540654065405 4.492626751394087e-17 
3.4616539653965397 4.488815940348573e-17 
3.4626538653865384 4.485009415615405e-17 
3.4636537653765376 4.48120717120127e-17 
3.4646536653665367 4.4774092011228576e-17 
3.4656535653565355 4.4736154994068465e-17 
3.4666534653465346 4.4698260600898657e-17 
3.4676533653365333 4.4660408772184964e-17 
3.4686532653265325 4.4622599448492364e-17 
3.4696531653165317 4.458483257048492e-17 
3.4706530653065304 4.4547108078925544e-17 
3.4716529652965296 4.4509425914675776e-17 
3.4726528652865287 4.447178601869563e-17 
3.4736527652765274 4.443418833204347e-17 
3.4746526652665266 4.439663279587564e-17 
3.4756525652565258 4.435911935144645e-17 
3.4766524652465245 4.432164794010794e-17 
3.4776523652365237 4.4284218503309593e-17 
3.4786522652265224 4.42468309825983e-17 
3.4796521652165215 4.420948531961805e-17 
3.4806520652065207 4.417218145610983e-17 
3.4816519651965194 4.41349193339114e-17 
3.4826518651865186 4.409769889495704e-17 
3.4836517651765178 4.406052008127749e-17 
3.4846516651665165 4.402338283499973e-17 
3.4856515651565156 4.398628709834668e-17 
3.4866514651465144 4.394923281363718e-17 
3.4876513651365135 4.3912219923285677e-17 
3.4886512651265127 4.3875248369802154e-17 
3.4896511651165114 4.383831809579182e-17 
3.4906510651065106 4.380142904395501e-17 
3.4916509650965097 4.3764581157087016e-17 
3.4926508650865085 4.372777437807786e-17 
3.4936507650765076 4.3691008649912106e-17 
3.4946506650665063 4.3654283915668725e-17 
3.4956505650565055 4.3617600118520824e-17 
3.4966504650465047 4.35809572017356e-17 
3.4976503650365034 4.3544355108674076e-17 
3.4986502650265026 4.350779378279088e-17 
3.4996501650165017 4.3471273167634166e-17 
3.5006500650065004 4.343479320684538e-17 
3.5016499649964996 4.3398353844159073e-17 
3.5026498649864988 4.336195502340271e-17 
3.5036497649764975 4.332559668849658e-17 
3.5046496649664967 4.3289278783453524e-17 
3.5056495649564954 4.325300125237877e-17 
3.5066494649464945 4.32167640394698e-17 
3.5076493649364937 4.318056708901614e-17 
3.5086492649264924 4.314441034539922e-17 
3.5096491649164916 4.3108293753092124e-17 
3.5106490649064908 4.307221725665949e-17 
3.5116489648964895 4.3036180800757325e-17 
3.5126488648864886 4.3000184330132753e-17 
3.5136487648764874 4.2964227789623985e-17 
3.5146486648664865 4.292831112415995e-17 
3.5156485648564857 4.2892434278760324e-17 
3.5166484648464844 4.2856597198535256e-17 
3.5176483648364836 4.282079982868513e-17 
3.5186482648264827 4.2785042114500556e-17 
3.5196481648164815 4.2749324001362075e-17 
3.5206480648064806 4.271364543473996e-17 
3.5216479647964793 4.267800636019422e-17 
3.5226478647864785 4.2642406723374216e-17 
3.5236477647764777 4.260684647001863e-17 
3.5246476647664764 4.2571325545955246e-17 
3.5256475647564756 4.253584389710079e-17 
3.5266474647464747 4.250040146946076e-17 
3.5276473647364734 4.246499820912927e-17 
3.5286472647264726 4.242963406228882e-17 
3.5296471647164718 4.2394308975210215e-17 
3.5306470647064705 4.235902289425236e-17 
3.5316469646964697 4.2323775765862036e-17 
3.5326468646864684 4.228856753657386e-17 
3.5336467646764675 4.2253398153009974e-17 
3.5346466646664667 4.2218267561879984e-17 
3.5356465646564654 4.2183175709980766e-17 
3.5366464646464646 4.214812254419627e-17 
3.5376463646364638 4.2113108011497365e-17 
3.5386462646264625 4.207813205894175e-17 
3.5396461646164616 4.2043194633673616e-17 
3.5406460646064604 4.2008295682923717e-17 
3.5416459645964595 4.197343515400896e-17 
3.5426458645864587 4.1938612994332427e-17 
3.5436457645764574 4.190382915138318e-17 
3.5446456645664566 4.186908357273594e-17 
3.5456455645564557 4.183437620605117e-17 
3.5466454645464545 4.1799706999074736e-17 
3.5476453645364536 4.176507589963779e-17 
3.5486452645264523 4.1730482855656683e-17 
3.5496451645164515 4.169592781513262e-17 
3.5506450645064507 4.1661410726151715e-17 
3.5516449644964494 4.1626931536884733e-17 
3.5526448644864486 4.1592490195586854e-17 
3.5536447644764477 4.1558086650597653e-17 
3.5546446644664464 4.15237208503409e-17 
3.5556445644564456 4.148939274332428e-17 
3.5566444644464443 4.1455102278139434e-17 
3.5576443644364435 4.1420849403461606e-17 
3.5586442644264427 4.1386634068049656e-17 
3.5596441644164414 4.1352456220745806e-17 
3.5606440644064405 4.131831581047546e-17 
3.5616439643964397 4.1284212786247087e-17 
3.5626438643864384 4.125014709715215e-17 
3.5636437643764376 4.121611869236475e-17 
3.5646436643664368 4.1182127521141654e-17 
3.5656435643564355 4.114817353282207e-17 
3.5666434643464346 4.1114256676827425e-17 
3.5676433643364334 4.1080376902661365e-17 
3.5686432643264325 4.1046534159909424e-17 
3.5696431643164317 4.1012728398239017e-17 
3.5706430643064304 4.097895956739922e-17 
3.5716429642964296 4.0945227617220566e-17 
3.5726428642864287 4.091153249761501e-17 
3.5736427642764275 4.0877874158575695e-17 
3.5746426642664266 4.084425255017679e-17 
3.5756425642564253 4.081066762257341e-17 
3.5766424642464245 4.077711932600134e-17 
3.5776423642364237 4.074360761077707e-17 
3.5786422642264224 4.071013242729746e-17 
3.5796421642164216 4.0676693726039644e-17 
3.5806420642064207 4.064329145756099e-17 
3.5816419641964194 4.0609925572498764e-17 
3.5826418641864186 4.057659602157013e-17 
3.5836417641764173 4.054330275557191e-17 
3.5846416641664165 4.051004572538051e-17 
3.5856415641564157 4.047682488195169e-17 
3.5866414641464144 4.0443640176320484e-17 
3.5876413641364135 4.041049155960098e-17 
3.5886412641264127 4.0377378982986253e-17 
3.5896411641164114 4.0344302397748184e-17 
3.5906410641064106 4.031126175523725e-17 
3.5916409640964098 4.0278257006882485e-17 
3.5926408640864085 4.024528810419129e-17 
3.5936407640764076 4.0212354998749205e-17 
3.5946406640664064 4.017945764221991e-17 
3.5956405640564055 4.0146595986344966e-17 
3.5966404640464047 4.011376998294371e-17 
3.5976403640364034 4.0080979583913114e-17 
3.5986402640264026 4.004822474122763e-17 
3.5996401640164017 4.001550540693903e-17 
3.6006400640064005 3.998282153317632e-17 
3.6016399639963996 3.9950173072145494e-17 
3.6026398639863983 3.991755997612952e-17 
3.6036397639763975 3.988498219748804e-17 
3.6046396639663967 3.985243968865741e-17 
3.6056395639563954 3.981993240215041e-17 
3.6066394639463946 3.9787460290556123e-17 
3.6076393639363937 3.9755023306539864e-17 
3.6086392639263924 3.972262140284301e-17 
3.6096391639163916 3.969025453228279e-17 
3.6106390639063903 3.9657922647752247e-17 
3.6116389638963895 3.9625625702219987e-17 
3.6126388638863887 3.959336364873017e-17 
3.6136387638763874 3.956113644040225e-17 
3.6146386638663865 3.9528944030430885e-17 
3.6156385638563857 3.949678637208582e-17 
3.6166384638463844 3.946466341871169e-17 
3.6176383638363836 3.9432575123727914e-17 
3.6186382638263828 3.940052144062857e-17 
3.6196381638163815 3.936850232298228e-17 
3.6206380638063806 3.93365177244319e-17 
3.6216379637963794 3.9304567598694674e-17 
3.6226378637863785 3.9272651899561805e-17 
3.6236377637763777 3.924077058089852e-17 
3.6246376637663764 3.920892359664385e-17 
3.6256375637563756 3.917711090081048e-17 
3.6266374637463747 3.914533244748465e-17 
3.6276373637363735 3.9113588190826015e-17 
3.6286372637263726 3.9081878085067454e-17 
3.6296371637163714 3.9050202084515055e-17 
3.6306370637063705 3.90185601435478e-17 
3.6316369636963697 3.8986952216617626e-17 
3.6326368636863684 3.895537825824913e-17 
3.6336367636763676 3.8923838223039533e-17 
3.6346366636663667 3.88923320656585e-17 
3.6356365636563654 3.886085974084802e-17 
3.6366364636463646 3.8829421203422275e-17 
3.6376363636363633 3.879801640826751e-17 
3.6386362636263625 3.876664531034185e-17 
3.6396361636163617 3.8735307864675244e-17 
3.6406360636063604 3.870400402636932e-17 
3.6416359635963595 3.8672733750597145e-17 
3.6426358635863587 3.864149699260324e-17 
3.6436357635763574 3.861029370770341e-17 
3.6446356635663566 3.8579123851284496e-17 
3.6456355635563558 3.8547987378804406e-17 
3.6466354635463545 3.851688424579191e-17 
3.6476353635363536 3.848581440784646e-17 
3.6486352635263524 3.845477782063818e-17 
3.6496351635163515 3.842377443990759e-17 
3.6506350635063507 3.839280422146561e-17 
3.6516349634963494 3.8361867121193356e-17 
3.6526348634863486 3.8330963095042025e-17 
3.6536347634763477 3.8300092099032747e-17 
3.6546346634663465 3.826925408925654e-17 
3.6556345634563456 3.823844902187403e-17 
3.6566344634463444 3.820767685311548e-17 
3.6576343634363435 3.817693753928055e-17 
3.6586342634263427 3.814623103673824e-17 
3.6596341634163414 3.811555730192673e-17 
3.6606340634063406 3.808491629135323e-17 
3.6616339633963397 3.805430796159392e-17 
3.6626338633863385 3.8023732269293763e-17 
3.6636337633763376 3.799318917116637e-17 
3.6646336633663363 3.7962678623993956e-17 
3.6656335633563355 3.793220058462711e-17 
3.6666334633463347 3.7901755009984756e-17 
3.6676333633363334 3.787134185705397e-17 
3.6686332633263325 3.784096108288988e-17 
3.6696331633163317 3.7810612644615546e-17 
3.6706330633063304 3.778029649942181e-17 
3.6716329632963296 3.7750012604567206e-17 
3.6726328632863288 3.771976091737777e-17 
3.6736327632763275 3.7689541395247065e-17 
3.6746326632663266 3.765935399563582e-17 
3.6756325632563254 3.7629198676072064e-17 
3.6766324632463245 3.7599075394150786e-17 
3.6776323632363237 3.7568984107533965e-17 
3.6786322632263224 3.75389247739504e-17 
3.6796321632163216 3.75088973511955e-17 
3.6806320632063207 3.747890179713133e-17 
3.6816319631963195 3.744893806968634e-17 
3.6826318631863186 3.741900612685531e-17 
3.6836317631763174 3.738910592669926e-17 
3.6846316631663165 3.735923742734522e-17 
3.6856315631563157 3.7329400586986227e-17 
3.6866314631463144 3.7299595363881163e-17 
3.6876313631363136 3.726982171635458e-17 
3.6886312631263127 3.7240079602796664e-17 
3.6896311631163115 3.7210368981663075e-17 
3.6906310631063106 3.7180689811474816e-17 
3.6916309630963093 3.715104205081815e-17 
3.6926308630863085 3.712142565834442e-17 
3.6936307630763077 3.709184059277e-17 
3.6946306630663064 3.706228681287616e-17 
3.6956305630563056 3.703276427750889e-17 
3.6966304630463047 3.700327294557885e-17 
3.6976303630363034 3.6973812776061236e-17 
3.6986302630263026 3.694438372799564e-17 
3.6996301630163018 3.691498576048592e-17 
3.7006300630063005 3.688561883270017e-17 
3.7016299629962996 3.6856282903870486e-17 
3.7026298629862984 3.682697793329296e-17 
3.7036297629762975 3.679770388032743e-17 
3.7046296629662967 3.676846070439751e-17 
3.7056295629562954 3.6739248364990395e-17 
3.7066294629462946 3.6710066821656735e-17 
3.7076293629362937 3.668091603401055e-17 
3.7086292629262925 3.665179596172913e-17 
3.7096291629162916 3.6622706564552854e-17 
3.7106290629062904 3.659364780228516e-17 
3.7116289628962895 3.656461963479234e-17 
3.7126288628862887 3.653562202200353e-17 
3.7136287628762874 3.6506654923910507e-17 
3.7146286628662866 3.6477718300567596e-17 
3.7156285628562857 3.64488121120916e-17 
3.7166284628462845 3.641993631866164e-17 
3.7176283628362836 3.639109088051904e-17 
3.7186282628262823 3.636227575796727e-17 
3.7196281628162815 3.633349091137174e-17 
3.7206280628062807 3.630473630115981e-17 
3.7216279627962794 3.627601188782056e-17 
3.7226278627862786 3.624731763190472e-17 
3.7236277627762777 3.6218653494024616e-17 
3.7246276627662764 3.6190019434853976e-17 
3.7256275627562756 3.616141541512785e-17 
3.7266274627462743 3.613284139564251e-17 
3.7276273627362735 3.6104297337255315e-17 
3.7286272627262727 3.607578320088462e-17 
3.7296271627162714 3.6047298947509707e-17 
3.7306270627062705 3.6018844538170544e-17 
3.7316269626962697 3.599041993396782e-17 
3.7326268626862684 3.596202509606277e-17 
3.7336267626762676 3.593365998567703e-17 
3.7346266626662667 3.5905324564092613e-17 
3.7356265626562655 3.5877018792651765e-17 
3.7366264626462646 3.584874263275678e-17 
3.7376263626362634 3.582049604587004e-17 
3.7386262626262625 3.579227899351373e-17 
3.7396261626162617 3.576409143726993e-17 
3.7406260626062604 3.5735933338780345e-17 
3.7416259625962596 3.5707804659746234e-17 
3.7426258625862587 3.567970536192837e-17 
3.7436257625762575 3.565163540714686e-17 
3.7446256625662566 3.5623594757281064e-17 
3.7456255625562553 3.559558337426951e-17 
3.7466254625462545 3.556760122010972e-17 
3.7476253625362537 3.5539648256858176e-17 
3.7486252625262524 3.551172444663023e-17 
3.7496251625162516 3.548382975159986e-17 
3.7506250625062507 3.545596413399974e-17 
3.7516249624962494 3.5428127556121015e-17 
3.7526248624862486 3.540031998031325e-17 
3.7536247624762473 3.5372541368984316e-17 
3.7546246624662465 3.534479168460022e-17 
3.7556245624562457 3.5317070889685166e-17 
3.7566244624462444 3.5289378946821255e-17 
3.7576243624362435 3.526171581864848e-17 
3.7586242624262427 3.5234081467864665e-17 
3.7596241624162414 3.520647585722526e-17 
3.7606240624062406 3.517889894954327e-17 
3.7616239623962398 3.515135070768923e-17 
3.7626238623862385 3.5123831094591004e-17 
3.7636237623762376 3.5096340073233686e-17 
3.7646236623662364 3.5068877606659585e-17 
3.7656235623562355 3.5041443657968027e-17 
3.7666234623462347 3.5014038190315305e-17 
3.7676233623362334 3.4986661166914575e-17 
3.7686232623262326 3.49593125510357e-17 
3.7696231623162317 3.493199230600524e-17 
3.7706230623062305 3.4904700395206305e-17 
3.7716229622962296 3.487743678207839e-17 
3.7726228622862283 3.4850201430117384e-17 
3.7736227622762275 3.4822994302875404e-17 
3.7746226622662267 3.479581536396071e-17 
3.7756225622562254 3.476866457703763e-17 
3.7766224622462246 3.474154190582637e-17 
3.7776223622362237 3.471444731410305e-17 
3.7786222622262224 3.4687380765699505e-17 
3.7796221622162216 3.466034222450319e-17 
3.7806220622062203 3.4633331654457127e-17 
3.7816219621962195 3.460634901955978e-17 
3.7826218621862187 3.457939428386495e-17 
3.7836217621762174 3.4552467411481703e-17 
3.7846216621662165 3.452556836657422e-17 
3.7856215621562157 3.4498697113361755e-17 
3.7866214621462144 3.4471853616118534e-17 
3.7876213621362136 3.444503783917357e-17 
3.7886212621262128 3.4418249746910706e-17 
3.7896211621162115 3.439148930376839e-17 
3.7906210621062106 3.436475647423965e-17 
3.7916209620962094 3.433805122287199e-17 
3.7926208620862085 3.431137351426725e-17 
3.7936207620762077 3.428472331308156e-17 
3.7946206620662064 3.4258100584025225e-17 
3.7956205620562056 3.42315052918626e-17 
3.7966204620462047 3.420493740141206e-17 
3.7976203620362035 3.417839687754585e-17 
3.7986202620262026 3.415188368518998e-17 
3.7996201620162013 3.412539778932416e-17 
3.8006200620062005 3.409893915498173e-17 
3.8016199619961997 3.407250774724949e-17 
3.8026198619861984 3.404610353126768e-17 
3.8036197619761976 3.401972647222981e-17 
3.8046196619661967 3.399337653538266e-17 
3.8056195619561954 3.3967053686026105e-17 
3.8066194619461946 3.3940757889513035e-17 
3.8076193619361933 3.391448911124931e-17 
3.8086192619261925 3.3888247316693595e-17 
3.8096191619161917 3.386203247135731e-17 
3.8106190619061904 3.383584454080455e-17 
3.8116189618961895 3.3809683490651947e-17 
3.8126188618861887 3.3783549286568606e-17 
3.8136187618761874 3.3757441894276023e-17 
3.8146186618661866 3.3731361279547916e-17 
3.8156185618561858 3.370530740821029e-17 
3.8166184618461845 3.3679280246141156e-17 
3.8176183618361836 3.365327975927057e-17 
3.8186182618261824 3.362730591358049e-17 
3.8196181618161815 3.360135867510469e-17 
3.8206180618061807 3.357543800992869e-17 
3.8216179617961794 3.354954388418964e-17 
3.8226178617861786 3.3523676264076204e-17 
3.8236177617761777 3.349783511582854e-17 
3.8246176617661765 3.3472020405738174e-17 
3.8256175617561756 3.344623210014786e-17 
3.8266174617461743 3.3420470165451586e-17 
3.8276173617361735 3.339473456809437e-17 
3.8286172617261727 3.3369025274572286e-17 
3.8296171617161714 3.334334225143231e-17 
3.8306170617061706 3.3317685465272204e-17 
3.8316169616961697 3.329205488274051e-17 
3.8326168616861684 3.3266450470536395e-17 
3.8336167616761676 3.324087219540955e-17 
3.8346166616661663 3.3215320024160177e-17 
3.8356165616561655 3.318979392363881e-17 
3.8366164616461647 3.316429386074629e-17 
3.8376163616361634 3.3138819802433685e-17 
3.8386162616261625 3.3113371715702094e-17 
3.8396161616161617 3.308794956760271e-17 
3.8406160616061604 3.306255332523666e-17 
3.8416159615961596 3.3037182955754846e-17 
3.8426158615861588 3.3011838426357976e-17 
3.8436157615761575 3.298651970429647e-17 
3.8446156615661566 3.296122675687022e-17 
3.8456155615561554 3.293595955142873e-17 
3.8466154615461545 3.291071805537081e-17 
3.8476153615361537 3.2885502236144676e-17 
3.8486152615261524 3.286031206124774e-17 
3.8496151615161516 3.283514749822654e-17 
3.8506150615061507 3.2810008514676736e-17 
3.8516149614961495 3.278489507824291e-17 
3.8526148614861486 3.2759807156618554e-17 
3.8536147614761473 3.273474471754597e-17 
3.8546146614661465 3.270970772881615e-17 
3.8556145614561457 3.268469615826877e-17 
3.8566144614461444 3.2659709973792026e-17 
3.8576143614361436 3.263474914332254e-17 
3.8586142614261427 3.260981363484537e-17 
3.8596141614161414 3.2584903416393856e-17 
3.8606140614061406 3.256001845604951e-17 
3.8616139613961393 3.253515872194202e-17 
3.8626138613861385 3.251032418224904e-17 
3.8636137613761377 3.2485514805196265e-17 
3.8646136613661364 3.246073055905722e-17 
3.8656135613561355 3.24359714121532e-17 
3.8666134613461347 3.2411237332853216e-17 
3.8676133613361334 3.238652828957395e-17 
3.8686132613261326 3.2361844250779544e-17 
3.8696131613161313 3.2337185184981646e-17 
3.8706130613061305 3.2312551060739226e-17 
3.8716129612961296 3.2287941846658604e-17 
3.8726128612861284 3.2263357511393295e-17 
3.8736127612761275 3.2238798023643886e-17 
3.8746126612661267 3.221426335215805e-17 
3.8756125612561254 3.218975346573041e-17 
3.8766124612461246 3.2165268333202465e-17 
3.8776123612361237 3.214080792346251e-17 
3.8786122612261225 3.2116372205445555e-17 
3.8796121612161216 3.2091961148133244e-17 
3.8806120612061203 3.206757472055377e-17 
3.8816119611961195 3.204321289178177e-17 
3.8826118611861187 3.201887563093832e-17 
3.8836117611761174 3.199456290719079e-17 
3.8846116611661166 3.197027468975274e-17 
3.8856115611561157 3.1946010947883915e-17 
3.8866114611461144 3.1921771650890125e-17 
3.8876113611361136 3.189755676812314e-17 
3.8886112611261123 3.1873366268980664e-17 
3.8896111611161115 3.1849200122906204e-17 
3.8906110611061107 3.182505829938904e-17 
3.8916109610961094 3.180094076796412e-17 
3.8926108610861085 3.177684749821194e-17 
3.8936107610761077 3.175277845975853e-17 
3.8946106610661064 3.1728733622275377e-17 
3.8956105610561056 3.170471295547926e-17 
3.8966104610461043 3.16807164291323e-17 
3.8976103610361035 3.165674401304175e-17 
3.8986102610261026 3.163279567706e-17 
3.8996101610161014 3.16088713910845e-17 
3.9006100610061005 3.15849711250576e-17 
3.9016099609960997 3.156109484896659e-17 
3.9026098609860984 3.1537242532843565e-17 
3.9036097609760976 3.151341414676527e-17 
3.9046096609660967 3.1489609660853176e-17 
3.9056095609560955 3.1465829045273295e-17 
3.9066094609460946 3.144207227023613e-17 
3.9076093609360933 3.14183393059966e-17 
3.9086092609260925 3.139463012285398e-17 
3.9096091609160917 3.137094469115176e-17 
3.9106090609060904 3.1347282981277675e-17 
3.9116089608960896 3.132364496366353e-17 
3.9126088608860887 3.130003060878518e-17 
3.9136087608760874 3.1276439887162433e-17 
3.9146086608660866 3.125287276935896e-17 
3.9156085608560853 3.122932922598227e-17 
3.9166084608460845 3.120580922768357e-17 
3.9176083608360837 3.118231274515775e-17 
3.9186082608260824 3.115883974914325e-17 
3.9196081608160815 3.113539021042201e-17 
3.9206080608060807 3.111196409981944e-17 
3.9216079607960794 3.1088561388204256e-17 
3.9226078607860786 3.1065182046488466e-17 
3.9236077607760773 3.1041826045627315e-17 
3.9246076607660765 3.1018493356619105e-17 
3.9256075607560756 3.0995183950505254e-17 
3.9266074607460744 3.0971897798370143e-17 
3.9276073607360735 3.094863487134105e-17 
3.9286072607260727 3.09253951405881e-17 
3.9296071607160714 3.0902178577324144e-17 
3.9306070607060706 3.087898515280477e-17 
3.9316069606960697 3.08558148383281e-17 
3.9326068606860685 3.0832667605234896e-17 
3.9336067606760676 3.080954342490829e-17 
3.9346066606660663 3.0786442268773864e-17 
3.9356065606560655 3.076336410829948e-17 
3.9366064606460647 3.0740308914995276e-17 
3.9376063606360634 3.071727666041355e-17 
3.9386062606260626 3.069426731614869e-17 
3.9396061606160617 3.067128085383712e-17 
3.9406060606060604 3.0648317245157255e-17 
3.9416059605960596 3.0625376461829317e-17 
3.9426058605860583 3.0602458475615406e-17 
3.9436057605760575 3.057956325831933e-17 
3.9446056605660567 3.055669078178658e-17 
3.9456055605560554 3.053384101790424e-17 
3.9466054605460545 3.0511013938600906e-17 
3.9476053605360537 3.048820951584666e-17 
3.9486052605260524 3.046542772165292e-17 
3.9496051605160516 3.0442668528072456e-17 
3.9506050605060503 3.0419931907199265e-17 
3.9516049604960495 3.039721783116849e-17 
3.9526048604860486 3.0374526272156434e-17 
3.9536047604760474 3.035185720238038e-17 
3.9546046604660465 3.0329210594098585e-17 
3.9556045604560457 3.030658641961018e-17 
3.9566044604460444 3.028398465125515e-17 
3.9576043604360436 3.0261405261414185e-17 
3.9586042604260427 3.023884822250869e-17 
3.9596041604160415 3.021631350700067e-17 
3.9606040604060406 3.019380108739265e-17 
3.9616039603960393 3.017131093622767e-17 
3.9626038603860385 3.014884302608912e-17 
3.9636037603760377 3.012639732960075e-17 
3.9646036603660364 3.0103973819426586e-17 
3.9656035603560356 3.0081572468270813e-17 
3.9666034603460347 3.0059193248877785e-17 
3.9676033603360334 3.003683613403189e-17 
3.9686032603260326 3.001450109655749e-17 
3.9696031603160313 2.999218810931891e-17 
3.9706030603060305 2.996989714522028e-17 
3.9716029602960297 2.9947628177205545e-17 
3.9726028602860284 2.992538117825839e-17 
3.9736027602760275 2.990315612140207e-17 
3.9746026602660267 2.988095297969951e-17 
3.9756025602560254 2.9858771726253114e-17 
3.9766024602460246 2.983661233420471e-17 
3.9776023602360233 2.981447477673554e-17 
3.9786022602260225 2.979235902706613e-17 
3.9796021602160216 2.977026505845628e-17 
3.9806020602060204 2.974819284420497e-17 
3.9816019601960195 2.9726142357650255e-17 
3.9826018601860187 2.970411357216926e-17 
3.9836017601760174 2.968210646117811e-17 
3.9846016601660166 2.966012099813182e-17 
3.9856015601560157 2.963815715652422e-17 
3.9866014601460145 2.961621490988801e-17 
3.9876013601360136 2.9594294231794494e-17 
3.9886012601260123 2.957239509585371e-17 
3.9896011601160115 2.955051747571425e-17 
3.9906010601060107 2.952866134506323e-17 
3.9916009600960094 2.9506826677626196e-17 
3.9926008600860086 2.94850134471671e-17 
3.9936007600760077 2.9463221627488224e-17 
3.9946006600660064 2.944145119243009e-17 
3.9956005600560056 2.9419702115871433e-17 
3.9966004600460043 2.939797437172908e-17 
3.9976003600360035 2.937626793395795e-17 
3.9986002600260027 2.9354582776550973e-17 
3.9996001600160014 2.933291887353897e-17 
4.0006000600060005 2.931127619899065e-17 
4.001599959996 2.928965472701255e-17 
4.002599859985999 2.9268054431748914e-17 
4.003599759975997 2.924647528738172e-17 
4.004599659965996 2.9224917268130465e-17 
4.0055995599559955 2.9203380348252255e-17 
4.006599459945995 2.918186450204171e-17 
4.007599359935994 2.9160369703830817e-17 
4.008599259925992 2.913889592798897e-17 
4.009599159915991 2.911744314892281e-17 
4.01059905990599 2.909601134107623e-17 
4.01159895989599 2.907460047893033e-17 
4.012598859885989 2.905321053700327e-17 
4.013598759875988 2.903184148985029e-17 
4.014598659865986 2.901049331206359e-17 
4.015598559855985 2.898916597827229e-17 
4.0165984598459845 2.896785946314236e-17 
4.017598359835984 2.8946573741376605e-17 
4.018598259825983 2.8925308787714524e-17 
4.019598159815981 2.8904064576932325e-17 
4.02059805980598 2.8882841083842776e-17 
4.0215979597959794 2.886163828329522e-17 
4.022597859785979 2.884045615017548e-17 
4.023597759775978 2.881929465940583e-17 
4.024597659765977 2.879815378594487e-17 
4.025597559755975 2.877703350478757e-17 
4.026597459745974 2.875593379096501e-17 
4.0275973597359735 2.8734854619544565e-17 
4.028597259725973 2.871379596562969e-17 
4.029597159715972 2.869275780435992e-17 
4.03059705970597 2.867174011091076e-17 
4.031596959695969 2.865074286049365e-17 
4.0325968596859685 2.8629766028355935e-17 
4.033596759675968 2.860880958978074e-17 
4.034596659665967 2.8587873520086976e-17 
4.035596559655965 2.8566957794629256e-17 
4.036596459645964 2.854606238879778e-17 
4.037596359635963 2.8525187278018377e-17 
4.038596259625963 2.8504332437752376e-17 
4.039596159615962 2.8483497843496547e-17 
4.040596059605961 2.8462683470783066e-17 
4.041595959595959 2.844188929517949e-17 
4.042595859585958 2.842111529228856e-17 
4.0435957595759575 2.8400361437748316e-17 
4.044595659565957 2.837962770723193e-17 
4.045595559555956 2.835891407644768e-17 
4.046595459545954 2.83382205211389e-17 
4.047595359535953 2.831754701708386e-17 
4.0485952595259525 2.829689354009581e-17 
4.049595159515952 2.8276260066022834e-17 
4.050595059505951 2.825564657074784e-17 
4.05159495949595 2.8235053030188485e-17 
4.052594859485948 2.821447942029712e-17 
4.053594759475947 2.8193925717060694e-17 
4.0545946594659465 2.817339189650078e-17 
4.055594559455946 2.8152877934673444e-17 
4.056594459445945 2.8132383807669223e-17 
4.057594359435943 2.811190949161307e-17 
4.058594259425942 2.8091454962664225e-17 
4.0595941594159415 2.8071020197016274e-17 
4.060594059405941 2.8050605170897005e-17 
4.06159395939594 2.8030209860568405e-17 
4.062593859385938 2.8009834242326566e-17 
4.063593759375937 2.7989478292501604e-17 
4.064593659365936 2.7969141987457677e-17 
4.065593559355936 2.7948825303592884e-17 
4.066593459345935 2.7928528217339193e-17 
4.067593359335934 2.7908250705162444e-17 
4.068593259325932 2.7887992743562234e-17 
4.069593159315931 2.786775430907183e-17 
4.0705930593059305 2.784753537825823e-17 
4.07159295929593 2.7827335927722e-17 
4.072592859285929 2.7807155934097294e-17 
4.073592759275927 2.778699537405174e-17 
4.074592659265926 2.7766854224286366e-17 
4.0755925592559255 2.7746732461535655e-17 
4.076592459245925 2.772663006256737e-17 
4.077592359235924 2.7706547004182577e-17 
4.078592259225923 2.7686483263215525e-17 
4.079592159215921 2.766643881653369e-17 
4.08059205920592 2.764641364103754e-17 
4.0815919591959196 2.7626407713660706e-17 
4.082591859185919 2.7606421011369768e-17 
4.083591759175918 2.7586453511164253e-17 
4.084591659165916 2.75665051900766e-17 
4.085591559155915 2.754657602517202e-17 
4.0865914591459145 2.752666599354855e-17 
4.087591359135914 2.750677507233695e-17 
4.088591259125913 2.7486903238700637e-17 
4.089591159115911 2.7467050469835658e-17 
4.09059105910591 2.744721674297059e-17 
4.091590959095909 2.742740203536655e-17 
4.092590859085909 2.7407606324317074e-17 
4.093590759075908 2.738782958714814e-17 
4.094590659065907 2.736807180121805e-17 
4.095590559055905 2.7348332943917406e-17 
4.096590459045904 2.7328612992669004e-17 
4.0975903590359035 2.730891192492789e-17 
4.098590259025903 2.7289229718181206e-17 
4.099590159015902 2.7269566349948185e-17 
4.1005900590059 2.7249921797780083e-17 
4.101589958995899 2.7230296039260105e-17 
4.1025898589858985 2.7210689052003412e-17 
4.103589758975898 2.7191100813657013e-17 
4.104589658965897 2.7171531301899733e-17 
4.105589558955896 2.7151980494442157e-17 
4.106589458945894 2.7132448369026608e-17 
4.107589358935893 2.7112934903427e-17 
4.1085892589258926 2.7093440075448903e-17 
4.109589158915892 2.7073963862929426e-17 
4.110589058905891 2.7054506243737186e-17 
4.111588958895889 2.703506719577224e-17 
4.112588858885888 2.7015646696966032e-17 
4.1135887588758875 2.6996244725281346e-17 
4.114588658865887 2.697686125871229e-17 
4.115588558855886 2.6957496275284178e-17 
4.116588458845884 2.6938149753053565e-17 
4.117588358835883 2.691882167010806e-17 
4.118588258825882 2.6899512004566424e-17 
4.119588158815882 2.688022073457843e-17 
4.120588058805881 2.6860947838324852e-17 
4.12158795879588 2.684169329401737e-17 
4.122587858785878 2.6822457079898592e-17 
4.123587758775877 2.6803239174241878e-17 
4.1245876587658765 2.678403955535144e-17 
4.125587558755876 2.676485820156219e-17 
4.126587458745875 2.6745695091239734e-17 
4.127587358735873 2.6726550202780298e-17 
4.128587258725872 2.6707423514610675e-17 
4.1295871587158715 2.6688315005188188e-17 
4.130587058705871 2.6669224653000658e-17 
4.13158695869587 2.6650152436566317e-17 
4.132586858685869 2.6631098334433785e-17 
4.133586758675867 2.6612062325182018e-17 
4.134586658665866 2.65930443874202e-17 
4.1355865586558656 2.6574044499787794e-17 
4.136586458645865 2.6555062640954433e-17 
4.137586358635864 2.653609878961986e-17 
4.138586258625862 2.651715292451394e-17 
4.139586158615861 2.6498225024396496e-17 
4.1405860586058605 2.6479315068057385e-17 
4.14158595859586 2.6460423034316396e-17 
4.142585858585859 2.644154890202318e-17 
4.143585758575857 2.6422692650057253e-17 
4.144585658565856 2.640385425732785e-17 
4.145585558555855 2.638503370277402e-17 
4.146585458545855 2.6366230965364436e-17 
4.147585358535854 2.6347446024097462e-17 
4.148585258525853 2.6328678858001016e-17 
4.149585158515851 2.630992944613259e-17 
4.15058505850585 2.6291197767579115e-17 
4.1515849584958495 2.6272483801457014e-17 
4.152584858485849 2.6253787526912086e-17 
4.153584758475848 2.6235108923119496e-17 
4.154584658465846 2.6216447969283716e-17 
4.155584558455845 2.6197804644638417e-17 
4.1565844584458445 2.6179178928446534e-17 
4.157584358435844 2.6160570800000125e-17 
4.158584258425843 2.6141980238620386e-17 
4.159584158415842 2.6123407223657544e-17 
4.16058405840584 2.610485173449087e-17 
4.161583958395839 2.608631375052857e-17 
4.1625838583858386 2.6067793251207795e-17 
4.163583758375838 2.604929021599456e-17 
4.164583658365837 2.6030804624383705e-17 
4.165583558355835 2.6012336455898866e-17 
4.166583458345834 2.5993885690092378e-17 
4.1675833583358335 2.5975452306545272e-17 
4.168583258325833 2.5957036284867234e-17 
4.169583158315832 2.5938637604696526e-17 
4.17058305830583 2.5920256245699972e-17 
4.171582958295829 2.590189218757286e-17 
4.172582858285828 2.588354541003895e-17 
4.173582758275828 2.5865215892850424e-17 
4.174582658265827 2.584690361578779e-17 
4.175582558255826 2.58286085586599e-17 
4.176582458245824 2.5810330701303877e-17 
4.177582358235823 2.579207002358501e-17 
4.1785822582258225 2.5773826505396808e-17 
4.179582158215822 2.575560012666091e-17 
4.180582058205821 2.5737390867327034e-17 
4.181581958195819 2.5719198707372944e-17 
4.182581858185818 2.5701023626804348e-17 
4.1835817581758175 2.5682865605654962e-17 
4.184581658165817 2.566472462398637e-17 
4.185581558155816 2.5646600661888027e-17 
4.186581458145815 2.562849369947719e-17 
4.187581358135813 2.56104037168989e-17 
4.188581258125812 2.559233069432588e-17 
4.1895811581158116 2.5574274611958556e-17 
4.190581058105811 2.555623545002498e-17 
4.19158095809581 2.55382131887808e-17 
4.192580858085808 2.5520207808509214e-17 
4.193580758075807 2.5502219289520856e-17 
4.1945806580658065 2.5484247612153877e-17 
4.195580558055806 2.5466292756773808e-17 
4.196580458045805 2.544835470377356e-17 
4.197580358035803 2.5430433433573362e-17 
4.198580258025802 2.5412528926620666e-17 
4.199580158015801 2.5394641163390232e-17 
4.200580058005801 2.5376770124383953e-17 
4.2015799579958 2.5358915790130887e-17 
4.202579857985799 2.5341078141187188e-17 
4.203579757975797 2.5323257158136064e-17 
4.204579657965796 2.5305452821587725e-17 
4.2055795579557955 2.5287665112179347e-17 
4.206579457945795 2.526989401057505e-17 
4.207579357935794 2.5252139497465818e-17 
4.208579257925792 2.523440155356949e-17 
4.209579157915791 2.5216680159630663e-17 
4.2105790579057905 2.5198975296420708e-17 
4.21157895789579 2.51812869447377e-17 
4.212578857885789 2.5163615085406387e-17 
4.213578757875788 2.5145959699278127e-17 
4.214578657865786 2.5128320767230865e-17 
4.215578557855785 2.511069827016904e-17 
4.2165784578457846 2.5093092189023653e-17 
4.217578357835784 2.50755025047521e-17 
4.218578257825783 2.5057929198338203e-17 
4.219578157815781 2.504037225079217e-17 
4.22057805780578 2.5022831643150473e-17 
4.2215779577957795 2.5005307356475906e-17 
4.222577857785779 2.498779937185751e-17 
4.223577757775778 2.4970307670410484e-17 
4.224577657765776 2.495283223327623e-17 
4.225577557755775 2.4935373041622184e-17 
4.226577457745774 2.4917930076641917e-17 
4.227577357735774 2.4900503319555015e-17 
4.228577257725773 2.488309275160703e-17 
4.229577157715772 2.4865698354069466e-17 
4.23057705770577 2.4848320108239737e-17 
4.231576957695769 2.4830957995441098e-17 
4.2325768576857685 2.4813611997022622e-17 
4.233576757675768 2.4796282094359188e-17 
4.234576657665767 2.477896826885137e-17 
4.235576557655765 2.4761670501925495e-17 
4.236576457645764 2.4744388775033463e-17 
4.2375763576357635 2.472712306965284e-17 
4.238576257625763 2.4709873367286748e-17 
4.239576157615762 2.4692639649463845e-17 
4.240576057605761 2.4675421897738265e-17 
4.241575957595759 2.4658220093689607e-17 
4.242575857585758 2.4641034218922847e-17 
4.243575757575758 2.4623864255068352e-17 
4.244575657565757 2.4606710183781814e-17 
4.245575557555756 2.458957198674419e-17 
4.246575457545754 2.4572449645661718e-17 
4.247575357535753 2.4555343142265788e-17 
4.2485752575257525 2.4538252458312997e-17 
4.249575157515752 2.4521177575585043e-17 
4.250575057505751 2.4504118475888722e-17 
4.251574957495749 2.4487075141055868e-17 
4.252574857485748 2.447004755294329e-17 
4.253574757475747 2.4453035693432797e-17 
4.254574657465747 2.4436039544431105e-17 
4.255574557455746 2.4419059087869823e-17 
4.256574457445745 2.4402094305705393e-17 
4.257574357435743 2.4385145179919065e-17 
4.258574257425742 2.4368211692516835e-17 
4.2595741574157415 2.4351293825529446e-17 
4.260574057405741 2.4334391561012326e-17 
4.26157395739574 2.4317504881045522e-17 
4.262573857385738 2.4300633767733752e-17 
4.263573757375737 2.42837782032062e-17 
4.2645736573657365 2.4266938169616645e-17 
4.265573557355736 2.425011364914336e-17 
4.266573457345735 2.4233304623989034e-17 
4.267573357335733 2.42165110763808e-17 
4.268573257325732 2.4199732988570124e-17 
4.269573157315731 2.4182970342832824e-17 
4.270573057305731 2.416622312146902e-17 
4.27157295729573 2.4149491306803067e-17 
4.272572857285729 2.413277488118357e-17 
4.273572757275727 2.41160738269833e-17 
4.274572657265726 2.409938812659911e-17 
4.2755725572557255 2.4082717762452035e-17 
4.276572457245725 2.406606271698713e-17 
4.277572357235724 2.404942297267349e-17 
4.278572257225722 2.4032798512004206e-17 
4.279572157215721 2.401618931749627e-17 
4.28057205720572 2.399959537169062e-17 
4.28157195719572 2.3983016657152076e-17 
4.282571857185719 2.3966453156469275e-17 
4.283571757175718 2.3949904852254646e-17 
4.284571657165716 2.3933371727144403e-17 
4.285571557155715 2.3916853763798427e-17 
4.2865714571457145 2.390035094490033e-17 
4.287571357135714 2.388386325315735e-17 
4.288571257125713 2.3867390671300353e-17 
4.289571157115711 2.3850933182083756e-17 
4.29057105710571 2.383449076828549e-17 
4.2915709570957095 2.3818063412707025e-17 
4.292570857085709 2.380165109817326e-17 
4.293570757075708 2.3785253807532527e-17 
4.294570657065706 2.376887152365655e-17 
4.295570557055705 2.3752504229440365e-17 
4.296570457045704 2.3736151907802357e-17 
4.297570357035704 2.3719814541684158e-17 
4.298570257025703 2.3703492114050663e-17 
4.299570157015702 2.3687184607889936e-17 
4.3005700570057 2.3670892006213238e-17 
4.301569956995699 2.365461429205491e-17 
4.3025698569856985 2.3638351448472423e-17 
4.303569756975698 2.362210345854628e-17 
4.304569656965697 2.3605870305380013e-17 
4.305569556955695 2.358965197210013e-17 
4.306569456945694 2.357344844185607e-17 
4.307569356935693 2.35572596978202e-17 
4.308569256925693 2.3541085723187743e-17 
4.309569156915692 2.3524926501176762e-17 
4.310569056905691 2.3508782015028123e-17 
4.311568956895689 2.3492652248005472e-17 
4.312568856885688 2.3476537183395118e-17 
4.3135687568756875 2.3460436804506128e-17 
4.314568656865687 2.34443510946702e-17 
4.315568556855686 2.3428280037241662e-17 
4.316568456845684 2.3412223615597424e-17 
4.317568356835683 2.3396181813136907e-17 
4.3185682568256825 2.338015461328209e-17 
4.319568156815682 2.3364141999477412e-17 
4.320568056805681 2.3348143955189773e-17 
4.321567956795679 2.3332160463908466e-17 
4.322567856785678 2.331619150914511e-17 
4.323567756775677 2.3300237074433745e-17 
4.324567656765677 2.3284297143330657e-17 
4.325567556755676 2.3268371699414394e-17 
4.326567456745675 2.325246072628578e-17 
4.327567356735673 2.3236564207567797e-17 
4.328567256725672 2.3220682126905586e-17 
4.3295671567156715 2.3204814467966425e-17 
4.330567056705671 2.3188961214439685e-17 
4.33156695669567 2.3173122350036803e-17 
4.332566856685668 2.3157297858491222e-17 
4.333566756675667 2.3141487723558357e-17 
4.334566656665666 2.312569192901561e-17 
4.335566556655666 2.3109910458662277e-17 
4.336566456645665 2.309414329631956e-17 
4.337566356635664 2.307839042583049e-17 
4.338566256625662 2.3062651831059932e-17 
4.339566156615661 2.304692749589449e-17 
4.3405660566056605 2.3031217404242555e-17 
4.34156595659566 2.3015521540034232e-17 
4.342565856585659 2.2999839887221273e-17 
4.343565756575657 2.2984172429777137e-17 
4.344565656565656 2.296851915169679e-17 
4.3455655565556555 2.2952880036996863e-17 
4.346565456545655 2.293725506971551e-17 
4.347565356535654 2.2921644233912364e-17 
4.348565256525652 2.2906047513668586e-17 
4.349565156515651 2.2890464893086717e-17 
4.35056505650565 2.287489635629074e-17 
4.35156495649565 2.285934188742602e-17 
4.352564856485649 2.284380147065925e-17 
4.353564756475648 2.2828275090178436e-17 
4.354564656465646 2.2812762730192863e-17 
4.355564556455645 2.2797264374933025e-17 
4.3565644564456445 2.278178000865066e-17 
4.357564356435644 2.2766309615618674e-17 
4.358564256425643 2.2750853180131107e-17 
4.359564156415641 2.273541068650313e-17 
4.36056405640564 2.2719982119070938e-17 
4.361563956395639 2.2704567462191815e-17 
4.362563856385639 2.2689166700244045e-17 
4.363563756375638 2.2673779817626887e-17 
4.364563656365637 2.2658406798760542e-17 
4.365563556355635 2.264304762808613e-17 
4.366563456345634 2.2627702290065625e-17 
4.3675633563356335 2.261237076918187e-17 
4.368563256325633 2.259705304993853e-17 
4.369563156315632 2.258174911686003e-17 
4.37056305630563 2.256645895449158e-17 
4.371562956295629 2.255118254739904e-17 
4.3725628562856285 2.2535919880169015e-17 
4.373562756275628 2.2520670937408738e-17 
4.374562656265627 2.2505435703746065e-17 
4.375562556255625 2.249021416382947e-17 
4.376562456245624 2.2475006302327914e-17 
4.377562356235623 2.2459812103930934e-17 
4.378562256225623 2.2444631553348553e-17 
4.379562156215622 2.2429464635311245e-17 
4.380562056205621 2.2414311334569917e-17 
4.381561956195619 2.2399171635895886e-17 
4.382561856185618 2.2384045524080792e-17 
4.3835617561756175 2.236893298393664e-17 
4.384561656165617 2.235383400029575e-17 
4.385561556155616 2.2338748558010675e-17 
4.386561456145614 2.2323676641954248e-17 
4.387561356135613 2.230861823701946e-17 
4.388561256125612 2.229357332811951e-17 
4.389561156115612 2.2278541900187742e-17 
4.390561056105611 2.2263523938177602e-17 
4.39156095609561 2.224851942706262e-17 
4.392560856085608 2.22335283518364e-17 
4.393560756075607 2.221855069751251e-17 
4.3945606560656065 2.2203586449124557e-17 
4.395560556055606 2.218863559172609e-17 
4.396560456045605 2.217369811039059e-17 
4.397560356035603 2.2158773990211426e-17 
4.398560256025602 2.2143863216301817e-17 
4.3995601560156015 2.212896577379485e-17 
4.400560056005601 2.2114081647843393e-17 
4.4015599559956 2.2099210823620093e-17 
4.402559855985598 2.2084353286317348e-17 
4.403559755975597 2.2069509021147233e-17 
4.404559655965596 2.2054678013341547e-17 
4.405559555955596 2.2039860248151704e-17 
4.406559455945595 2.2025055710848787e-17 
4.407559355935594 2.2010264386723408e-17 
4.408559255925592 2.19954862610858e-17 
4.409559155915591 2.1980721319265653e-17 
4.4105590559055905 2.1965969546612217e-17 
4.41155895589559 2.1951230928494193e-17 
4.412558855885589 2.1936505450299714e-17 
4.413558755875587 2.1921793097436335e-17 
4.414558655865586 2.1907093855330964e-17 
4.415558555855585 2.1892407709429888e-17 
4.416558455845585 2.18777346451987e-17 
4.417558355835584 2.186307464812228e-17 
4.418558255825583 2.1848427703704766e-17 
4.419558155815581 2.183379379746955e-17 
4.42055805580558 2.1819172914959178e-17 
4.4215579557955795 2.1804565041735406e-17 
4.422557855785579 2.1789970163379116e-17 
4.423557755775578 2.177538826549031e-17 
4.424557655765576 2.1760819333688068e-17 
4.425557555755575 2.1746263353610513e-17 
4.4265574557455745 2.173172031091479e-17 
4.427557355735574 2.1717190191277056e-17 
4.428557255725573 2.170267298039243e-17 
4.429557155715571 2.1688168663974963e-17 
4.43055705570557 2.1673677227757596e-17 
4.431556955695569 2.1659198657492164e-17 
4.432556855685569 2.1644732938949356e-17 
4.433556755675568 2.163028005791866e-17 
4.434556655665567 2.1615840000208377e-17 
4.435556555655565 2.1601412751645575e-17 
4.436556455645564 2.1586998298076004e-17 
4.4375563556355635 2.1572596625364168e-17 
4.438556255625563 2.1558207719393236e-17 
4.439556155615562 2.1543831566065015e-17 
4.44055605560556 2.152946815129994e-17 
4.441555955595559 2.151511746103701e-17 
4.442555855585558 2.1500779481233818e-17 
4.443555755575558 2.148645419786647e-17 
4.444555655565557 2.147214159692958e-17 
4.445555555555556 2.145784166443624e-17 
4.446555455545554 2.1443554386418e-17 
4.447555355535553 2.1429279748924797e-17 
4.4485552555255525 2.141501773802497e-17 
4.449555155515552 2.1400768339805247e-17 
4.450555055505551 2.1386531540370667e-17 
4.451554955495549 2.137230732584459e-17 
4.452554855485548 2.1358095682368613e-17 
4.4535547554755475 2.1343896596102633e-17 
4.454554655465547 2.1329710053224747e-17 
4.455554555455546 2.1315536039931253e-17 
4.456554455445544 2.130137454243662e-17 
4.457554355435543 2.1287225546973417e-17 
4.458554255425542 2.127308903979238e-17 
4.459554155415542 2.1258965007162288e-17 
4.460554055405541 2.1244853435369995e-17 
4.46155395539554 2.1230754310720383e-17 
4.462553855385538 2.1216667619536332e-17 
4.463553755375537 2.1202593348158683e-17 
4.4645536553655365 2.118853148294622e-17 
4.465553555355536 2.1174482010275675e-17 
4.466553455345535 2.1160444916541645e-17 
4.467553355335533 2.114642018815662e-17 
4.468553255325532 2.1132407811550857e-17 
4.469553155315531 2.11184077731725e-17 
4.470553055305531 2.1104420059487436e-17 
4.47155295529553 2.1090444656979305e-17 
4.472552855285529 2.1076481552149508e-17 
4.473552755275527 2.1062530731517116e-17 
4.474552655265526 2.1048592181618844e-17 
4.4755525552555255 2.1034665889009116e-17 
4.476552455245525 2.1020751840259953e-17 
4.477552355235524 2.100685002196095e-17 
4.478552255225522 2.09929604207193e-17 
4.479552155215521 2.0979083023159693e-17 
4.4805520552055205 2.0965217815924365e-17 
4.48155195519552 2.0951364785673026e-17 
4.482551855185519 2.0937523919082856e-17 
4.483551755175517 2.0923695202848464e-17 
4.484551655165516 2.0909878623681842e-17 
4.485551555155515 2.0896074168312384e-17 
4.486551455145515 2.0882281823486836e-17 
4.487551355135514 2.0868501575969278e-17 
4.488551255125513 2.0854733412541064e-17 
4.489551155115511 2.084097732000086e-17 
4.49055105510551 2.082723328516454e-17 
4.4915509550955095 2.0813501294865217e-17 
4.492550855085509 2.0799781335953215e-17 
4.493550755075508 2.0786073395295996e-17 
4.494550655065506 2.077237745977822e-17 
4.495550555055505 2.0758693516301585e-17 
4.496550455045504 2.0745021551784937e-17 
4.497550355035504 2.073136155316417e-17 
4.498550255025503 2.0717713507392234e-17 
4.499550155015502 2.0704077401439076e-17 
4.5005500550055 2.069045322229164e-17 
4.501549954995499 2.067684095695381e-17 
4.5025498549854985 2.066324059244643e-17 
4.503549754975498 2.064965211580725e-17 
4.504549654965497 2.0636075514090907e-17 
4.505549554955495 2.0622510774368903e-17 
4.506549454945494 2.0608957883729542e-17 
4.5075493549354935 2.0595416829277974e-17 
4.508549254925493 2.0581887598136114e-17 
4.509549154915492 2.0568370177442642e-17 
4.51054905490549 2.0554864554352986e-17 
4.511548954895489 2.0541370716039223e-17 
4.512548854885488 2.052788864969018e-17 
4.513548754875488 2.0514418342511307e-17 
4.514548654865487 2.0500959781724684e-17 
4.515548554855486 2.048751295456901e-17 
4.516548454845484 2.0474077848299576e-17 
4.517548354835483 2.0460654450188182e-17 
4.5185482548254825 2.04472427475232e-17 
4.519548154815482 2.04338427276095e-17 
4.520548054805481 2.0420454377768432e-17 
4.521547954795479 2.0407077685337817e-17 
4.522547854785478 2.039371263767186e-17 
4.523547754775477 2.0380359222141222e-17 
4.524547654765477 2.0367017426132932e-17 
4.525547554755476 2.0353687237050365e-17 
4.526547454745475 2.0340368642313248e-17 
4.527547354735473 2.0327061629357605e-17 
4.528547254725472 2.0313766185635727e-17 
4.5295471547154715 2.030048229861619e-17 
4.530547054705471 2.0287209955783794e-17 
4.53154695469547 2.0273949144639546e-17 
4.532546854685468 2.026069985270067e-17 
4.533546754675467 2.0247462067500485e-17 
4.5345466546654665 2.0234235776588494e-17 
4.535546554655466 2.022102096753032e-17 
4.536546454645465 2.0207817627907643e-17 
4.537546354635463 2.0194625745318237e-17 
4.538546254625462 2.018144530737588e-17 
4.539546154615461 2.01682763017104e-17 
4.540546054605461 2.0155118715967608e-17 
4.54154595459546 2.0141972537809266e-17 
4.542545854585459 2.0128837754913098e-17 
4.543545754575457 2.011571435497276e-17 
4.544545654565456 2.0102602325697752e-17 
4.5455455545554555 2.0089501654813496e-17 
4.546545454545455 2.0076412330061248e-17 
4.547545354535454 2.006333433919808e-17 
4.548545254525452 2.0050267669996886e-17 
4.549545154515451 2.0037212310246305e-17 
4.55054505450545 2.0024168247750742e-17 
4.55154495449545 2.0011135470330347e-17 
4.552544854485449 1.9998113965820963e-17 
4.553544754475448 1.998510372207411e-17 
4.554544654465446 1.997210472695699e-17 
4.555544554455445 1.99591169683524e-17 
4.5565444544454445 1.9946140434158786e-17 
4.557544354435444 1.993317511229017e-17 
4.558544254425443 1.992022099067613e-17 
4.559544154415441 1.990727805726182e-17 
4.56054405440544 1.9894346300007854e-17 
4.5615439543954395 1.9881425706890398e-17 
4.562543854385439 1.9868516265901047e-17 
4.563543754375438 1.9855617965046884e-17 
4.564543654365436 1.9842730792350404e-17 
4.565543554355435 1.982985473584948e-17 
4.566543454345434 1.981698978359739e-17 
4.567543354335434 1.9804135923662767e-17 
4.568543254325433 1.979129314412958e-17 
4.569543154315432 1.9778461433097104e-17 
4.57054305430543 1.97656407786799e-17 
4.571542954295429 1.975283116900779e-17 
4.5725428542854285 1.974003259222585e-17 
4.573542754275428 1.9727245036494365e-17 
4.574542654265427 1.9714468489988833e-17 
4.575542554255425 1.970170294089992e-17 
4.576542454245424 1.968894837743342e-17 
4.577542354235423 1.967620478781028e-17 
4.578542254225423 1.9663472160266567e-17 
4.579542154215422 1.9650750483053395e-17 
4.58054205420542 1.9638039744436978e-17 
4.581541954195419 1.9625339932698537e-17 
4.582541854185418 1.9612651036134317e-17 
4.5835417541754175 1.9599973043055575e-17 
4.584541654165417 1.958730594178852e-17 
4.585541554155416 1.9574649720674323e-17 
4.586541454145414 1.9562004368069093e-17 
4.587541354135413 1.9549369872343793e-17 
4.5885412541254125 1.9536746221884325e-17 
4.589541154115412 1.952413340509144e-17 
4.590541054105411 1.95115314103807e-17 
4.591540954095409 1.949894022618253e-17 
4.592540854085408 1.94863598409421e-17 
4.593540754075407 1.947379024311937e-17 
4.594540654065407 1.9461231421189072e-17 
4.595540554055406 1.944868336364065e-17 
4.596540454045405 1.9436146058978243e-17 
4.597540354035403 1.9423619495720708e-17 
4.598540254025402 1.941110366240152e-17 
4.5995401540154015 1.9398598547568833e-17 
4.600540054005401 1.9386104139785397e-17 
4.6015399539954 1.9373620427628588e-17 
4.602539853985398 1.9361147399690335e-17 
4.603539753975397 1.934868504457711e-17 
4.604539653965396 1.9336233350909956e-17 
4.605539553955396 1.932379230732439e-17 
4.606539453945395 1.9311361902470446e-17 
4.607539353935393 1.9298942125012624e-17 
4.608539253925392 1.928653296362984e-17 
4.609539153915391 1.927413440701547e-17 
4.6105390539053905 1.9261746443877288e-17 
4.61153895389539 1.9249369062937437e-17 
4.612538853885389 1.9237002252932434e-17 
4.613538753875387 1.922464600261315e-17 
4.614538653865386 1.9212300300744725e-17 
4.6155385538553855 1.9199965136106646e-17 
4.616538453845385 1.918764049749266e-17 
4.617538353835384 1.9175326373710765e-17 
4.618538253825382 1.9163022753583212e-17 
4.619538153815381 1.9150729625946436e-17 
4.62053805380538 1.9138446979651083e-17 
4.62153795379538 1.9126174803561975e-17 
4.622537853785379 1.9113913086558064e-17 
4.623537753775378 1.9101661817532467e-17 
4.624537653765376 1.9089420985392373e-17 
4.625537553755375 1.9077190579059065e-17 
4.6265374537453745 1.9064970587467915e-17 
4.627537353735374 1.9052760999568317e-17 
4.628537253725373 1.9040561804323712e-17 
4.629537153715371 1.902837299071154e-17 
4.63053705370537 1.90161945477232e-17 
4.631536953695369 1.9004026464364082e-17 
4.632536853685369 1.899186872965352e-17 
4.633536753675368 1.8979721332624755e-17 
4.634536653665366 1.8967584262324954e-17 
4.635536553655365 1.8955457507815115e-17 
4.636536453645364 1.8943341058170162e-17 
4.6375363536353635 1.8931234902478802e-17 
4.638536253625363 1.8919139029843607e-17 
4.639536153615362 1.8907053429380923e-17 
4.64053605360536 1.8894978090220895e-17 
4.641535953595359 1.8882913001507385e-17 
4.6425358535853585 1.8870858152398044e-17 
4.643535753575358 1.8858813532064212e-17 
4.644535653565357 1.8846779129690945e-17 
4.645535553555355 1.8834754934476973e-17 
4.646535453545354 1.8822740935634664e-17 
4.647535353535353 1.8810737122390044e-17 
4.648535253525353 1.879874348398275e-17 
4.649535153515352 1.878676000966603e-17 
4.650535053505351 1.8774786688706697e-17 
4.651534953495349 1.876282351038513e-17 
4.652534853485348 1.8750870463995224e-17 
4.6535347534753475 1.873892753884442e-17 
4.654534653465347 1.8726994724253646e-17 
4.655534553455346 1.8715072009557313e-17 
4.656534453445344 1.8703159384103293e-17 
4.657534353435343 1.8691256837252876e-17 
4.658534253425342 1.867936435838079e-17 
4.659534153415342 1.866748193687517e-17 
4.660534053405341 1.865560956213751e-17 
4.661533953395339 1.864374722358269e-17 
4.662533853385338 1.8631894910638895e-17 
4.663533753375337 1.8620052612747662e-17 
4.6645336533653365 1.8608220319363825e-17 
4.665533553355336 1.8596398019955483e-17 
4.666533453345335 1.8584585704004027e-17 
4.667533353335333 1.857278336100407e-17 
4.668533253325332 1.856099098046344e-17 
4.6695331533153315 1.8549208551903192e-17 
4.670533053305331 1.8537436064857548e-17 
4.67153295329533 1.8525673508873924e-17 
4.672532853285328 1.8513920873512864e-17 
4.673532753275327 1.8502178148348022e-17 
4.674532653265326 1.8490445322966178e-17 
4.675532553255326 1.847872238696721e-17 
4.676532453245325 1.8467009329964058e-17 
4.677532353235324 1.8455306141582713e-17 
4.678532253225322 1.8443612811462204e-17 
4.679532153215321 1.843192932925454e-17 
4.6805320532053205 1.8420255684624766e-17 
4.68153195319532 1.840859186725089e-17 
4.682531853185319 1.839693786682386e-17 
4.683531753175317 1.8385293673047588e-17 
4.684531653165316 1.8373659275638868e-17 
4.685531553155315 1.8362034664327425e-17 
4.686531453145315 1.8350419828855847e-17 
4.687531353135314 1.8338814758979596e-17 
4.688531253125312 1.8327219444466976e-17 
4.689531153115311 1.8315633875099095e-17 
4.69053105310531 1.8304058040669884e-17 
4.6915309530953095 1.8292491930986058e-17 
4.692530853085309 1.8280935535867108e-17 
4.693530753075308 1.826938884514526e-17 
4.694530653065306 1.825785184866549e-17 
4.695530553055305 1.8246324536285447e-17 
4.6965304530453045 1.823480689787552e-17 
4.697530353035304 1.8223298923318754e-17 
4.698530253025303 1.821180060251084e-17 
4.699530153015301 1.8200311925360142e-17 
4.7005300530053 1.8188832881787592e-17 
4.701529952995299 1.817736346172677e-17 
4.702529852985299 1.8165903655123815e-17 
4.703529752975298 1.815445345193745e-17 
4.704529652965297 1.814301284213892e-17 
4.705529552955295 1.8131581815712034e-17 
4.706529452945294 1.812016036265306e-17 
4.7075293529352935 1.8108748472970804e-17 
4.708529252925293 1.8097346136686532e-17 
4.709529152915292 1.8085953343833965e-17 
4.71052905290529 1.807457008445926e-17 
4.711528952895289 1.8063196348620995e-17 
4.712528852885288 1.8051832126390146e-17 
4.713528752875288 1.804047740785008e-17 
4.714528652865287 1.802913218309653e-17 
4.715528552855285 1.8017796442237582e-17 
4.716528452845284 1.8006470175393623e-17 
4.717528352835283 1.799515337269739e-17 
4.7185282528252825 1.7983846024293903e-17 
4.719528152815282 1.7972548120340442e-17 
4.720528052805281 1.7961259651006562e-17 
4.721527952795279 1.794998060647406e-17 
4.722527852785278 1.7938710976936934e-17 
4.7235277527752775 1.7927450752601425e-17 
4.724527652765277 1.7916199923685926e-17 
4.725527552755276 1.7904958480421028e-17 
4.726527452745274 1.7893726413049467e-17 
4.727527352735273 1.788250371182609e-17 
4.728527252725272 1.7871290367017894e-17 
4.729527152715272 1.7860086368903958e-17 
4.730527052705271 1.7848891707775462e-17 
4.73152695269527 1.783770637393562e-17 
4.732526852685268 1.7826530357699734e-17 
4.733526752675267 1.7815363649395088e-17 
4.7345266526652665 1.780420623936102e-17 
4.735526552655266 1.7793058117948843e-17 
4.736526452645265 1.778191927552186e-17 
4.737526352635263 1.7770789702455333e-17 
4.738526252625262 1.7759669389136442e-17 
4.7395261526152614 1.774855832596433e-17 
4.740526052605261 1.773745650335003e-17 
4.74152595259526 1.7726363911716472e-17 
4.742525852585258 1.7715280541498467e-17 
4.743525752575257 1.7704206383142653e-17 
4.744525652565256 1.7693141427107552e-17 
4.7455255525552555 1.768208566386348e-17 
4.746525452545255 1.767103908389257e-17 
4.747525352535254 1.7660001677688745e-17 
4.748525252525252 1.764897343575771e-17 
4.749525152515251 1.7637954348616895e-17 
4.7505250525052505 1.7626944406795493e-17 
4.75152495249525 1.7615943600834415e-17 
4.752524852485249 1.760495192128628e-17 
4.753524752475247 1.7593969358715393e-17 
4.754524652465246 1.7582995903697708e-17 
4.755524552455245 1.757203154682087e-17 
4.756524452445245 1.756107627868414e-17 
4.757524352435244 1.7550130089898402e-17 
4.758524252425243 1.7539192971086154e-17 
4.759524152415241 1.7528264912881474e-17 
4.76052405240524 1.7517345905930002e-17 
4.7615239523952395 1.750643594088894e-17 
4.762523852385239 1.7495535008427035e-17 
4.763523752375238 1.7484643099224548e-17 
4.764523652365236 1.7473760203973257e-17 
4.765523552355235 1.746288631337639e-17 
4.7665234523452344 1.745202141814869e-17 
4.767523352335234 1.7441165509016332e-17 
4.768523252325233 1.743031857671693e-17 
4.769523152315231 1.741948061199955e-17 
4.77052305230523 1.740865160562461e-17 
4.771522952295229 1.739783154836396e-17 
4.7725228522852285 1.7387020431000806e-17 
4.773522752275228 1.7376218244329715e-17 
4.774522652265227 1.7365424979156597e-17 
4.775522552255225 1.7354640626298694e-17 
4.776522452245224 1.7343865176584522e-17 
4.7775223522352235 1.733309862085392e-17 
4.778522252225223 1.7322340949958e-17 
4.779522152215222 1.7311592154759127e-17 
4.78052205220522 1.7300852226130922e-17 
4.781521952195219 1.7290121154958195e-17 
4.782521852185218 1.7279398932137014e-17 
4.783521752175218 1.7268685548574617e-17 
4.784521652165217 1.7257980995189428e-17 
4.785521552155216 1.724728526291103e-17 
4.786521452145214 1.723659834268017e-17 
4.787521352135213 1.7225920225448693e-17 
4.7885212521252125 1.721525090217959e-17 
4.789521152115212 1.7204590363846935e-17 
4.790521052105211 1.7193938601435895e-17 
4.791520952095209 1.7183295605942708e-17 
4.792520852085208 1.7172661368374642e-17 
4.7935207520752074 1.7162035879750027e-17 
4.794520652065207 1.7151419131098197e-17 
4.795520552055206 1.714081111345949e-17 
4.796520452045204 1.713021181788527e-17 
4.797520352035203 1.7119621235437808e-17 
4.798520252025202 1.7109039357190386e-17 
4.7995201520152015 1.7098466174227206e-17 
4.800520052005201 1.7087901677643404e-17 
4.8015199519952 1.707734585854502e-17 
4.802519851985198 1.7066798708049014e-17 
4.803519751975197 1.7056260217283178e-17 
4.8045196519651965 1.7045730377386203e-17 
4.805519551955196 1.7035209179507632e-17 
4.806519451945195 1.702469661480782e-17 
4.807519351935193 1.701419267445797e-17 
4.808519251925192 1.7003697349640038e-17 
4.809519151915191 1.6993210631546822e-17 
4.810519051905191 1.6982732511381856e-17 
4.81151895189519 1.697226298035945e-17 
4.812518851885189 1.696180202970465e-17 
4.813518751875187 1.6951349650653226e-17 
4.814518651865186 1.6940905834451643e-17 
4.8155185518551855 1.693047057235709e-17 
4.816518451845185 1.6920043855637418e-17 
4.817518351835184 1.6909625675571158e-17 
4.818518251825182 1.6899216023447478e-17 
4.819518151815181 1.688881489056617e-17 
4.8205180518051804 1.6878422268237674e-17 
4.82151795179518 1.6868038147783017e-17 
4.822517851785179 1.6857662520533818e-17 
4.823517751775177 1.6847295377832288e-17 
4.824517651765176 1.6836936711031153e-17 
4.825517551755175 1.6826586511493732e-17 
4.8265174517451745 1.681624477059384e-17 
4.827517351735174 1.6805911479715832e-17 
4.828517251725173 1.6795586630254545e-17 
4.829517151715171 1.6785270213615326e-17 
4.83051705170517 1.6774962221213943e-17 
4.8315169516951695 1.6764662644476657e-17 
4.832516851685169 1.6754371474840177e-17 
4.833516751675168 1.6744088703751608e-17 
4.834516651665166 1.6733814322668493e-17 
4.835516551655165 1.6723548323058746e-17 
4.836516451645164 1.671329069640067e-17 
4.837516351635164 1.670304143418296e-17 
4.838516251625163 1.6692800527904628e-17 
4.839516151615162 1.6682567969075036e-17 
4.84051605160516 1.6672343749213886e-17 
4.841515951595159 1.6662127859851158e-17 
4.8425158515851585 1.665192029252714e-17 
4.843515751575158 1.664172103879241e-17 
4.844515651565157 1.6631530090207783e-17 
4.845515551555155 1.6621347438344367e-17 
4.846515451545154 1.661117307478346e-17 
4.8475153515351534 1.6601006991116592e-17 
4.848515251525153 1.659084917894553e-17 
4.849515151515152 1.6580699629882203e-17 
4.85051505150515 1.657055833554873e-17 
4.851514951495149 1.6560425287577377e-17 
4.852514851485148 1.6550300477610575e-17 
4.8535147514751475 1.6540183897300894e-17 
4.854514651465147 1.6530075538311014e-17 
4.855514551455146 1.6519975392313726e-17 
4.856514451445144 1.6509883450991905e-17 
4.857514351435143 1.649979970603852e-17 
4.8585142514251425 1.648972414915658e-17 
4.859514151415142 1.647965677205917e-17 
4.860514051405141 1.6469597566469384e-17 
4.861513951395139 1.645954652412037e-17 
4.862513851385138 1.6449503636755234e-17 
4.863513751375137 1.6439468896127126e-17 
4.864513651365137 1.6429442293999148e-17 
4.865513551355136 1.641942382214437e-17 
4.866513451345135 1.6409413472345813e-17 
4.867513351335133 1.6399411236396445e-17 
4.868513251325132 1.6389417106099135e-17 
4.8695131513151315 1.637943107326667e-17 
4.870513051305131 1.636945312972175e-17 
4.87151295129513 1.6359483267296933e-17 
4.872512851285128 1.6349521477834668e-17 
4.873512751275127 1.6339567753187208e-17 
4.8745126512651265 1.6329622085216704e-17 
4.875512551255126 1.63196844657951e-17 
4.876512451245125 1.630975488680416e-17 
4.877512351235123 1.6299833340135453e-17 
4.878512251225122 1.628991981769031e-17 
4.879512151215121 1.6280014311379857e-17 
4.8805120512051205 1.6270116813124953e-17 
4.88151195119512 1.6260227314856235e-17 
4.882511851185119 1.625034580851402e-17 
4.883511751175117 1.6240472286048407e-17 
4.884511651165116 1.623060673941912e-17 
4.8855115511551155 1.6220749160595623e-17 
4.886511451145115 1.6210899541557048e-17 
4.887511351135114 1.6201057874292178e-17 
4.888511251125112 1.6191224150799462e-17 
4.889511151115111 1.618139836308694e-17 
4.89051105110511 1.6171580503172326e-17 
4.89151095109511 1.6161770563082907e-17 
4.892510851085109 1.6151968534855578e-17 
4.893510751075107 1.6142174410536824e-17 
4.894510651065106 1.613238818218266e-17 
4.895510551055105 1.6122609841858687e-17 
4.8965104510451045 1.611283938164005e-17 
4.897510351035104 1.6103076793611396e-17 
4.898510251025103 1.60933220698669e-17 
4.899510151015101 1.6083575202510247e-17 
4.9005100510051 1.6073836183654583e-17 
4.9015099509950995 1.6064105005422553e-17 
4.902509850985099 1.6054381659946247e-17 
4.903509750975098 1.604466613936721e-17 
4.904509650965096 1.603495843583642e-17 
4.905509550955095 1.6025258541514277e-17 
4.906509450945094 1.6015566448570572e-17 
4.9075093509350936 1.600588214918452e-17 
4.908509250925093 1.5996205635544698e-17 
4.909509150915092 1.5986536899849057e-17 
4.91050905090509 1.5976875934304917e-17 
4.911508950895089 1.5967222731128894e-17 
4.9125088508850885 1.5957577282546985e-17 
4.913508750875088 1.5947939580794486e-17 
4.914508650865087 1.593830961811599e-17 
4.915508550855085 1.5928687386765386e-17 
4.916508450845084 1.5919072879005833e-17 
4.917508350835083 1.5909466087109763e-17 
4.918508250825083 1.5899867003358855e-17 
4.919508150815082 1.589027562004403e-17 
4.92050805080508 1.5880691929465447e-17 
4.921507950795079 1.587111592393244e-17 
4.922507850785078 1.586154759576358e-17 
4.9235077507750775 1.585198693728661e-17 
4.924507650765077 1.5842433940838455e-17 
4.925507550755076 1.5832888598765193e-17 
4.926507450745074 1.582335090342206e-17 
4.927507350735073 1.5813820847173415e-17 
4.9285072507250725 1.580429842239275e-17 
4.929507150715072 1.5794783621462676e-17 
4.930507050705071 1.5785276436774886e-17 
4.931506950695069 1.5775776860730175e-17 
4.932506850685068 1.5766284885738387e-17 
4.933506750675067 1.575680050421845e-17 
4.9345066506650666 1.5747323708598328e-17 
4.935506550655066 1.5737854491315028e-17 
4.936506450645065 1.5728392844814576e-17 
4.937506350635063 1.5718938761552005e-17 
4.938506250625062 1.570949223399135e-17 
4.9395061506150615 1.5700053254605626e-17 
4.940506050605061 1.5690621815876824e-17 
4.94150595059506 1.5681197910295894e-17 
4.942505850585058 1.567178153036275e-17 
4.943505750575057 1.566237266858621e-17 
4.944505650565056 1.5652971317484034e-17 
4.945505550555056 1.5643577469582895e-17 
4.946505450545055 1.5634191117418364e-17 
4.947505350535053 1.562481225353489e-17 
4.948505250525052 1.5615440870485797e-17 
4.949505150515051 1.5606076960833274e-17 
4.9505050505050505 1.559672051714836e-17 
4.95150495049505 1.5587371532010936e-17 
4.952504850485049 1.557802999800969e-17 
4.953504750475047 1.5568695907742148e-17 
4.954504650465046 1.5559369253814608e-17 
4.9555045504550455 1.5550050028842174e-17 
4.956504450445045 1.5540738225448724e-17 
4.957504350435044 1.55314338362669e-17 
4.958504250425042 1.5522136853938096e-17 
4.959504150415041 1.5512847271112437e-17 
4.96050405040504 1.5503565080448785e-17 
4.9615039503950396 1.549429027461471e-17 
4.962503850385039 1.54850228462865e-17 
4.963503750375038 1.5475762788149118e-17 
4.964503650365036 1.546651009289622e-17 
4.965503550355035 1.545726475323011e-17 
4.9665034503450345 1.544802676186177e-17 
4.967503350335034 1.5438796111510814e-17 
4.968503250325033 1.5429572794905485e-17 
4.969503150315031 1.5420356804782665e-17 
4.97050305030503 1.5411148133887806e-17 
4.971502950295029 1.5401946774974997e-17 
4.972502850285029 1.539275272080688e-17 
4.973502750275028 1.5383565964154694e-17 
4.974502650265026 1.5374386497798226e-17 
4.975502550255025 1.5365214314525805e-17 
4.976502450245024 1.5356049407134305e-17 
4.9775023502350235 1.534689176842913e-17 
4.978502250225023 1.533774139122419e-17 
4.979502150215022 1.53285982683419e-17 
4.98050205020502 1.5319462392613172e-17 
4.981501950195019 1.5310333756877367e-17 
4.9825018501850185 1.530121235398235e-17 
4.983501750175018 1.529209817678442e-17 
4.984501650165017 1.5282991218148326e-17 
4.985501550155015 1.5273891470947255e-17 
4.986501450145014 1.526479892806279e-17 
4.987501350135013 1.5255713582384944e-17 
4.9885012501250126 1.524663542681213e-17 
4.989501150115012 1.523756445425113e-17 
4.990501050105011 1.5228500657617114e-17 
4.991500950095009 1.521944402983361e-17 
4.992500850085008 1.5210394563832484e-17 
4.9935007500750075 1.5201352252553965e-17 
4.994500650065007 1.5192317088946598e-17 
4.995500550055006 1.518328906596724e-17 
4.996500450045004 1.5174268176581073e-17 
4.997500350035003 1.5165254413761534e-17 
4.998500250025002 1.515624777049038e-17 
4.999500150015002 1.5147248239757626e-17 
5.000500050005001 1.513825581456155e-17 
5.001499949994999 1.5129270487908677e-17 
5.002499849984998 1.5120292252813753e-17 
5.003499749974997 1.511132110229978e-17 
5.0044996499649965 1.5102357029397945e-17 
5.005499549954996 1.5093400027147662e-17 
5.006499449944995 1.5084450088596524e-17 
5.007499349934993 1.5075507206800315e-17 
5.008499249924992 1.506657137482297e-17 
5.0094991499149915 1.5057642585736602e-17 
5.010499049904991 1.5048720832621462e-17 
5.01149894989499 1.5039806108565937e-17 
5.012498849884988 1.503089840666655e-17 
5.013498749874987 1.5021997720027918e-17 
5.014498649864986 1.501310404176277e-17 
5.0154985498549856 1.500421736499194e-17 
5.016498449844985 1.4995337682844324e-17 
5.017498349834984 1.49864649884569e-17 
5.018498249824982 1.49775992749747e-17 
5.019498149814981 1.4968740535550792e-17 
5.0204980498049805 1.4959888763346302e-17 
5.02149794979498 1.4951043951530368e-17 
5.022497849784979 1.4942206093280146e-17 
5.023497749774977 1.493337518178081e-17 
5.024497649764976 1.492455121022549e-17 
5.025497549754975 1.4915734171815332e-17 
5.026497449744975 1.4906924059759446e-17 
5.027497349734974 1.4898120867274886e-17 
5.028497249724972 1.488932458758669e-17 
5.029497149714971 1.4880535213927787e-17 
5.03049704970497 1.487175273953907e-17 
5.0314969496949695 1.4862977157669335e-17 
5.032496849684969 1.485420846157529e-17 
5.033496749674968 1.4845446644521527e-17 
5.034496649664966 1.4836691699780547e-17 
5.035496549654965 1.482794362063269e-17 
5.0364964496449645 1.4819202400366188e-17 
5.037496349634964 1.4810468032277107e-17 
5.038496249624963 1.4801740509669367e-17 
5.039496149614961 1.4793019825854725e-17 
5.04049604960496 1.4784305974152725e-17 
5.041495949594959 1.4775598947890754e-17 
5.042495849584959 1.4766898740403986e-17 
5.043495749574958 1.475820534503539e-17 
5.044495649564957 1.4749518755135703e-17 
5.045495549554955 1.4740838964063443e-17 
5.046495449544954 1.473216596518487e-17 
5.0474953495349535 1.4723499751873987e-17 
5.048495249524953 1.4714840317512555e-17 
5.049495149514952 1.4706187655490036e-17 
5.05049504950495 1.4697541759203637e-17 
5.051494949494949 1.4688902622058228e-17 
5.052494849484948 1.4680270237466407e-17 
5.053494749474948 1.4671644598848433e-17 
5.054494649464947 1.4663025699632258e-17 
5.055494549454945 1.4654413533253492e-17 
5.056494449444944 1.4645808093155375e-17 
5.057494349434943 1.4637209372788813e-17 
5.0584942494249425 1.4628617365612336e-17 
5.059494149414942 1.4620032065092094e-17 
5.060494049404941 1.461145346470185e-17 
5.061493949394939 1.4602881557922972e-17 
5.062493849384938 1.4594316338244396e-17 
5.0634937493749375 1.458575779916266e-17 
5.064493649364937 1.4577205934181868e-17 
5.065493549354936 1.4568660736813683e-17 
5.066493449344934 1.4560122200577316e-17 
5.067493349334933 1.45515903189995e-17 
5.068493249324932 1.454306508561452e-17 
5.069493149314932 1.453454649396417e-17 
5.070493049304931 1.4526034537597768e-17 
5.07149294929493 1.4517529210072093e-17 
5.072492849284928 1.4509030504951455e-17 
5.073492749274927 1.45005384158076e-17 
5.0744926492649265 1.449205293621978e-17 
5.075492549254926 1.4483574059774677e-17 
5.076492449244925 1.4475101780066436e-17 
5.077492349234923 1.4466636090696642e-17 
5.078492249224922 1.445817698527429e-17 
5.079492149214921 1.44497244574158e-17 
5.080492049204921 1.4441278500745004e-17 
5.08149194919492 1.4432839108893133e-17 
5.082491849184918 1.4424406275498808e-17 
5.083491749174917 1.4415979994208006e-17 
5.084491649164916 1.4407560258674096e-17 
5.0854915491549155 1.4399147062557788e-17 
5.086491449144915 1.4390740399527154e-17 
5.087491349134914 1.4382340263257586e-17 
5.088491249124912 1.4373946647431835e-17 
5.089491149114911 1.4365559545739928e-17 
5.0904910491049105 1.4357178951879225e-17 
5.09149094909491 1.4348804859554385e-17 
5.092490849084909 1.434043726247735e-17 
5.093490749074907 1.4332076154367347e-17 
5.094490649064906 1.4323721528950855e-17 
5.095490549054905 1.4315373379961624e-17 
5.096490449044905 1.4307031701140652e-17 
5.097490349034904 1.4298696486236182e-17 
5.098490249024903 1.429036772900368e-17 
5.099490149014901 1.428204542320584e-17 
5.1004900490049 1.4273729562612542e-17 
5.1014899489948995 1.4265420141000894e-17 
5.102489848984899 1.4257117152155184e-17 
5.103489748974898 1.4248820589866884e-17 
5.104489648964896 1.424053044793464e-17 
5.105489548954895 1.4232246720164244e-17 
5.106489448944894 1.422396940036865e-17 
5.107489348934894 1.4215698482367972e-17 
5.108489248924893 1.420743395998943e-17 
5.109489148914891 1.4199175827067385e-17 
5.11048904890489 1.4190924077443302e-17 
5.111488948894889 1.4182678704965754e-17 
5.1124888488848885 1.417443970349041e-17 
5.113488748874888 1.4166207066880027e-17 
5.114488648864887 1.4157980789004424e-17 
5.115488548854885 1.414976086374052e-17 
5.116488448844884 1.414154728497224e-17 
5.1174883488348835 1.4133340046590594e-17 
5.118488248824883 1.412513914249362e-17 
5.119488148814882 1.411694456658639e-17 
5.12048804880488 1.4108756312780995e-17 
5.121487948794879 1.4100574374996504e-17 
5.122487848784878 1.4092398747159035e-17 
5.123487748774878 1.4084229423201668e-17 
5.124487648764877 1.4076066397064468e-17 
5.125487548754876 1.4067909662694482e-17 
5.126487448744874 1.405975921404571e-17 
5.127487348734873 1.4051615045079102e-17 
5.1284872487248725 1.4043477149762566e-17 
5.129487148714872 1.403534552207093e-17 
5.130487048704871 1.4027220155985964e-17 
5.131486948694869 1.4019101045496345e-17 
5.132486848684868 1.401098818459765e-17 
5.133486748674867 1.4002881567292365e-17 
5.134486648664867 1.3994781187589863e-17 
5.135486548654866 1.3986687039506396e-17 
5.136486448644864 1.3978599117065093e-17 
5.137486348634863 1.3970517414295918e-17 
5.138486248624862 1.3962441925235717e-17 
5.1394861486148615 1.3954372643928158e-17 
5.140486048604861 1.3946309564423767e-17 
5.14148594859486 1.393825268077987e-17 
5.142485848584858 1.393020198706062e-17 
5.143485748574857 1.3922157477336972e-17 
5.1444856485648565 1.3914119145686675e-17 
5.145485548554856 1.3906086986194277e-17 
5.146485448544855 1.3898060992951106e-17 
5.147485348534853 1.389004116005525e-17 
5.148485248524852 1.3882027481611552e-17 
5.149485148514851 1.3874019951731627e-17 
5.150485048504851 1.386601856453382e-17 
5.15148494849485 1.3858023314143213e-17 
5.152484848484849 1.3850034194691615e-17 
5.153484748474847 1.3842051200317555e-17 
5.154484648464846 1.383407432516625e-17 
5.1554845484548455 1.3826103563389633e-17 
5.156484448444845 1.3818138909146326e-17 
5.157484348434844 1.3810180356601623e-17 
5.158484248424842 1.3802227899927508e-17 
5.159484148414841 1.379428153330259e-17 
5.16048404840484 1.3786341250912169e-17 
5.16148394839484 1.3778407046948182e-17 
5.162483848384839 1.3770478915609184e-17 
5.163483748374837 1.3762556851100388e-17 
5.164483648364836 1.3754640847633583e-17 
5.165483548354835 1.3746730899427208e-17 
5.1664834483448345 1.3738827000706288e-17 
5.167483348334834 1.3730929145702429e-17 
5.168483248324833 1.372303732865384e-17 
5.169483148314831 1.3715151543805297e-17 
5.17048304830483 1.370727178540813e-17 
5.1714829482948295 1.3699398047720248e-17 
5.172482848284829 1.3691530325006084e-17 
5.173482748274828 1.3683668611536632e-17 
5.174482648264826 1.3675812901589413e-17 
5.175482548254825 1.3667963189448457e-17 
5.176482448244824 1.3660119469404319e-17 
5.177482348234824 1.365228173575406e-17 
5.178482248224823 1.3644449982801236e-17 
5.179482148214822 1.3636624204855883e-17 
5.18048204820482 1.362880439623454e-17 
5.181481948194819 1.362099055126018e-17 
5.1824818481848185 1.3613182664262264e-17 
5.183481748174818 1.3605380729576708e-17 
5.184481648164817 1.3597584741545855e-17 
5.185481548154815 1.358979469451851e-17 
5.186481448144814 1.3582010582849877e-17 
5.187481348134813 1.35742324009016e-17 
5.188481248124813 1.3566460143041726e-17 
5.189481148114812 1.3558693803644708e-17 
5.19048104810481 1.3550933377091395e-17 
5.191480948094809 1.3543178857769015e-17 
5.192480848084808 1.3535430240071166e-17 
5.1934807480748075 1.3527687518397843e-17 
5.194480648064807 1.3519950687155371e-17 
5.195480548054806 1.3512219740756446e-17 
5.196480448044804 1.3504494673620102e-17 
5.197480348034803 1.34967754801717e-17 
5.1984802480248025 1.3489062154842934e-17 
5.199480148014802 1.3481354692071827e-17 
5.200480048004801 1.3473653086302689e-17 
5.201479947994799 1.346595733198616e-17 
5.202479847984798 1.3458267423579148e-17 
5.203479747974797 1.3450583355544852e-17 
5.204479647964797 1.3442905122352763e-17 
5.205479547954796 1.3435232718478626e-17 
5.206479447944794 1.3427566138404454e-17 
5.207479347934793 1.3419905376618497e-17 
5.208479247924792 1.341225042761527e-17 
5.2094791479147915 1.3404601285895505e-17 
5.210479047904791 1.339695794596618e-17 
5.21147894789479 1.3389320402340476e-17 
5.212478847884788 1.3381688649537796e-17 
5.213478747874787 1.3374062682083729e-17 
5.214478647864786 1.3366442494510078e-17 
5.215478547854786 1.3358828081354823e-17 
5.216478447844785 1.3351219437162124e-17 
5.217478347834783 1.3343616556482315e-17 
5.218478247824782 1.3336019433871879e-17 
5.219478147814781 1.332842806389347e-17 
5.2204780478047805 1.3320842441115871e-17 
5.22147794779478 1.331326256011402e-17 
5.222477847784779 1.3305688415468972e-17 
5.223477747774777 1.3298120001767912e-17 
5.224477647764776 1.329055731360413e-17 
5.2254775477547755 1.3283000345577022e-17 
5.226477447744775 1.327544909229209e-17 
5.227477347734774 1.3267903548360921e-17 
5.228477247724772 1.326036370840119e-17 
5.229477147714771 1.3252829567036621e-17 
5.23047704770477 1.3245301118897033e-17 
5.23147694769477 1.3237778358618288e-17 
5.232476847684769 1.3230261280842302e-17 
5.233476747674767 1.3222749880217037e-17 
5.234476647664766 1.3215244151396467e-17 
5.235476547654765 1.3207744089040619e-17 
5.2364764476447645 1.3200249687815522e-17 
5.237476347634764 1.3192760942393223e-17 
5.238476247624763 1.3185277847451767e-17 
5.239476147614761 1.3177800397675199e-17 
5.24047604760476 1.3170328587753529e-17 
5.241475947594759 1.3162862412382774e-17 
5.242475847584759 1.3155401866264906e-17 
5.243475747574758 1.3147946944107871e-17 
5.244475647564756 1.3140497640625561e-17 
5.245475547554755 1.3133053950537804e-17 
5.246475447544754 1.3125615868570392e-17 
5.2474753475347535 1.3118183389455035e-17 
5.248475247524753 1.3110756507929368e-17 
5.249475147514752 1.3103335218736948e-17 
5.25047504750475 1.3095919516627236e-17 
5.251474947494749 1.3088509396355582e-17 
5.2524748474847485 1.308110485268325e-17 
5.253474747474748 1.3073705880377382e-17 
5.254474647464747 1.3066312474210993e-17 
5.255474547454745 1.3058924628962973e-17 
5.256474447444744 1.3051542339418066e-17 
5.257474347434743 1.3044165600366879e-17 
5.258474247424743 1.3036794406605867e-17 
5.259474147414742 1.3029428752937316e-17 
5.26047404740474 1.3022068634169361e-17 
5.261473947394739 1.3014714045115933e-17 
5.262473847384738 1.30073649805968e-17 
5.2634737473747375 1.3000021435437537e-17 
5.264473647364737 1.2992683404469516e-17 
5.265473547354736 1.2985350882529904e-17 
5.266473447344734 1.2978023864461664e-17 
5.267473347334733 1.297070234511351e-17 
5.268473247324732 1.2963386319339955e-17 
5.269473147314732 1.2956075782001271e-17 
5.270473047304731 1.2948770727963471e-17 
5.271472947294729 1.2941471152098338e-17 
5.272472847284728 1.2934177049283369e-17 
5.273472747274727 1.2926888414401827e-17 
5.2744726472647265 1.291960524234267e-17 
5.275472547254726 1.2912327528000596e-17 
5.276472447244725 1.2905055266276008e-17 
5.277472347234723 1.2897788452075015e-17 
5.278472247224722 1.2890527080309414e-17 
5.2794721472147215 1.2883271145896694e-17 
5.280472047204721 1.2876020643760031e-17 
5.28147194719472 1.2868775568828277e-17 
5.282471847184718 1.2861535916035947e-17 
5.283471747174717 1.2854301680323202e-17 
5.284471647164716 1.2847072856635877e-17 
5.285471547154716 1.2839849439925438e-17 
5.286471447144715 1.2832631425148994e-17 
5.287471347134713 1.2825418807269289e-17 
5.288471247124712 1.2818211581254676e-17 
5.289471147114711 1.2811009742079126e-17 
5.2904710471047105 1.2803813284722236e-17 
5.29147094709471 1.2796622204169176e-17 
5.292470847084709 1.2789436495410744e-17 
5.293470747074707 1.2782256153443288e-17 
5.294470647064706 1.2775081173268758e-17 
5.295470547054705 1.2767911549894666e-17 
5.296470447044705 1.2760747278334091e-17 
5.297470347034704 1.2753588353605677e-17 
5.298470247024702 1.2746434770733616e-17 
5.299470147014701 1.2739286524747626e-17 
5.3004700470047 1.273214361068298e-17 
5.3014699469946995 1.2725006023580468e-17 
5.302469846984699 1.2717873758486414e-17 
5.303469746974698 1.2710746810452645e-17 
5.304469646964696 1.2703625174536508e-17 
5.305469546954695 1.2696508845800826e-17 
5.3064694469446945 1.2689397819313936e-17 
5.307469346934694 1.2682292090149659e-17 
5.308469246924693 1.2675191653387283e-17 
5.309469146914691 1.266809650411159e-17 
5.31046904690469 1.2661006637412792e-17 
5.311468946894689 1.2653922048386586e-17 
5.312468846884689 1.264684273213412e-17 
5.313468746874688 1.2639768683761962e-17 
5.314468646864686 1.2632699898382148e-17 
5.315468546854685 1.262563637111211e-17 
5.316468446844684 1.2618578097074725e-17 
5.3174683468346835 1.2611525071398276e-17 
5.318468246824683 1.2604477289216464e-17 
5.319468146814682 1.259743474566838e-17 
5.32046804680468 1.2590397435898523e-17 
5.321467946794679 1.2583365355056752e-17 
5.322467846784678 1.2576338498298336e-17 
5.323467746774678 1.2569316860783902e-17 
5.324467646764677 1.2562300437679448e-17 
5.325467546754675 1.2555289224156337e-17 
5.326467446744674 1.2548283215391263e-17 
5.327467346734673 1.2541282406566296e-17 
5.3284672467246725 1.2534286792868823e-17 
5.329467146714672 1.2527296369491569e-17 
5.330467046704671 1.252031113163259e-17 
5.331466946694669 1.2513331074495258e-17 
5.332466846684668 1.2506356193288243e-17 
5.3334667466746675 1.2499386483225532e-17 
5.334466646664667 1.2492421939526413e-17 
5.335466546654666 1.2485462557415458e-17 
5.336466446644664 1.2478508332122526e-17 
5.337466346634663 1.2471559258882744e-17 
5.338466246624662 1.2464615332936524e-17 
5.339466146614662 1.2457676549529534e-17 
5.340466046604661 1.2450742903912699e-17 
5.341465946594659 1.24438143913422e-17 
5.342465846584658 1.2436891007079446e-17 
5.343465746574657 1.2429972746391103e-17 
5.3444656465646565 1.2423059604549046e-17 
5.345465546554656 1.241615157683039e-17 
5.346465446544655 1.2409248658517462e-17 
5.347465346534653 1.2402350844897802e-17 
5.348465246524652 1.2395458131264132e-17 
5.349465146514651 1.2388570512914399e-17 
5.350465046504651 1.2381687985151723e-17 
5.35146494649465 1.2374810543284411e-17 
5.352464846484648 1.2367938182625953e-17 
5.353464746474647 1.236107089849499e-17 
5.354464646464646 1.2354208686215347e-17 
5.3554645464546455 1.2347351541115989e-17 
5.356464446444645 1.2340499458531047e-17 
5.357464346434644 1.2333652433799782e-17 
5.358464246424642 1.2326810462266606e-17 
5.359464146414641 1.2319973539281035e-17 
5.3604640464046405 1.2313141660197733e-17 
5.36146394639464 1.230631482037647e-17 
5.362463846384639 1.2299493015182129e-17 
5.363463746374637 1.229267623998471e-17 
5.364463646364636 1.2285864490159277e-17 
5.365463546354635 1.2279057761086015e-17 
5.366463446344635 1.2272256048150183e-17 
5.367463346334634 1.2265459346742108e-17 
5.368463246324632 1.225866765225722e-17 
5.369463146314631 1.2251880960095963e-17 
5.37046304630463 1.2245099265663881e-17 
5.3714629462946295 1.2238322564371564e-17 
5.372462846284629 1.2231550851634623e-17 
5.373462746274628 1.222478412287374e-17 
5.374462646264626 1.2218022373514605e-17 
5.375462546254625 1.2211265598987944e-17 
5.376462446244624 1.2204513794729496e-17 
5.377462346234624 1.2197766956180027e-17 
5.378462246224623 1.2191025078785291e-17 
5.379462146214621 1.2184288157996069e-17 
5.38046204620462 1.2177556189268097e-17 
5.381461946194619 1.2170829168062132e-17 
5.3824618461846185 1.2164107089843896e-17 
5.383461746174618 1.2157389950084096e-17 
5.384461646164617 1.2150677744258395e-17 
5.385461546154615 1.2143970467847435e-17 
5.386461446144614 1.2137268116336784e-17 
5.3874613461346135 1.2130570685217002e-17 
5.388461246124613 1.2123878169983551e-17 
5.389461146114612 1.2117190566136855e-17 
5.39046104610461 1.2110507869182267e-17 
5.391460946094609 1.210383007463005e-17 
5.392460846084608 1.2097157177995385e-17 
5.393460746074608 1.2090489174798388e-17 
5.394460646064607 1.2083826060564055e-17 
5.395460546054605 1.2077167830822307e-17 
5.396460446044604 1.207051448110792e-17 
5.397460346034603 1.2063866006960592e-17 
5.3984602460246025 1.2057222403924884e-17 
5.399460146014602 1.2050583667550238e-17 
5.400460046004601 1.2043949793390965e-17 
5.401459945994599 1.203732077700623e-17 
5.402459845984598 1.2030696613960057e-17 
5.403459745974597 1.2024077299821319e-17 
5.404459645964597 1.2017462830163734e-17 
5.405459545954596 1.2010853200565863e-17 
5.406459445944594 1.2004248406611088e-17 
5.407459345934593 1.1997648443887618e-17 
5.408459245924592 1.1991053307988479e-17 
5.4094591459145915 1.198446299451152e-17 
5.410459045904591 1.1977877499059388e-17 
5.41145894589459 1.1971296817239519e-17 
5.412458845884588 1.1964720944664182e-17 
5.413458745874587 1.1958149876950385e-17 
5.4144586458645865 1.1951583609719942e-17 
5.415458545854586 1.1945022138599457e-17 
5.416458445844585 1.1938465459220274e-17 
5.417458345834583 1.1931913567218527e-17 
5.418458245824582 1.192536645823509e-17 
5.419458145814581 1.191882412791559e-17 
5.420458045804581 1.1912286571910418e-17 
5.42145794579458 1.1905753785874683e-17 
5.422457845784578 1.1899225765468242e-17 
5.423457745774577 1.1892702506355667e-17 
5.424457645764576 1.1886184004206263e-17 
5.4254575457545755 1.1879670254694049e-17 
5.426457445744575 1.1873161253497746e-17 
5.427457345734574 1.1866656996300784e-17 
5.428457245724572 1.1860157478791309e-17 
5.429457145714571 1.1853662696662116e-17 
5.43045704570457 1.184717264561072e-17 
5.43145694569457 1.1840687321339313e-17 
5.432456845684569 1.1834206719554748e-17 
5.433456745674567 1.1827730835968563e-17 
5.434456645664566 1.1821259666296936e-17 
5.435456545654565 1.1814793206260717e-17 
5.4364564456445645 1.1808331451585406e-17 
5.437456345634564 1.1801874398001144e-17 
5.438456245624563 1.1795422041242712e-17 
5.439456145614561 1.1788974377049532e-17 
5.44045604560456 1.1782531401165629e-17 
5.4414559455945595 1.1776093109339667e-17 
5.442455845584559 1.176965949732493e-17 
5.443455745574558 1.1763230560879301e-17 
5.444455645564556 1.1756806295765283e-17 
5.445455545554555 1.175038669774994e-17 
5.446455445544554 1.174397176260496e-17 
5.447455345534554 1.1737561486106617e-17 
5.448455245524553 1.1731155864035755e-17 
5.449455145514551 1.1724754892177795e-17 
5.45045504550455 1.1718358566322723e-17 
5.451454945494549 1.171196688226509e-17 
5.4524548454845485 1.1705579835804015e-17 
5.453454745474548 1.1699197422743154e-17 
5.454454645464547 1.1692819638890717e-17 
5.455454545454545 1.168644648005946e-17 
5.456454445444544 1.1680077942066648e-17 
5.457454345434543 1.1673714020734105e-17 
5.458454245424543 1.1667354711888165e-17 
5.459454145414542 1.1661000011359672e-17 
5.46045404540454 1.1654649914984007e-17 
5.461453945394539 1.1648304418601015e-17 
5.462453845384538 1.1641963518055077e-17 
5.4634537453745375 1.1635627209195057e-17 
5.464453645364537 1.1629295487874307e-17 
5.465453545354536 1.1622968349950664e-17 
5.466453445344534 1.1616645791286449e-17 
5.467453345334533 1.1610327807748429e-17 
5.4684532453245325 1.1604014395207872e-17 
5.469453145314532 1.1597705549540484e-17 
5.470453045304531 1.1591401266626437e-17 
5.471452945294529 1.1585101542350354e-17 
5.472452845284528 1.1578806372601279e-17 
5.473452745274527 1.1572515753272724e-17 
5.474452645264527 1.1566229680262617e-17 
5.475452545254526 1.1559948149473322e-17 
5.476452445244524 1.1553671156811623e-17 
5.477452345234523 1.1547398698188712e-17 
5.478452245224522 1.1541130769520199e-17 
5.4794521452145215 1.1534867366726093e-17 
5.480452045204521 1.1528608485730814e-17 
5.48145194519452 1.1522354122463163e-17 
5.482451845184518 1.1516104272856345e-17 
5.483451745174517 1.1509858932847925e-17 
5.484451645164516 1.1503618098379862e-17 
5.485451545154516 1.1497381765398487e-17 
5.486451445144515 1.149114992985449e-17 
5.487451345134513 1.1484922587702938e-17 
5.488451245124512 1.1478699734903224e-17 
5.489451145114511 1.1472481367419117e-17 
5.4904510451045105 1.146626748121872e-17 
5.49145094509451 1.1460058072274478e-17 
5.492450845084509 1.1453853136563172e-17 
5.493450745074507 1.144765267006591e-17 
5.494450645064506 1.1441456668768114e-17 
5.4954505450545055 1.1435265128659532e-17 
5.496450445044505 1.1429078045734228e-17 
5.497450345034504 1.1422895415990562e-17 
5.498450245024502 1.141671723543121e-17 
5.499450145014501 1.1410543500063123e-17 
5.5004500450045 1.1404374205897558e-17 
5.5014499449945 1.139820934895006e-17 
5.502449844984499 1.1392048925240438e-17 
5.503449744974497 1.1385892930792797e-17 
5.504449644964496 1.1379741361635481e-17 
5.505449544954495 1.1373594213801126e-17 
5.5064494449444945 1.1367451483326618e-17 
5.507449344934494 1.1361313166253089e-17 
5.508449244924493 1.1355179258625931e-17 
5.509449144914491 1.1349049756494769e-17 
5.51044904490449 1.1342924655913464e-17 
5.511448944894489 1.1336803952940114e-17 
5.512448844884489 1.1330687643637043e-17 
5.513448744874488 1.1324575724070789e-17 
5.514448644864486 1.1318468190312132e-17 
5.515448544854485 1.1312365038436023e-17 
5.516448444844484 1.1306266264521652e-17 
5.5174483448344835 1.1300171864652385e-17 
5.518448244824483 1.1294081834915804e-17 
5.519448144814481 1.1287996171403677e-17 
5.52044804480448 1.1281914870211939e-17 
5.521447944794479 1.1275837927440717e-17 
5.5224478447844785 1.1269765339194318e-17 
5.523447744774478 1.126369710158121e-17 
5.524447644764477 1.1257633210714025e-17 
5.525447544754475 1.1251573662709565e-17 
5.526447444744474 1.1245518453688759e-17 
5.527447344734473 1.1239467579776714e-17 
5.528447244724473 1.1233421037102663e-17 
5.529447144714472 1.122737882179998e-17 
5.53044704470447 1.1221340930006178e-17 
5.531446944694469 1.1215307357862887e-17 
5.532446844684468 1.1209278101515868e-17 
5.5334467446744675 1.1203253157114998e-17 
5.534446644664467 1.1197232520814261e-17 
5.535446544654466 1.119121618877176e-17 
5.536446444644464 1.1185204157149687e-17 
5.537446344634463 1.1179196422114332e-17 
5.5384462446244624 1.1173192979836087e-17 
5.539446144614462 1.1167193826489426e-17 
5.540446044604461 1.11611989582529e-17 
5.541445944594459 1.1155208371309147e-17 
5.542445844584458 1.1149222061844862e-17 
5.543445744574457 1.1143240026050817e-17 
5.5444456445644565 1.1137262260121844e-17 
5.545445544554456 1.1131288760256833e-17 
5.546445444544454 1.1125319522658727e-17 
5.547445344534453 1.1119354543534496e-17 
5.548445244524452 1.111339381909518e-17 
5.5494451445144515 1.1107437345555838e-17 
5.550445044504451 1.110148511913556e-17 
5.55144494449445 1.1095537136057476e-17 
5.552444844484448 1.1089593392548728e-17 
5.553444744474447 1.1083653884840469e-17 
5.554444644464446 1.1077718609167868e-17 
5.555444544454446 1.1071787561770105e-17 
5.556444444444445 1.1065860738890357e-17 
5.557444344434443 1.1059938136775806e-17 
5.558444244424442 1.1054019751677607e-17 
5.559444144414441 1.104810557985091e-17 
5.5604440444044405 1.1042195617554867e-17 
5.56144394439444 1.103628986105257e-17 
5.562443844384439 1.1030388306611117e-17 
5.563443744374437 1.1024490950501551e-17 
5.564443644364436 1.1018597788998886e-17 
5.5654435443544354 1.1012708818382087e-17 
5.566443444344435 1.1006824034934076e-17 
5.567443344334434 1.1000943434941728e-17 
5.568443244324432 1.0995067014695858e-17 
5.569443144314431 1.0989194770491199e-17 
5.57044304430443 1.0983326698626441e-17 
5.5714429442944295 1.0977462795404196e-17 
5.572442844284429 1.0971603057130993e-17 
5.573442744274427 1.0965747480117287e-17 
5.574442644264426 1.0959896060677435e-17 
5.575442544254425 1.095404879512971e-17 
5.5764424442444245 1.0948205679796294e-17 
5.577442344234424 1.0942366711003262e-17 
5.578442244224423 1.0936531885080582e-17 
5.579442144214421 1.093070119836211e-17 
5.58044204420442 1.0924874647185588e-17 
5.581441944194419 1.0919052227892637e-17 
5.582441844184419 1.0913233936828762e-17 
5.583441744174418 1.0907419770343324e-17 
5.584441644164416 1.0901609724789562e-17 
5.585441544154415 1.0895803796524557e-17 
5.586441444144414 1.089000198190927e-17 
5.5874413441344135 1.0884204277308496e-17 
5.588441244124413 1.0878410679090886e-17 
5.589441144114412 1.0872621183628922e-17 
5.59044104410441 1.0866835787298936e-17 
5.591440944094409 1.0861054486481078e-17 
5.5924408440844084 1.0855277277559334e-17 
5.593440744074408 1.0849504156921509e-17 
5.594440644064407 1.0843735120959235e-17 
5.595440544054405 1.0837970166067951e-17 
5.596440444044404 1.0832209288646894e-17 
5.597440344034403 1.0826452485099118e-17 
5.5984402440244025 1.0820699751831482e-17 
5.599440144014402 1.0814951085254618e-17 
5.6004400440044 1.0809206481782975e-17 
5.601439943994399 1.0803465937834754e-17 
5.602439843984398 1.0797729449831974e-17 
5.6034397439743975 1.07919970142004e-17 
5.604439643964397 1.0786268627369584e-17 
5.605439543954396 1.0780544285772838e-17 
5.606439443944394 1.0774823985847246e-17 
5.607439343934393 1.0769107724033629e-17 
5.608439243924392 1.0763395496776581e-17 
5.609439143914392 1.0757687300524435e-17 
5.610439043904391 1.0751983131729271e-17 
5.611438943894389 1.0746282986846912e-17 
5.612438843884388 1.07405868623369e-17 
5.613438743874387 1.0734894754662515e-17 
5.6144386438643865 1.0729206660290774e-17 
5.615438543854386 1.0723522575692397e-17 
5.616438443844385 1.0717842497341833e-17 
5.617438343834383 1.071216642171724e-17 
5.618438243824382 1.070649434530047e-17 
5.6194381438143814 1.0700826264577095e-17 
5.620438043804381 1.0695162176036374e-17 
5.62143794379438 1.0689502076171268e-17 
5.622437843784378 1.0683845961478424e-17 
5.623437743774377 1.0678193828458165e-17 
5.624437643764376 1.0672545673614503e-17 
5.6254375437543755 1.0666901493455123e-17 
5.626437443744375 1.066126128449138e-17 
5.627437343734373 1.0655625043238305e-17 
5.628437243724372 1.0649992766214567e-17 
5.629437143714371 1.0644364449942517e-17 
5.6304370437043705 1.0638740090948146e-17 
5.63143694369437 1.0633119685761101e-17 
5.632436843684369 1.0627503230914663e-17 
5.633436743674367 1.0621890722945767e-17 
5.634436643664366 1.0616282158394967e-17 
5.635436543654365 1.0610677533806456e-17 
5.636436443644365 1.0605076845728054e-17 
5.637436343634364 1.0599480090711204e-17 
5.638436243624362 1.0593887265310967e-17 
5.639436143614361 1.0588298366086001e-17 
5.64043604360436 1.0582713389598591e-17 
5.6414359435943595 1.0577132332414627e-17 
5.642435843584359 1.0571555191103587e-17 
5.643435743574358 1.0565981962238546e-17 
5.644435643564356 1.0560412642396187e-17 
5.645435543554355 1.055484722815675e-17 
5.6464354435443544 1.0549285716104078e-17 
5.647435343534354 1.0543728102825593e-17 
5.648435243524353 1.0538174384912276e-17 
5.649435143514351 1.05326245589587e-17 
5.65043504350435 1.0527078621562976e-17 
5.651434943494349 1.052153656932679e-17 
5.6524348434843485 1.0515998398855384e-17 
5.653434743474348 1.051046410675755e-17 
5.654434643464346 1.0504933689645635e-17 
5.655434543454345 1.0499407144135504e-17 
5.656434443444344 1.0493884466846594e-17 
5.6574343434343435 1.048836565440185e-17 
5.658434243424343 1.0482850703427766e-17 
5.659434143414342 1.047733961055435e-17 
5.66043404340434 1.0471832372415143e-17 
5.661433943394339 1.0466328985647185e-17 
5.662433843384338 1.0460829446891048e-17 
5.663433743374338 1.0455333752790794e-17 
5.664433643364337 1.0449841899994016e-17 
5.665433543354335 1.0444353885151784e-17 
5.666433443344334 1.0438869704918667e-17 
5.667433343334333 1.0433389355952735e-17 
5.6684332433243325 1.0427912834915542e-17 
5.669433143314332 1.0422440138472121e-17 
5.670433043304331 1.0416971263290986e-17 
5.671432943294329 1.041150620604414e-17 
5.672432843284328 1.040604496340702e-17 
5.6734327432743274 1.0400587532058574e-17 
5.674432643264327 1.039513390868118e-17 
5.675432543254326 1.0389684089960687e-17 
5.676432443244324 1.0384238072586403e-17 
5.677432343234323 1.0378795853251066e-17 
5.678432243224322 1.0373357428650883e-17 
5.6794321432143215 1.0367922795485483e-17 
5.680432043204321 1.0362491950457945e-17 
5.681431943194319 1.0357064890274778e-17 
5.682431843184318 1.035164161164591e-17 
5.683431743174317 1.0346222111284706e-17 
5.6844316431643165 1.0340806385907944e-17 
5.685431543154316 1.0335394432235831e-17 
5.686431443144315 1.0329986246991963e-17 
5.687431343134313 1.032458182690337e-17 
5.688431243124312 1.031918116870046e-17 
5.689431143114311 1.0313784269117063e-17 
5.690431043104311 1.030839112489039e-17 
5.69143094309431 1.0303001732761052e-17 
5.692430843084308 1.0297616089473049e-17 
5.693430743074307 1.0292234191773749e-17 
5.694430643064306 1.0286856036413915e-17 
5.6954305430543055 1.0281481620147681e-17 
5.696430443044305 1.0276110939732552e-17 
5.697430343034304 1.02707439919294e-17 
5.698430243024302 1.0265380773502458e-17 
5.699430143014301 1.0260021281219314e-17 
5.7004300430043005 1.0254665511850924e-17 
5.7014299429943 1.024931346217158e-17 
5.702429842984299 1.024396512895893e-17 
5.703429742974297 1.0238620508993967e-17 
5.704429642964296 1.0233279599061007e-17 
5.705429542954295 1.0227942395947718e-17 
5.7064294429442945 1.0222608896445089e-17 
5.707429342934294 1.021727909734744e-17 
5.708429242924292 1.0211952995452415e-17 
5.709429142914291 1.0206630587560965e-17 
5.71042904290429 1.0201311870477366e-17 
5.7114289428942895 1.0195996841009211e-17 
5.712428842884289 1.019068549596738e-17 
5.713428742874288 1.0185377832166069e-17 
5.714428642864286 1.018007384642278e-17 
5.715428542854285 1.0174773535558285e-17 
5.716428442844284 1.0169476896396665e-17 
5.717428342834284 1.0164183925765291e-17 
5.718428242824283 1.0158894620494799e-17 
5.719428142814281 1.0153608977419123e-17 
5.72042804280428 1.0148326993375464e-17 
5.721427942794279 1.0143048665204282e-17 
5.7224278427842785 1.013777398974932e-17 
5.723427742774278 1.0132502963857583e-17 
5.724427642764277 1.0127235584379326e-17 
5.725427542754275 1.0121971848168071e-17 
5.726427442744274 1.0116711752080572e-17 
5.7274273427342735 1.0111455292976854e-17 
5.728427242724273 1.010620246772016e-17 
5.729427142714272 1.0100953273176999e-17 
5.73042704270427 1.0095707706217104e-17 
5.731426942694269 1.0090465763713427e-17 
5.732426842684268 1.0085227442542167e-17 
5.7334267426742676 1.0079992739582736e-17 
5.734426642664267 1.0074761651717768e-17 
5.735426542654265 1.0069534175833127e-17 
5.736426442644264 1.0064310308817859e-17 
5.737426342634263 1.005909004756425e-17 
5.7384262426242625 1.0053873388967766e-17 
5.739426142614262 1.0048660329927092e-17 
5.740426042604261 1.00434508673441e-17 
5.741425942594259 1.0038244998123868e-17 
5.742425842584258 1.0033042719174635e-17 
5.743425742574257 1.0027844027407854e-17 
5.744425642564257 1.0022648919738145e-17 
5.745425542554256 1.0017457393083313e-17 
5.746425442544254 1.0012269444364339e-17 
5.747425342534253 1.0007085070505358e-17 
5.748425242524252 1.000190426843369e-17 
5.7494251425142515 9.996727035079806e-18 
5.750425042504251 9.991553367377343e-18 
5.75142494249425 9.986383262263087e-18 
5.752424842484248 9.981216716676987e-18 
5.753424742474247 9.976053727562113e-18 
5.7544246424642465 9.970894291864711e-18 
5.755424542454246 9.965738406534151e-18 
5.756424442444245 9.960586068522934e-18 
5.757424342434243 9.955437274786707e-18 
5.758424242424242 9.950292022284232e-18 
5.759424142414241 9.945150307977405e-18 
5.7604240424042406 9.940012128831241e-18 
5.76142394239424 9.934877481813872e-18 
5.762423842384238 9.92974636389655e-18 
5.763423742374237 9.924618772053619e-18 
5.764423642364236 9.919494703262545e-18 
5.7654235423542355 9.914374154503895e-18 
5.766423442344235 9.909257122761335e-18 
5.767423342334234 9.90414360502162e-18 
5.768423242324232 9.899033598274604e-18 
5.769423142314231 9.893927099513218e-18 
5.77042304230423 9.888824105733489e-18 
5.77142294229423 9.88372461393452e-18 
5.772422842284229 9.878628621118486e-18 
5.773422742274227 9.873536124290649e-18 
5.774422642264226 9.86844712045932e-18 
5.775422542254225 9.863361606635888e-18 
5.7764224422442245 9.858279579834805e-18 
5.777422342234224 9.853201037073579e-18 
5.778422242224223 9.848125975372772e-18 
5.779422142214221 9.843054391756004e-18 
5.78042204220422 9.837986283249925e-18 
5.7814219421942195 9.832921646884242e-18 
5.782421842184219 9.827860479691708e-18 
5.783421742174218 9.8228027787081e-18 
5.784421642164216 9.817748540972238e-18 
5.785421542154215 9.81269776352596e-18 
5.786421442144214 9.807650443414133e-18 
5.7874213421342136 9.802606577684657e-18 
5.788421242124213 9.79756616338844e-18 
5.789421142114211 9.792529197579413e-18 
5.79042104210421 9.787495677314502e-18 
5.791420942094209 9.78246559965366e-18 
5.7924208420842085 9.777438961659836e-18 
5.793420742074208 9.772415760398973e-18 
5.794420642064207 9.767395992940024e-18 
5.795420542054205 9.762379656354937e-18 
5.796420442044204 9.757366747718626e-18 
5.797420342034203 9.752357264109016e-18 
5.798420242024203 9.747351202607006e-18 
5.799420142014202 9.742348560296473e-18 
5.8004200420042 9.737349334264283e-18 
5.801419941994199 9.732353521600247e-18 
5.802419841984198 9.727361119397169e-18 
5.8034197419741975 9.722372124750807e-18 
5.804419641964197 9.717386534759883e-18 
5.805419541954196 9.712404346526081e-18 
5.806419441944194 9.707425557154034e-18 
5.807419341934193 9.70245016375133e-18 
5.8084192419241925 9.697478163428501e-18 
5.809419141914192 9.692509553299024e-18 
5.810419041904191 9.687544330479317e-18 
5.811418941894189 9.682582492088748e-18 
5.812418841884188 9.67762403524959e-18 
5.813418741874187 9.672668957087069e-18 
5.8144186418641866 9.667717254729332e-18 
5.815418541854186 9.662768925307448e-18 
5.816418441844184 9.65782396595541e-18 
5.817418341834183 9.652882373810115e-18 
5.818418241824182 9.647944146011389e-18 
5.8194181418141815 9.643009279701957e-18 
5.820418041804181 9.638077772027452e-18 
5.82141794179418 9.633149620136413e-18 
5.822417841784178 9.628224821180279e-18 
5.823417741774177 9.62330337231337e-18 
5.824417641764176 9.618385270692916e-18 
5.825417541754176 9.613470513479032e-18 
5.826417441744175 9.60855909783471e-18 
5.827417341734173 9.603651020925837e-18 
5.828417241724172 9.598746279921163e-18 
5.829417141714171 9.593844871992324e-18 
5.8304170417041705 9.588946794313825e-18 
5.83141694169417 9.584052044063037e-18 
5.832416841684168 9.579160618420207e-18 
5.833416741674167 9.574272514568423e-18 
5.834416641664166 9.56938772969365e-18 
5.8354165416541655 9.5645062609847e-18 
5.836416441644165 9.559628105633237e-18 
5.837416341634164 9.554753260833773e-18 
5.838416241624162 9.549881723783668e-18 
5.839416141614161 9.545013491683118e-18 
5.84041604160416 9.540148561735158e-18 
5.8414159415941596 9.535286931145662e-18 
5.842415841584159 9.53042859712333e-18 
5.843415741574157 9.5255735568797e-18 
5.844415641564156 9.520721807629117e-18 
5.845415541554155 9.515873346588762e-18 
5.8464154415441545 9.51102817097863e-18 
5.847415341534154 9.506186278021528e-18 
5.848415241524153 9.501347664943076e-18 
5.849415141514151 9.496512328971715e-18 
5.85041504150415 9.49168026733866e-18 
5.851414941494149 9.486851477277952e-18 
5.852414841484149 9.48202595602643e-18 
5.853414741474148 9.477203700823713e-18 
5.854414641464146 9.472384708912227e-18 
5.855414541454145 9.467568977537175e-18 
5.856414441444144 9.462756503946552e-18 
5.8574143414341435 9.45794728539113e-18 
5.858414241424143 9.45314131912446e-18 
5.859414141414141 9.448338602402877e-18 
5.86041404140414 9.443539132485471e-18 
5.861413941394139 9.438742906634117e-18 
5.8624138413841385 9.433949922113443e-18 
5.863413741374138 9.429160176190849e-18 
5.864413641364137 9.424373666136487e-18 
5.865413541354135 9.419590389223273e-18 
5.866413441344134 9.41481034272686e-18 
5.867413341334133 9.410033523925663e-18 
5.868413241324133 9.40525993010084e-18 
5.869413141314132 9.400489558536292e-18 
5.87041304130413 9.395722406518664e-18 
5.871412941294129 9.390958471337318e-18 
5.872412841284128 9.386197750284371e-18 
5.8734127412741275 9.381440240654666e-18 
5.874412641264127 9.376685939745764e-18 
5.875412541254126 9.371934844857946e-18 
5.876412441244124 9.36718695329424e-18 
5.877412341234123 9.362442262360354e-18 
5.878412241224122 9.357700769364737e-18 
5.879412141214122 9.352962471618535e-18 
5.880412041204121 9.348227366435611e-18 
5.881411941194119 9.343495451132527e-18 
5.882411841184118 9.338766723028543e-18 
5.883411741174117 9.334041179445617e-18 
5.8844116411641165 9.329318817708415e-18 
5.885411541154116 9.324599635144276e-18 
5.886411441144114 9.319883629083249e-18 
5.887411341134113 9.315170796858042e-18 
5.888411241124112 9.310461135804066e-18 
5.8894111411141115 9.3057546432594e-18 
5.890411041104111 9.301051316564807e-18 
5.89141094109411 9.29635115306372e-18 
5.892410841084108 9.291654150102241e-18 
5.893410741074107 9.286960305029132e-18 
5.894410641064106 9.28226961519583e-18 
5.895410541054106 9.277582077956423e-18 
5.896410441044105 9.272897690667664e-18 
5.897410341034103 9.268216450688957e-18 
5.898410241024102 9.26353835538235e-18 
5.899410141014101 9.258863402112548e-18 
5.9004100410041005 9.254191588246902e-18 
5.9014099409941 9.249522911155397e-18 
5.902409840984099 9.244857368210658e-18 
5.903409740974097 9.240194956787958e-18 
5.904409640964096 9.235535674265177e-18 
5.905409540954095 9.230879518022852e-18 
5.906409440944095 9.22622648544413e-18 
5.907409340934094 9.22157657391478e-18 
5.908409240924092 9.216929780823208e-18 
5.909409140914091 9.212286103560414e-18 
5.91040904090409 9.207645539520032e-18 
5.9114089408940895 9.203008086098292e-18 
5.912408840884089 9.198373740694042e-18 
5.913408740874087 9.19374250070874e-18 
5.914408640864086 9.189114363546423e-18 
5.915408540854085 9.184489326613746e-18 
5.9164084408440845 9.179867387319957e-18 
5.917408340834084 9.175248543076897e-18 
5.918408240824083 9.170632791298992e-18 
5.919408140814081 9.166020129403267e-18 
5.92040804080408 9.161410554809305e-18 
5.921407940794079 9.156804064939296e-18 
5.922407840784079 9.152200657217997e-18 
5.923407740774078 9.14760032907274e-18 
5.924407640764076 9.143003077933435e-18 
5.925407540754075 9.138408901232546e-18 
5.926407440744074 9.133817796405114e-18 
5.9274073407340735 9.129229760888744e-18 
5.928407240724073 9.1246447921236e-18 
5.929407140714072 9.120062887552396e-18 
5.93040704070407 9.11548404462041e-18 
5.931406940694069 9.110908260775457e-18 
5.932406840684068 9.106335533467909e-18 
5.933406740674068 9.101765860150691e-18 
5.934406640664067 9.09719923827925e-18 
5.935406540654065 9.092635665311595e-18 
5.936406440644064 9.08807513870825e-18 
5.937406340634063 9.083517655932281e-18 
5.9384062406240625 9.07896321444929e-18 
5.939406140614062 9.074411811727401e-18 
5.94040604060406 9.06986344523726e-18 
5.941405940594059 9.065318112452035e-18 
5.942405840584058 9.060775810847416e-18 
5.9434057405740575 9.056236537901606e-18 
5.944405640564057 9.051700291095323e-18 
5.945405540554056 9.047167067911792e-18 
5.946405440544054 9.042636865836751e-18 
5.947405340534053 9.038109682358426e-18 
5.948405240524052 9.03358551496756e-18 
5.949405140514052 9.029064361157389e-18 
5.950405040504051 9.024546218423646e-18 
5.951404940494049 9.020031084264557e-18 
5.952404840484048 9.015518956180825e-18 
5.953404740474047 9.011009831675656e-18 
5.9544046404640465 9.006503708254733e-18 
5.955404540454046 9.002000583426219e-18 
5.956404440444045 8.997500454700756e-18 
5.957404340434043 8.993003319591462e-18 
5.958404240424042 8.988509175613923e-18 
5.959404140414041 8.984018020286199e-18 
5.960404040404041 8.979529851128814e-18 
5.96140394039404 8.975044665664759e-18 
5.962403840384038 8.97056246141948e-18 
5.963403740374037 8.966083235920885e-18 
5.964403640364036 8.961606986699335e-18 
5.9654035403540355 8.957133711287646e-18 
5.966403440344035 8.952663407221082e-18 
5.967403340334033 8.948196072037356e-18 
5.968403240324032 8.943731703276614e-18 
5.969403140314031 8.939270298481455e-18 
5.9704030403040305 8.934811855196916e-18 
5.97140294029403 8.930356370970456e-18 
5.972402840284029 8.925903843351983e-18 
5.973402740274027 8.921454269893834e-18 
5.974402640264026 8.91700764815075e-18 
5.975402540254025 8.912563975679921e-18 
5.976402440244025 8.90812325004095e-18 
5.977402340234024 8.903685468795855e-18 
5.978402240224022 8.899250629509081e-18 
5.979402140214021 8.894818729747464e-18 
5.98040204020402 8.890389767080273e-18 
5.9814019401940195 8.885963739079172e-18 
5.982401840184019 8.88154064331823e-18 
5.983401740174018 8.877120477373927e-18 
5.984401640164016 8.872703238825131e-18 
5.985401540154015 8.868288925253112e-18 
5.986401440144014 8.863877534241526e-18 
5.987401340134014 8.859469063376436e-18 
5.988401240124013 8.855063510246271e-18 
5.989401140114011 8.850660872441869e-18 
5.99040104010401 8.846261147556424e-18 
5.991400940094009 8.841864333185537e-18 
5.9924008400840085 8.837470426927165e-18 
5.993400740074008 8.833079426381651e-18 
5.994400640064006 8.828691329151707e-18 
5.995400540054005 8.824306132842406e-18 
5.996400440044004 8.819923835061196e-18 
5.9974003400340035 8.81554443341789e-18 
5.998400240024003 8.811167925524654e-18 
5.999400140014002 8.806794308996014e-18 
6.000400040004 8.802423581448856e-18 
6.001399939993999 8.798055740502413e-18 
6.002399839983998 8.79369078377827e-18 
6.003399739973998 8.789328708900359e-18 
6.004399639963997 8.784969513494955e-18 
6.005399539953995 8.780613195190682e-18 
6.006399439943994 8.776259751618488e-18 
6.007399339933993 8.771909180411668e-18 
6.0083992399239925 8.767561479205849e-18 
6.009399139913992 8.763216645638997e-18 
6.010399039903991 8.758874677351385e-18 
6.011398939893989 8.754535571985637e-18 
6.012398839883988 8.750199327186681e-18 
6.013398739873987 8.74586594060177e-18 
6.014398639863987 8.741535409880479e-18 
6.015398539853986 8.737207732674695e-18 
6.016398439843984 8.732882906638621e-18 
6.017398339833983 8.728560929428761e-18 
6.018398239823982 8.724241798703934e-18 
6.0193981398139815 8.719925512125259e-18 
6.020398039803981 8.71561206735616e-18 
6.021397939793979 8.711301462062361e-18 
6.022397839783978 8.706993693911875e-18 
6.023397739773977 8.70268876057501e-18 
6.0243976397639765 8.698386659724377e-18 
6.025397539753976 8.694087389034867e-18 
6.026397439743975 8.689790946183653e-18 
6.027397339733973 8.685497328850198e-18 
6.028397239723972 8.681206534716239e-18 
6.029397139713971 8.676918561465801e-18 
6.030397039703971 8.672633406785177e-18 
6.03139693969397 8.668351068362934e-18 
6.032396839683968 8.664071543889912e-18 
6.033396739673967 8.659794831059211e-18 
6.034396639663966 8.655520927566208e-18 
6.0353965396539655 8.651249831108536e-18 
6.036396439643965 8.646981539386083e-18 
6.037396339633964 8.642716050101005e-18 
6.038396239623962 8.638453360957706e-18 
6.039396139613961 8.634193469662842e-18 
6.04039603960396 8.629936373925318e-18 
6.04139593959396 8.625682071456292e-18 
6.042395839583959 8.62143055996916e-18 
6.043395739573957 8.61718183717957e-18 
6.044395639563956 8.612935900805389e-18 
6.045395539553955 8.608692748566741e-18 
6.0463954395439545 8.604452378185976e-18 
6.047395339533954 8.600214787387676e-18 
6.048395239523952 8.595979973898659e-18 
6.049395139513951 8.591747935447948e-18 
6.05039503950395 8.587518669766818e-18 
6.0513949394939495 8.58329217458875e-18 
6.052394839483949 8.579068447649446e-18 
6.053394739473948 8.574847486686824e-18 
6.054394639463946 8.570629289441025e-18 
6.055394539453945 8.56641385365438e-18 
6.056394439443944 8.56220117707145e-18 
6.057394339433944 8.557991257438997e-18 
6.058394239423943 8.55378409250598e-18 
6.059394139413941 8.549579680023571e-18 
6.06039403940394 8.545378017745126e-18 
6.061393939393939 8.541179103426208e-18 
6.0623938393839385 8.536982934824572e-18 
6.063393739373938 8.532789509700161e-18 
6.064393639363937 8.528598825815112e-18 
6.065393539353935 8.524410880933749e-18 
6.066393439343934 8.52022567282257e-18 
6.067393339333933 8.516043199250263e-18 
6.068393239323933 8.51186345798769e-18 
6.069393139313932 8.507686446807897e-18 
6.07039303930393 8.503512163486102e-18 
6.071392939293929 8.499340605799683e-18 
6.072392839283928 8.495171771528198e-18 
6.0733927392739275 8.491005658453372e-18 
6.074392639263927 8.486842264359091e-18 
6.075392539253925 8.482681587031407e-18 
6.076392439243924 8.478523624258515e-18 
6.077392339233923 8.474368373830788e-18 
6.0783922392239225 8.470215833540742e-18 
6.079392139213922 8.466066001183046e-18 
6.080392039203921 8.461918874554522e-18 
6.081391939193919 8.457774451454138e-18 
6.082391839183918 8.453632729682995e-18 
6.083391739173917 8.449493707044358e-18 
6.084391639163917 8.44535738134361e-18 
6.085391539153916 8.441223750388284e-18 
6.086391439143914 8.437092811988047e-18 
6.087391339133913 8.432964563954692e-18 
6.088391239123912 8.428839004102148e-18 
6.0893911391139115 8.42471613024647e-18 
6.090391039103911 8.420595940205835e-18 
6.09139093909391 8.416478431800545e-18 
6.092390839083908 8.412363602853032e-18 
6.093390739073907 8.408251451187822e-18 
6.094390639063906 8.404141974631576e-18 
6.095390539053906 8.400035171013068e-18 
6.096390439043905 8.395931038163173e-18 
6.097390339033903 8.391829573914885e-18 
6.098390239023902 8.387730776103289e-18 
6.099390139013901 8.383634642565588e-18 
6.1003900390039005 8.379541171141082e-18 
6.1013899389939 8.375450359671165e-18 
6.102389838983898 8.371362205999337e-18 
6.103389738973897 8.36727670797118e-18 
6.104389638963896 8.363193863434377e-18 
6.1053895389538955 8.359113670238696e-18 
6.106389438943895 8.355036126235993e-18 
6.107389338933894 8.350961229280211e-18 
6.108389238923892 8.346888977227377e-18 
6.109389138913891 8.34281936793558e-18 
6.11038903890389 8.338752399265015e-18 
6.11138893889389 8.33468806907793e-18 
6.112388838883889 8.330626375238655e-18 
6.113388738873887 8.326567315613595e-18 
6.114388638863886 8.32251088807121e-18 
6.115388538853885 8.318457090482032e-18 
6.1163884388438845 8.314405920718665e-18 
6.117388338833884 8.310357376655761e-18 
6.118388238823883 8.306311456170039e-18 
6.119388138813881 8.30226815714028e-18 
6.12038803880388 8.298227477447298e-18 
6.121387938793879 8.294189414973978e-18 
6.122387838783879 8.290153967605251e-18 
6.123387738773878 8.286121133228093e-18 
6.124387638763876 8.282090909731526e-18 
6.125387538753875 8.27806329500661e-18 
6.126387438743874 8.274038286946452e-18 
6.1273873387338735 8.270015883446197e-18 
6.128387238723873 8.265996082403017e-18 
6.129387138713871 8.261978881716133e-18 
6.13038703870387 8.25796427928678e-18 
6.131386938693869 8.25395227301823e-18 
6.1323868386838685 8.249942860815784e-18 
6.133386738673868 8.245936040586765e-18 
6.134386638663867 8.241931810240519e-18 
6.135386538653865 8.237930167688414e-18 
6.136386438643864 8.23393111084382e-18 
6.137386338633863 8.229934637622146e-18 
6.138386238623863 8.225940745940796e-18 
6.139386138613862 8.221949433719194e-18 
6.14038603860386 8.217960698878771e-18 
6.141385938593859 8.213974539342962e-18 
6.142385838583858 8.209990953037201e-18 
6.1433857385738575 8.206009937888937e-18 
6.144385638563857 8.202031491827608e-18 
6.145385538553856 8.198055612784654e-18 
6.146385438543854 8.194082298693507e-18 
6.147385338533853 8.190111547489589e-18 
6.148385238523852 8.18614335711032e-18 
6.149385138513852 8.182177725495103e-18 
6.150385038503851 8.178214650585332e-18 
6.151384938493849 8.17425413032438e-18 
6.152384838483848 8.170296162657599e-18 
6.153384738473847 8.166340745532326e-18 
6.1543846384638465 8.162387876897874e-18 
6.155384538453846 8.158437554705529e-18 
6.156384438443844 8.154489776908556e-18 
6.157384338433843 8.150544541462181e-18 
6.158384238423842 8.146601846323599e-18 
6.1593841384138415 8.14266168945198e-18 
6.160384038403841 8.138724068808451e-18 
6.16138393839384 8.134788982356103e-18 
6.162383838383838 8.130856428059988e-18 
6.163383738373837 8.126926403887105e-18 
6.164383638363836 8.12299890780642e-18 
6.165383538353836 8.119073937788852e-18 
6.166383438343835 8.115151491807258e-18 
6.167383338333833 8.111231567836463e-18 
6.168383238323832 8.107314163853216e-18 
6.169383138313831 8.103399277836228e-18 
6.1703830383038305 8.099486907766142e-18 
6.17138293829383 8.095577051625548e-18 
6.172382838283828 8.091669707398971e-18 
6.173382738273827 8.087764873072862e-18 
6.174382638263826 8.08386254663562e-18 
6.175382538253825 8.079962726077568e-18 
6.176382438243825 8.076065409390956e-18 
6.177382338233824 8.072170594569966e-18 
6.178382238223822 8.068278279610705e-18 
6.179382138213821 8.064388462511195e-18 
6.18038203820382 8.060501141271384e-18 
6.1813819381938195 8.056616313893137e-18 
6.182381838183819 8.052733978380237e-18 
6.183381738173817 8.048854132738378e-18 
6.184381638163816 8.044976774975167e-18 
6.185381538153815 8.041101903100121e-18 
6.1863814381438145 8.037229515124663e-18 
6.187381338133814 8.033359609062126e-18 
6.188381238123813 8.02949218292774e-18 
6.189381138113811 8.025627234738644e-18 
6.19038103810381 8.021764762513862e-18 
6.191380938093809 8.017904764274332e-18 
6.192380838083809 8.014047238042873e-18 
6.193380738073808 8.010192181844208e-18 
6.194380638063806 8.006339593704948e-18 
6.195380538053805 8.002489471653578e-18 
6.196380438043804 7.99864181372049e-18 
6.1973803380338035 7.994796617937948e-18 
6.198380238023803 7.990953882340103e-18 
6.199380138013801 7.987113604962985e-18 
6.2003800380038 7.983275783844498e-18 
6.201379937993799 7.979440417024427e-18 
6.202379837983798 7.975607502544433e-18 
6.203379737973798 7.971777038448039e-18 
6.204379637963797 7.967949022780646e-18 
6.205379537953795 7.964123453589523e-18 
6.206379437943794 7.960300328923798e-18 
6.207379337933793 7.956479646834467e-18 
6.2083792379237925 7.952661405374381e-18 
6.209379137913792 7.948845602598265e-18 
6.21037903790379 7.945032236562689e-18 
6.211378937893789 7.941221305326075e-18 
6.212378837883788 7.937412806948707e-18 
6.2133787378737875 7.93360673949272e-18 
6.214378637863787 7.92980310102209e-18 
6.215378537853786 7.926001889602651e-18 
6.216378437843784 7.92220310330207e-18 
6.217378337833783 7.91840674018986e-18 
6.218378237823782 7.914612798337385e-18 
6.219378137813782 7.910821275817834e-18 
6.220378037803781 7.90703217070624e-18 
6.221377937793779 7.903245481079471e-18 
6.222377837783778 7.899461205016223e-18 
6.223377737773777 7.895679340597025e-18 
6.2243776377637765 7.891899885904234e-18 
6.225377537753776 7.888122839022036e-18 
6.226377437743774 7.884348198036443e-18 
6.227377337733773 7.880575961035278e-18 
6.228377237723772 7.876806126108196e-18 
6.229377137713771 7.873038691346668e-18 
6.230377037703771 7.86927365484398e-18 
6.23137693769377 7.86551101469523e-18 
6.232376837683768 7.86175076899734e-18 
6.233376737673767 7.85799291584902e-18 
6.234376637663766 7.854237453350808e-18 
6.2353765376537655 7.850484379605046e-18 
6.236376437643765 7.846733692715869e-18 
6.237376337633763 7.842985390789228e-18 
6.238376237623762 7.839239471932861e-18 
6.239376137613761 7.835495934256318e-18 
6.2403760376037605 7.831754775870934e-18 
6.24137593759376 7.828015994889844e-18 
6.242375837583759 7.824279589427979e-18 
6.243375737573757 7.820545557602054e-18 
6.244375637563756 7.81681389753057e-18 
6.245375537553755 7.813084607333821e-18 
6.246375437543755 7.809357685133886e-18 
6.247375337533754 7.805633129054617e-18 
6.248375237523752 7.801910937221666e-18 
6.249375137513751 7.798191107762438e-18 
6.25037503750375 7.794473638806131e-18 
6.2513749374937495 7.790758528483716e-18 
6.252374837483749 7.787045774927934e-18 
6.253374737473747 7.783335376273302e-18 
6.254374637463746 7.779627330656092e-18 
6.255374537453745 7.775921636214358e-18 
6.256374437443744 7.772218291087911e-18 
6.257374337433744 7.768517293418328e-18 
6.258374237423743 7.764818641348946e-18 
6.259374137413741 7.761122333024861e-18 
6.26037403740374 7.757428366592924e-18 
6.261373937393739 7.753736740201744e-18 
6.2623738373837385 7.750047452001681e-18 
6.263373737373738 7.746360500144849e-18 
6.264373637363736 7.742675882785114e-18 
6.265373537353735 7.738993598078077e-18 
6.266373437343734 7.735313644181096e-18 
6.2673733373337335 7.731636019253271e-18 
6.268373237323733 7.727960721455439e-18 
6.269373137313732 7.724287748950183e-18 
6.27037303730373 7.720617099901821e-18 
6.271372937293729 7.716948772476402e-18 
6.272372837283728 7.713282764841716e-18 
6.273372737273728 7.709619075167282e-18 
6.274372637263727 7.705957701624349e-18 
6.275372537253725 7.7022986423859e-18 
6.276372437243724 7.69864189562663e-18 
6.277372337233723 7.694987459522972e-18 
6.2783722372237225 7.691335332253078e-18 
6.279372137213722 7.68768551199682e-18 
6.28037203720372 7.684037996935792e-18 
6.281371937193719 7.680392785253294e-18 
6.282371837183718 7.67674987513435e-18 
6.283371737173717 7.673109264765701e-18 
6.284371637163717 7.66947095233579e-18 
6.285371537153716 7.665834936034772e-18 
6.286371437143714 7.662201214054515e-18 
6.287371337133713 7.658569784588585e-18 
6.288371237123712 7.654940645832257e-18 
6.2893711371137115 7.651313795982503e-18 
6.290371037103711 7.647689233237998e-18 
6.291370937093709 7.644066955799122e-18 
6.292370837083708 7.640446961867934e-18 
6.293370737073707 7.636829249648203e-18 
6.2943706370637065 7.63321381734538e-18 
6.295370537053706 7.62960066316662e-18 
6.296370437043705 7.625989785320755e-18 
6.297370337033703 7.62238118201831e-18 
6.298370237023702 7.618774851471486e-18 
6.299370137013701 7.615170791894176e-18 
6.300370037003701 7.611569001501954e-18 
6.3013699369937 7.607969478512072e-18 
6.302369836983698 7.604372221143464e-18 
6.303369736973697 7.600777227616726e-18 
6.304369636963696 7.597184496154143e-18 
6.3053695369536955 7.593594024979667e-18 
6.306369436943695 7.590005812318916e-18 
6.307369336933693 7.58641985639919e-18 
6.308369236923692 7.582836155449437e-18 
6.309369136913691 7.579254707700282e-18 
6.31036903690369 7.575675511384014e-18 
6.31136893689369 7.572098564734573e-18 
6.312368836883689 7.568523865987571e-18 
6.313368736873687 7.564951413380274e-18 
6.314368636863686 7.561381205151594e-18 
6.315368536853685 7.557813239542108e-18 
6.3163684368436845 7.554247514794042e-18 
6.317368336833684 7.550684029151273e-18 
6.318368236823682 7.547122780859328e-18 
6.319368136813681 7.543563768165369e-18 
6.32036803680368 7.540006989318224e-18 
6.3213679367936795 7.536452442568346e-18 
6.322367836783679 7.532900126167838e-18 
6.323367736773678 7.529350038370442e-18 
6.324367636763676 7.525802177431537e-18 
6.325367536753675 7.522256541608133e-18 
6.326367436743674 7.518713129158881e-18 
6.327367336733674 7.515171938344063e-18 
6.328367236723673 7.511632967425593e-18 
6.329367136713671 7.508096214667008e-18 
6.33036703670367 7.504561678333479e-18 
6.331366936693669 7.501029356691795e-18 
6.3323668366836685 7.497499248010375e-18 
6.333366736673668 7.493971350559259e-18 
6.334366636663666 7.490445662610108e-18 
6.335366536653665 7.486922182436188e-18 
6.336366436643664 7.483400908312405e-18 
6.337366336633663 7.479881838515259e-18 
6.338366236623663 7.476364971322872e-18 
6.339366136613662 7.472850305014979e-18 
6.34036603660366 7.469337837872924e-18 
6.341365936593659 7.465827568179649e-18 
6.342365836583658 7.46231949421971e-18 
6.3433657365736575 7.458813614279271e-18 
6.344365636563657 7.455309926646091e-18 
6.345365536553655 7.451808429609541e-18 
6.346365436543654 7.44830912146057e-18 
6.347365336533653 7.44481200049174e-18 
6.3483652365236525 7.441317064997205e-18 
6.349365136513652 7.43782431327272e-18 
6.350365036503651 7.434333743615617e-18 
6.351364936493649 7.430845354324834e-18 
6.352364836483648 7.427359143700882e-18 
6.353364736473647 7.423875110045869e-18 
6.354364636463647 7.420393251663486e-18 
6.355364536453646 7.41691356685901e-18 
6.356364436443644 7.413436053939295e-18 
6.357364336433643 7.409960711212776e-18 
6.358364236423642 7.406487536989463e-18 
6.3593641364136415 7.403016529580951e-18 
6.360364036403641 7.399547687300408e-18 
6.361363936393639 7.396081008462567e-18 
6.362363836383638 7.392616491383738e-18 
6.363363736373637 7.389154134381802e-18 
6.3643636363636364 7.385693935776207e-18 
6.365363536353636 7.382235893887964e-18 
6.366363436343635 7.378780007039652e-18 
6.367363336333633 7.375326273555414e-18 
6.368363236323632 7.371874691760947e-18 
6.369363136313631 7.368425259983517e-18 
6.3703630363036305 7.364977976551942e-18 
6.37136293629363 7.361532839796597e-18 
6.372362836283628 7.358089848049416e-18 
6.373362736273627 7.354648999643874e-18 
6.374362636263626 7.351210292915007e-18 
6.3753625362536255 7.347773726199401e-18 
6.376362436243625 7.344339297835182e-18 
6.377362336233624 7.340907006162027e-18 
6.378362236223622 7.337476849521165e-18 
6.379362136213621 7.33404882625535e-18 
6.38036203620362 7.33062293470889e-18 
6.38136193619362 7.327199173227625e-18 
6.382361836183619 7.323777540158943e-18 
6.383361736173617 7.32035803385176e-18 
6.384361636163616 7.316940652656519e-18 
6.385361536153615 7.313525394925217e-18 
6.3863614361436145 7.310112259011358e-18 
6.387361336133614 7.306701243269996e-18 
6.388361236123612 7.3032923460577e-18 
6.389361136113611 7.299885565732565e-18 
6.39036103610361 7.296480900654215e-18 
6.3913609360936094 7.293078349183798e-18 
6.392360836083609 7.289677909683978e-18 
6.393360736073608 7.286279580518943e-18 
6.394360636063606 7.282883360054397e-18 
6.395360536053605 7.279489246657556e-18 
6.396360436043604 7.27609723869716e-18 
6.3973603360336035 7.27270733454345e-18 
6.398360236023603 7.26931953256819e-18 
6.399360136013601 7.265933831144648e-18 
6.4003600360036 7.262550228647595e-18 
6.401359935993599 7.259168723453318e-18 
6.4023598359835985 7.255789313939602e-18 
6.403359735973598 7.252411998485737e-18 
6.404359635963597 7.24903677547252e-18 
6.405359535953595 7.245663643282238e-18 
6.406359435943594 7.24229260029868e-18 
6.407359335933593 7.238923644907133e-18 
6.408359235923593 7.235556775494383e-18 
6.409359135913592 7.2321919904487e-18 
6.41035903590359 7.228829288159855e-18 
6.411358935893589 7.225468667019099e-18 
6.412358835883588 7.222110125419183e-18 
6.4133587358735875 7.218753661754336e-18 
6.414358635863587 7.215399274420279e-18 
6.415358535853585 7.212046961814217e-18 
6.416358435843584 7.208696722334823e-18 
6.417358335833583 7.205348554382267e-18 
6.4183582358235824 7.202002456358197e-18 
6.419358135813582 7.198658426665724e-18 
6.420358035803581 7.195316463709455e-18 
6.421357935793579 7.191976565895454e-18 
6.422357835783578 7.188638731631266e-18 
6.423357735773577 7.185302959325906e-18 
6.4243576357635765 7.181969247389859e-18 
6.425357535753576 7.178637594235073e-18 
6.426357435743574 7.175307998274974e-18 
6.427357335733573 7.171980457924435e-18 
6.428357235723572 7.168654971599809e-18 
6.4293571357135715 7.165331537718896e-18 
6.430357035703571 7.162010154700974e-18 
6.43135693569357 7.158690820966762e-18 
6.432356835683568 7.155373534938447e-18 
6.433356735673567 7.152058295039662e-18 
6.434356635663566 7.148745099695501e-18 
6.435356535653566 7.145433947332508e-18 
6.436356435643565 7.142124836378679e-18 
6.437356335633563 7.13881776526346e-18 
6.438356235623562 7.135512732417734e-18 
6.439356135613561 7.132209736273847e-18 
6.4403560356035605 7.128908775265576e-18 
6.44135593559356 7.125609847828146e-18 
6.442355835583558 7.122312952398228e-18 
6.443355735573557 7.119018087413915e-18 
6.444355635563556 7.115725251314762e-18 
6.4453555355535554 7.112434442541748e-18 
6.446355435543555 7.10914565953728e-18 
6.447355335533554 7.105858900745217e-18 
6.448355235523552 7.102574164610842e-18 
6.449355135513551 7.099291449580856e-18 
6.45035503550355 7.096010754103405e-18 
6.4513549354935495 7.092732076628057e-18 
6.452354835483549 7.089455415605807e-18 
6.453354735473547 7.086180769489075e-18 
6.454354635463546 7.082908136731692e-18 
6.455354535453545 7.079637515788935e-18 
6.4563544354435445 7.076368905117476e-18 
6.457354335433544 7.073102303175421e-18 
6.458354235423543 7.069837708422288e-18 
6.459354135413541 7.066575119319009e-18 
6.46035403540354 7.063314534327926e-18 
6.461353935393539 7.060055951912803e-18 
6.462353835383539 7.056799370538806e-18 
6.463353735373538 7.053544788672516e-18 
6.464353635363536 7.050292204781923e-18 
6.465353535353535 7.047041617336413e-18 
6.466353435343534 7.043793024806788e-18 
6.4673533353335335 7.040546425665243e-18 
6.468353235323533 7.037301818385386e-18 
6.469353135313531 7.034059201442222e-18 
6.47035303530353 7.030818573312143e-18 
6.471352935293529 7.027579932472953e-18 
6.4723528352835284 7.024343277403849e-18 
6.473352735273528 7.021108606585413e-18 
6.474352635263527 7.01787591849963e-18 
6.475352535253525 7.014645211629874e-18 
6.476352435243524 7.011416484460904e-18 
6.477352335233523 7.008189735478871e-18 
6.4783522352235225 7.004964963171313e-18 
6.479352135213522 7.00174216602715e-18 
6.48035203520352 6.998521342536696e-18 
6.481351935193519 6.995302491191634e-18 
6.482351835183518 6.992085610485033e-18 
6.4833517351735175 6.988870698911345e-18 
6.484351635163517 6.985657754966394e-18 
6.485351535153515 6.982446777147391e-18 
6.486351435143514 6.979237763952907e-18 
6.487351335133513 6.976030713882894e-18 
6.488351235123512 6.972825625438681e-18 
6.489351135113512 6.96962249712296e-18 
6.490351035103511 6.9664213274398e-18 
6.491350935093509 6.963222114894627e-18 
6.492350835083508 6.960024857994241e-18 
6.493350735073507 6.956829555246806e-18 
6.4943506350635065 6.953636205161848e-18 
6.495350535053506 6.950444806250254e-18 
6.496350435043504 6.947255357024274e-18 
6.497350335033503 6.944067855997516e-18 
6.498350235023502 6.940882301684943e-18 
6.4993501350135015 6.937698692602877e-18 
6.500350035003501 6.934517027268996e-18 
6.5013499349935 6.931337304202325e-18 
6.502349834983498 6.928159521923254e-18 
6.503349734973497 6.9249836789535024e-18 
6.504349634963496 6.9218097738161574e-18 
6.5053495349534955 6.918637805035645e-18 
6.506349434943495 6.9154677711377404e-18 
6.507349334933493 6.9122996706495635e-18 
6.508349234923492 6.909133502099571e-18 
6.509349134913491 6.90596926401757e-18 
6.5103490349034905 6.902806954934703e-18 
6.51134893489349 6.8996465733834524e-18 
6.512348834883488 6.896488117897642e-18 
6.513348734873487 6.893331587012422e-18 
6.514348634863486 6.890176979264287e-18 
6.515348534853485 6.887024293191059e-18 
6.516348434843485 6.883873527331896e-18 
6.517348334833484 6.8807246802272834e-18 
6.518348234823482 6.877577750419039e-18 
6.519348134813481 6.8744327364503024e-18 
6.52034803480348 6.871289636865544e-18 
6.5213479347934795 6.868148450210558e-18 
6.522347834783479 6.86500917503246e-18 
6.523347734773477 6.861871809879696e-18 
6.524347634763476 6.858736353302017e-18 
6.525347534753475 6.855602803850505e-18 
6.5263474347434745 6.852471160077558e-18 
6.527347334733474 6.84934142053689e-18 
6.528347234723473 6.846213583783529e-18 
6.529347134713471 6.8430876483738164e-18 
6.53034703470347 6.839963612865404e-18 
6.531346934693469 6.836841475817259e-18 
6.5323468346834686 6.833721235789653e-18 
6.533346734673468 6.8306028913441715e-18 
6.534346634663466 6.827486441043705e-18 
6.535346534653465 6.824371883452443e-18 
6.536346434643464 6.8212592171358855e-18 
6.5373463346334635 6.8181484406608305e-18 
6.538346234623463 6.815039552595384e-18 
6.539346134613461 6.81193255150895e-18 
6.54034603460346 6.80882743597222e-18 
6.541345934593459 6.805724204557194e-18 
6.542345834583458 6.8026228558371686e-18 
6.543345734573458 6.799523388386727e-18 
6.544345634563457 6.7964258007817495e-18 
6.545345534553455 6.793330091599409e-18 
6.546345434543454 6.7902362594181656e-18 
6.547345334533453 6.7871443028177685e-18 
6.5483452345234525 6.784054220379255e-18 
6.549345134513452 6.780966010684952e-18 
6.55034503450345 6.777879672318469e-18 
6.551344934493449 6.774795203864691e-18 
6.552344834483448 6.771712603909798e-18 
6.5533447344734475 6.768631871041242e-18 
6.554344634463447 6.765553003847759e-18 
6.555344534453446 6.76247600091936e-18 
6.556344434443444 6.759400860847334e-18 
6.557344334433443 6.756327582224242e-18 
6.558344234423442 6.753256163643925e-18 
6.5593441344134416 6.7501866037014915e-18 
6.560344034403441 6.7471189009933234e-18 
6.561343934393439 6.744053054117077e-18 
6.562343834383438 6.740989061671662e-18 
6.563343734373437 6.737926922257274e-18 
6.5643436343634365 6.734866634475365e-18 
6.565343534353436 6.73180819692865e-18 
6.566343434343434 6.728751608221113e-18 
6.567343334333433 6.7256968669579954e-18 
6.568343234323432 6.7226439717458e-18 
6.569343134313431 6.7195929211922875e-18 
6.570343034303431 6.716543713906485e-18 
6.57134293429343 6.713496348498666e-18 
6.572342834283428 6.710450823580364e-18 
6.573342734273427 6.707407137764361e-18 
6.574342634263426 6.704365289664701e-18 
6.5753425342534255 6.701325277896672e-18 
6.576342434243425 6.698287101076818e-18 
6.577342334233423 6.695250757822926e-18 
6.578342234223422 6.69221624675403e-18 
6.579342134213421 6.689183566490414e-18 
6.5803420342034205 6.686152715653606e-18 
6.58134193419342 6.683123692866378e-18 
6.582341834183419 6.68009649675274e-18 
6.583341734173417 6.67707112593795e-18 
6.584341634163416 6.674047579048497e-18 
6.585341534153415 6.6710258547121134e-18 
6.5863414341434146 6.668005951557769e-18 
6.587341334133414 6.664987868215665e-18 
6.588341234123412 6.661971603317247e-18 
6.589341134113411 6.6589571554951756e-18 
6.59034103410341 6.655944523383362e-18 
6.5913409340934095 6.652933705616936e-18 
6.592340834083409 6.6499247008322644e-18 
6.593340734073407 6.646917507666936e-18 
6.594340634063406 6.643912124759764e-18 
6.595340534053405 6.6409085507507966e-18 
6.596340434043404 6.637906784281297e-18 
6.597340334033404 6.634906823993754e-18 
6.598340234023403 6.631908668531883e-18 
6.599340134013401 6.6289123165406115e-18 
6.6003400340034 6.6259177666660884e-18 
6.601339933993399 6.622925017555681e-18 
6.6023398339833985 6.619934067857975e-18 
6.603339733973398 6.616944916222769e-18 
6.604339633963396 6.613957561301076e-18 
6.605339533953395 6.610972001745121e-18 
6.606339433943394 6.607988236208336e-18 
6.6073393339333935 6.605006263345373e-18 
6.608339233923393 6.602026081812084e-18 
6.609339133913392 6.5990476902655335e-18 
6.61033903390339 6.596071087363991e-18 
6.611338933893389 6.5930962717669256e-18 
6.612338833883388 6.590123242135018e-18 
6.6133387338733876 6.587151997130146e-18 
6.614338633863387 6.584182535415393e-18 
6.615338533853385 6.5812148556550386e-18 
6.616338433843384 6.578248956514563e-18 
6.617338333833383 6.575284836660638e-18 
6.6183382338233825 6.572322494761144e-18 
6.619338133813382 6.569361929485143e-18 
6.62033803380338 6.5664031395029e-18 
6.621337933793379 6.563446123485869e-18 
6.622337833783378 6.56049088010669e-18 
6.623337733773377 6.557537408039202e-18 
6.624337633763377 6.554585705958429e-18 
6.625337533753376 6.55163577254058e-18 
6.626337433743374 6.548687606463055e-18 
6.627337333733373 6.545741206404432e-18 
6.628337233723372 6.542796571044478e-18 
6.6293371337133715 6.5398536990641434e-18 
6.630337033703371 6.536912589145554e-18 
6.631336933693369 6.5339732399720245e-18 
6.632336833683368 6.531035650228038e-18 
6.633336733673367 6.528099818599263e-18 
6.6343366336633665 6.525165743772539e-18 
6.635336533653366 6.522233424435887e-18 
6.636336433643365 6.5193028592784956e-18 
6.637336333633363 6.516374046990731e-18 
6.638336233623362 6.5134469862641225e-18 
6.639336133613361 6.510521675791381e-18 
6.6403360336033606 6.507598114266379e-18 
6.64133593359336 6.5046763003841564e-18 
6.642335833583358 6.5017562328409284e-18 
6.643335733573357 6.498837910334061e-18 
6.644335633563356 6.495921331562097e-18 
6.6453355335533555 6.4930064952247345e-18 
6.646335433543355 6.490093400022836e-18 
6.647335333533353 6.487182044658433e-18 
6.648335233523352 6.484272427834694e-18 
6.649335133513351 6.481364548255969e-18 
6.65033503350335 6.478458404627752e-18 
6.65133493349335 6.475553995656697e-18 
6.652334833483349 6.472651320050611e-18 
6.653334733473347 6.4697503765184565e-18 
6.654334633463346 6.466851163770343e-18 
6.655334533453345 6.463953680517536e-18 
6.6563344334433445 6.4610579254724514e-18 
6.657334333433344 6.458163897348645e-18 
6.658334233423342 6.4552715948608334e-18 
6.659334133413341 6.452381016724864e-18 
6.66033403340334 6.44949216165774e-18 
6.6613339333933395 6.446605028377608e-18 
6.662333833383339 6.443719615603752e-18 
6.663333733373338 6.440835922056596e-18 
6.664333633363336 6.437953946457717e-18 
6.665333533353335 6.435073687529812e-18 
6.666333433343334 6.43219514399673e-18 
6.667333333333334 6.429318314583454e-18 
6.668333233323333 6.4264431980160955e-18 
6.669333133313331 6.423569793021914e-18 
6.67033303330333 6.420698098329284e-18 
6.671332933293329 6.417828112667724e-18 
6.6723328332833285 6.414959834767882e-18 
6.673332733273328 6.412093263361533e-18 
6.674332633263326 6.409228397181586e-18 
6.675332533253325 6.406365234962067e-18 
6.676332433243324 6.403503775438134e-18 
6.677332333233323 6.40064401734607e-18 
6.678332233223323 6.3977859594232844e-18 
6.679332133213322 6.394929600408304e-18 
6.68033203320332 6.3920749390407804e-18 
6.681331933193319 6.389221974061482e-18 
6.682331833183318 6.386370704212298e-18 
6.6833317331733175 6.383521128236238e-18 
6.684331633163317 6.380673244877424e-18 
6.685331533153315 6.377827052881102e-18 
6.686331433143314 6.374982550993617e-18 
6.687331333133313 6.372139737962441e-18 
6.6883312331233125 6.369298612536155e-18 
6.689331133113312 6.366459173464445e-18 
6.690331033103311 6.363621419498116e-18 
6.691330933093309 6.3607853493890785e-18 
6.692330833083308 6.357950961890344e-18 
6.693330733073307 6.3551182557560385e-18 
6.694330633063307 6.35228722974139e-18 
6.695330533053306 6.34945788260273e-18 
6.696330433043304 6.3466302130975e-18 
6.697330333033303 6.343804219984226e-18 
6.698330233023302 6.3409799020225536e-18 
6.6993301330133015 6.338157257973219e-18 
6.700330033003301 6.335336286598058e-18 
6.701329932993299 6.3325169866600056e-18 
6.702329832983298 6.329699356923089e-18 
6.703329732973297 6.3268833961524316e-18 
6.704329632963296 6.324069103114254e-18 
6.705329532953296 6.321256476575863e-18 
6.706329432943295 6.318445515305668e-18 
6.707329332933293 6.3156362180731615e-18 
6.708329232923292 6.312828583648921e-18 
6.709329132913291 6.31002261080462e-18 
6.7103290329032905 6.3072182983130156e-18 
6.71132893289329 6.304415644947953e-18 
6.712328832883288 6.301614649484364e-18 
6.713328732873287 6.298815310698254e-18 
6.714328632863286 6.296017627366725e-18 
6.7153285328532855 6.29322159826795e-18 
6.716328432843285 6.290427222181187e-18 
6.717328332833284 6.287634497886774e-18 
6.718328232823282 6.28484342416613e-18 
6.719328132813281 6.282053999801737e-18 
6.72032803280328 6.27926622357717e-18 
6.72132793279328 6.276480094277071e-18 
6.722327832783279 6.273695610687155e-18 
6.723327732773277 6.270912771594215e-18 
6.724327632763276 6.268131575786109e-18 
6.725327532753275 6.265352022051766e-18 
6.7263274327432745 6.26257410918119e-18 
6.727327332733274 6.259797835965449e-18 
6.728327232723272 6.2570232011966815e-18 
6.729327132713271 6.254250203668086e-18 
6.73032703270327 6.251478842173932e-18 
6.731326932693269 6.24870911550955e-18 
6.732326832683269 6.2459410224713354e-18 
6.733326732673268 6.243174561856739e-18 
6.734326632663266 6.240409732464284e-18 
6.735326532653265 6.237646533093541e-18 
6.736326432643264 6.234884962545146e-18 
6.7373263326332635 6.232125019620788e-18 
6.738326232623263 6.229366703123217e-18 
6.739326132613261 6.22661001185624e-18 
6.74032603260326 6.2238549446247055e-18 
6.741325932593259 6.2211015002345274e-18 
6.7423258325832585 6.218349677492668e-18 
6.743325732573258 6.215599475207141e-18 
6.744325632563257 6.212850892187006e-18 
6.745325532553255 6.210103927242379e-18 
6.746325432543254 6.207358579184411e-18 
6.747325332533253 6.204614846825314e-18 
6.748325232523253 6.201872728978336e-18 
6.749325132513252 6.199132224457772e-18 
6.75032503250325 6.196393332078966e-18 
6.751324932493249 6.193656050658291e-18 
6.752324832483248 6.190920379013171e-18 
6.7533247324732475 6.1881863159620684e-18 
6.754324632463247 6.185453860324487e-18 
6.755324532453245 6.1827230109209655e-18 
6.756324432443244 6.179993766573076e-18 
6.757324332433243 6.1772661261034315e-18 
6.758324232423242 6.1745400883356815e-18 
6.759324132413242 6.171815652094504e-18 
6.760324032403241 6.169092816205612e-18 
6.761323932393239 6.166371579495754e-18 
6.762323832383238 6.1636519407927005e-18 
6.763323732373237 6.160933898925258e-18 
6.7643236323632365 6.158217452723259e-18 
6.765323532353236 6.155502601017566e-18 
6.766323432343234 6.152789342640068e-18 
6.767323332333233 6.1500776764236704e-18 
6.768323232323232 6.147367601202317e-18 
6.7693231323132315 6.144659115810964e-18 
6.770323032303231 6.1419522190855934e-18 
6.77132293229323 6.139246909863208e-18 
6.772322832283228 6.1365431869818355e-18 
6.773322732273227 6.13384104928051e-18 
6.774322632263226 6.131140495599299e-18 
6.775322532253226 6.1284415247792776e-18 
6.776322432243225 6.125744135662538e-18 
6.777322332233223 6.1230483270921904e-18 
6.778322232223222 6.120354097912353e-18 
6.779322132213221 6.117661446968161e-18 
6.7803220322032205 6.114970373105762e-18 
6.78132193219322 6.112280875172317e-18 
6.782321832183218 6.1095929520159875e-18 
6.783321732173217 6.106906602485951e-18 
6.784321632163216 6.104221825432391e-18 
6.785321532153215 6.101538619706495e-18 
6.786321432143215 6.098856984160464e-18 
6.787321332133214 6.096176917647492e-18 
6.788321232123212 6.093498419021789e-18 
6.789321132113211 6.0908214871385515e-18 
6.79032103210321 6.088146120853996e-18 
6.7913209320932095 6.085472319025327e-18 
6.792320832083209 6.082800080510754e-18 
6.793320732073207 6.080129404169483e-18 
6.794320632063206 6.077460288861714e-18 
6.795320532053205 6.074792733448648e-18 
6.7963204320432045 6.072126736792482e-18 
6.797320332033204 6.069462297756407e-18 
6.798320232023202 6.066799415204603e-18 
6.799320132013201 6.064138088002246e-18 
6.8003200320032 6.061478315015502e-18 
6.801319931993199 6.05882009511153e-18 
6.802319831983199 6.056163427158476e-18 
6.803319731973198 6.0535083100254736e-18 
6.804319631963196 6.05085474258265e-18 
6.805319531953195 6.048202723701106e-18 
6.806319431943194 6.045552252252937e-18 
6.8073193319331935 6.042903327111224e-18 
6.808319231923193 6.040255947150027e-18 
6.809319131913191 6.037610111244392e-18 
6.81031903190319 6.034965818270339e-18 
6.811318931893189 6.0323230671048776e-18 
6.812318831883188 6.029681856625991e-18 
6.813318731873188 6.0270421857126404e-18 
6.814318631863187 6.024404053244768e-18 
6.815318531853185 6.021767458103294e-18 
6.816318431843184 6.0191323991701034e-18 
6.817318331833183 6.016498875328065e-18 
6.8183182318231825 6.0138668854610196e-18 
6.819318131813182 6.011236428453782e-18 
6.82031803180318 6.008607503192131e-18 
6.821317931793179 6.005980108562822e-18 
6.822317831783178 6.003354243453578e-18 
6.8233177317731775 6.000729906753091e-18 
6.824317631763177 5.998107097351022e-18 
6.825317531753175 5.995485814137997e-18 
6.826317431743174 5.9928660560056025e-18 
6.827317331733173 5.990247821846397e-18 
6.828317231723172 5.987631110553903e-18 
6.829317131713172 5.9850159210225965e-18 
6.830317031703171 5.982402252147928e-18 
6.831316931693169 5.979790102826296e-18 
6.832316831683168 5.9771794719550666e-18 
6.833316731673167 5.974570358432558e-18 
6.8343166316631665 5.9719627611580565e-18 
6.835316531653166 5.969356679031796e-18 
6.836316431643164 5.966752110954971e-18 
6.837316331633163 5.964149055829725e-18 
6.838316231623162 5.961547512559161e-18 
6.839316131613161 5.9589474800473356e-18 
6.840316031603161 5.9563489571992496e-18 
6.84131593159316 5.953751942920865e-18 
6.842315831583158 5.95115643611909e-18 
6.843315731573157 5.948562435701772e-18 
6.844315631563156 5.945969940577722e-18 
6.8453155315531555 5.943378949656689e-18 
6.846315431543155 5.9407894618493706e-18 
6.847315331533153 5.938201476067411e-18 
6.848315231523152 5.935614991223392e-18 
6.849315131513151 5.933030006230848e-18 
6.8503150315031505 5.930446520004248e-18 
6.85131493149315 5.9278645314590074e-18 
6.852314831483148 5.925284039511483e-18 
6.853314731473147 5.922705043078962e-18 
6.854314631463146 5.920127541079681e-18 
6.855314531453145 5.917551532432805e-18 
6.856314431443145 5.9149770160584464e-18 
6.857314331433144 5.912403990877641e-18 
6.858314231423142 5.909832455812371e-18 
6.859314131413141 5.9072624097855425e-18 
6.86031403140314 5.904693851720999e-18 
6.8613139313931395 5.902126780543518e-18 
6.862313831383139 5.899561195178803e-18 
6.863313731373137 5.896997094553495e-18 
6.864313631363136 5.8944344775951525e-18 
6.865313531353135 5.891873343232272e-18 
6.866313431343134 5.889313690394273e-18 
6.867313331333134 5.8867555180115036e-18 
6.868313231323133 5.884198825015235e-18 
6.869313131313131 5.881643610337668e-18 
6.87031303130313 5.879089872911915e-18 
6.871312931293129 5.876537611672026e-18 
6.8723128312831285 5.873986825552958e-18 
6.873312731273128 5.871437513490603e-18 
6.874312631263126 5.8688896744217616e-18 
6.875312531253125 5.8663433072841594e-18 
6.876312431243124 5.8637984110164355e-18 
6.8773123312331235 5.861254984558149e-18 
6.878312231223123 5.858713026849777e-18 
6.879312131213121 5.856172536832707e-18 
6.88031203120312 5.853633513449243e-18 
6.881311931193119 5.8510959556426025e-18 
6.882311831183118 5.848559862356912e-18 
6.883311731173118 5.84602523253722e-18 
6.884311631163117 5.8434920651294724e-18 
6.885311531153115 5.840960359080533e-18 
6.886311431143114 5.838430113338168e-18 
6.887311331133113 5.835901326851061e-18 
6.8883112311231125 5.833373998568792e-18 
6.889311131113112 5.830848127441854e-18 
6.89031103110311 5.8283237124216436e-18 
6.891310931093109 5.825800752460457e-18 
6.892310831083108 5.823279246511499e-18 
6.893310731073107 5.8207591935288776e-18 
6.894310631063107 5.818240592467599e-18 
6.895310531053106 5.815723442283567e-18 
6.896310431043104 5.813207741933596e-18 
6.897310331033103 5.810693490375386e-18 
6.898310231023102 5.808180686567539e-18 
6.8993101310131015 5.8056693294695624e-18 
6.900310031003101 5.803159418041849e-18 
6.901309930993099 5.800650951245692e-18 
6.902309830983098 5.798143928043276e-18 
6.903309730973097 5.795638347397681e-18 
6.9043096309630965 5.793134208272879e-18 
6.905309530953096 5.790631509633734e-18 
6.906309430943094 5.788130250446002e-18 
6.907309330933093 5.785630429676321e-18 
6.908309230923092 5.783132046292229e-18 
6.909309130913091 5.780635099262145e-18 
6.910309030903091 5.778139587555376e-18 
6.91130893089309 5.775645510142116e-18 
6.912308830883088 5.773152865993447e-18 
6.913308730873087 5.7706616540813304e-18 
6.914308630863086 5.768171873378612e-18 
6.9153085308530855 5.765683522859024e-18 
6.916308430843085 5.763196601497178e-18 
6.917308330833083 5.760711108268567e-18 
6.918308230823082 5.758227042149561e-18 
6.919308130813081 5.755744402117415e-18 
6.92030803080308 5.753263187150257e-18 
6.92130793079308 5.750783396227092e-18 
6.922307830783079 5.748305028327809e-18 
6.923307730773077 5.745828082433169e-18 
6.924307630763076 5.743352557524799e-18 
6.925307530753075 5.7408784525852084e-18 
6.9263074307430745 5.738405766597782e-18 
6.927307330733074 5.735934498546769e-18 
6.928307230723072 5.733464647417299e-18 
6.929307130713071 5.730996212195364e-18 
6.93030703070307 5.728529191867826e-18 
6.9313069306930695 5.7260635854224194e-18 
6.932306830683069 5.723599391847747e-18 
6.933306730673067 5.721136610133278e-18 
6.934306630663066 5.718675239269337e-18 
6.935306530653065 5.7162152782471326e-18 
6.936306430643064 5.713756726058723e-18 
6.937306330633064 5.7112995816970354e-18 
6.938306230623063 5.70884384415586e-18 
6.939306130613061 5.706389512429849e-18 
6.94030603060306 5.70393658551451e-18 
6.941305930593059 5.7014850624062166e-18 
6.9423058305830585 5.699034942102202e-18 
6.943305730573058 5.696586223600552e-18 
6.944305630563056 5.694138905900218e-18 
6.945305530553055 5.691692988000999e-18 
6.946305430543054 5.6892484689035576e-18 
6.947305330533053 5.6868053476094e-18 
6.948305230523053 5.684363623120902e-18 
6.949305130513052 5.681923294441281e-18 
6.95030503050305 5.679484360574615e-18 
6.951304930493049 5.6770468205258226e-18 
6.952304830483048 5.674610673300681e-18 
6.9533047304730475 5.672175917905816e-18 
6.954304630463047 5.669742553348703e-18 
6.955304530453045 5.667310578637665e-18 
6.956304430443044 5.664879992781869e-18 
6.957304330433043 5.662450794791331e-18 
6.9583042304230425 5.660022983676912e-18 
6.959304130413042 5.6575965584503206e-18 
6.96030403040304 5.655171518124107e-18 
6.961303930393039 5.652747861711664e-18 
6.962303830383038 5.6503255882272226e-18 
6.963303730373037 5.6479046966858636e-18 
6.964303630363037 5.645485186103503e-18 
6.965303530353036 5.6430670554969e-18 
6.966303430343034 5.6406503038836476e-18 
6.967303330333033 5.638234930282179e-18 
6.968303230323032 5.635820933711768e-18 
6.9693031303130315 5.633408313192521e-18 
6.970303030303031 5.6309970677453764e-18 
6.971302930293029 5.628587196392121e-18 
6.972302830283028 5.6261786981553565e-18 
6.973302730273027 5.623771572058531e-18 
6.974302630263026 5.621365817125923e-18 
6.975302530253026 5.6189614323826375e-18 
6.976302430243025 5.616558416854617e-18 
6.977302330233023 5.614156769568628e-18 
6.978302230223022 5.6117564895522654e-18 
6.979302130213021 5.609357575833956e-18 
6.9803020302030205 5.606960027442952e-18 
6.98130193019302 5.604563843409334e-18 
6.982301830183018 5.602169022764007e-18 
6.983301730173017 5.599775564538699e-18 
6.984301630163016 5.5973834677659604e-18 
6.9853015301530155 5.594992731479174e-18 
6.986301430143015 5.592603354712535e-18 
6.987301330133013 5.5902153365010646e-18 
6.988301230123012 5.587828675880603e-18 
6.989301130113011 5.585443371887813e-18 
6.99030103010301 5.583059423560175e-18 
6.99130093009301 5.580676829935986e-18 
6.992300830083009 5.578295590054362e-18 
6.993300730073007 5.57591570295524e-18 
6.994300630063006 5.573537167679363e-18 
6.995300530053005 5.571159983268295e-18 
6.9963004300430045 5.568784148764418e-18 
6.997300330033004 5.5664096632109185e-18 
6.998300230023002 5.564036525651809e-18 
6.999300130013001 5.561664735131894e-18 
7.000300030003 5.559294290696806e-18 
7.001299929992999 5.556925191392983e-18 
7.002299829982999 5.554557436267668e-18 
7.003299729972998 5.5521910243689204e-18 
7.004299629962996 5.549825954745602e-18 
7.005299529952995 5.5474622264473785e-18 
7.006299429942994 5.54509983852473e-18 
7.0072993299329935 5.542738790028937e-18 
7.008299229922993 5.5403790800120874e-18 
7.009299129912991 5.538020707527072e-18 
7.01029902990299 5.535663671627578e-18 
7.011298929892989 5.533307971368108e-18 
7.0122988298829885 5.530953605803954e-18 
7.013298729872988 5.5286005739912145e-18 
7.014298629862986 5.526248874986791e-18 
7.015298529852985 5.523898507848373e-18 
7.016298429842984 5.5215494716344615e-18 
7.017298329832983 5.519201765404343e-18 
7.018298229822983 5.516855388218111e-18 
7.019298129812982 5.514510339136652e-18 
7.02029802980298 5.512166617221643e-18 
7.021297929792979 5.509824221535559e-18 
7.022297829782978 5.507483151141665e-18 
7.0232977297729775 5.505143405104027e-18 
7.024297629762977 5.502804982487497e-18 
7.025297529752975 5.500467882357719e-18 
7.026297429742974 5.498132103781126e-18 
7.027297329732973 5.495797645824942e-18 
7.028297229722972 5.4934645075571824e-18 
7.029297129712972 5.491132688046648e-18 
7.030297029702971 5.488802186362928e-18 
7.031296929692969 5.486473001576399e-18 
7.032296829682968 5.484145132758216e-18 
7.033296729672967 5.481818578980331e-18 
7.0342966296629665 5.479493339315471e-18 
7.035296529652966 5.477169412837152e-18 
7.036296429642964 5.474846798619673e-18 
7.037296329632963 5.472525495738107e-18 
7.038296229622962 5.470205503268316e-18 
7.0392961296129615 5.467886820286942e-18 
7.040296029602961 5.465569445871403e-18 
7.041295929592959 5.463253379099899e-18 
7.042295829582958 5.460938619051405e-18 
7.043295729572957 5.458625164805674e-18 
7.044295629562956 5.4563130154432386e-18 
7.045295529552956 5.4540021700454055e-18 
7.046295429542955 5.451692627694255e-18 
7.047295329532953 5.449384387472646e-18 
7.048295229522952 5.447077448464203e-18 
7.049295129512951 5.4447718097533324e-18 
7.0502950295029505 5.442467470425203e-18 
7.05129492949295 5.440164429565764e-18 
7.052294829482948 5.437862686261736e-18 
7.053294729472947 5.435562239600594e-18 
7.054294629462946 5.433263088670598e-18 
7.055294529452945 5.4309652325607716e-18 
7.056294429442945 5.428668670360903e-18 
7.057294329432944 5.426373401161551e-18 
7.058294229422942 5.424079424054038e-18 
7.059294129412941 5.42178673813045e-18 
7.06029402940294 5.419495342483643e-18 
7.0612939293929395 5.4172052362072286e-18 
7.062293829382939 5.414916418395592e-18 
7.063293729372937 5.412628888143872e-18 
7.064293629362936 5.4103426445479684e-18 
7.065293529352935 5.4080576867045496e-18 
7.0662934293429345 5.405774013711034e-18 
7.067293329332934 5.4034916246656095e-18 
7.068293229322932 5.401210518667218e-18 
7.069293129312931 5.3989306948155526e-18 
7.07029302930293 5.396652152211075e-18 
7.071292929292929 5.394374889954994e-18 
7.072292829282929 5.3920989071492785e-18 
7.073292729272928 5.389824202896653e-18 
7.074292629262926 5.3875507763005936e-18 
7.075292529252925 5.385278626465325e-18 
7.076292429242924 5.383007752495838e-18 
7.0772923292329235 5.380738153497862e-18 
7.078292229222923 5.3784698285778825e-18 
7.079292129212921 5.376202776843139e-18 
7.08029202920292 5.37393699740161e-18 
7.081291929192919 5.3716724893620374e-18 
7.082291829182918 5.369409251833898e-18 
7.083291729172918 5.3671472839274255e-18 
7.084291629162917 5.364886584753593e-18 
7.085291529152915 5.362627153424129e-18 
7.086291429142914 5.3603689890514936e-18 
7.087291329132913 5.358112090748902e-18 
7.0882912291229125 5.355856457630312e-18 
7.089291129112912 5.353602088810423e-18 
7.09029102910291 5.3513489834046755e-18 
7.091290929092909 5.34909714052925e-18 
7.092290829082908 5.346846559301074e-18 
7.0932907290729075 5.344597238837809e-18 
7.094290629062907 5.3423491782578615e-18 
7.095290529052905 5.340102376680371e-18 
7.096290429042904 5.337856833225219e-18 
7.097290329032903 5.335612547013023e-18 
7.098290229022902 5.333369517165134e-18 
7.099290129012902 5.331127742803645e-18 
7.100290029002901 5.328887223051382e-18 
7.101289928992899 5.326647957031902e-18 
7.102289828982898 5.324409943869497e-18 
7.103289728972897 5.322173182689197e-18 
7.1042896289628965 5.319937672616757e-18 
7.105289528952896 5.317703412778667e-18 
7.106289428942894 5.31547040230215e-18 
7.107289328932893 5.313238640315153e-18 
7.108289228922892 5.3110081259463594e-18 
7.109289128912891 5.308778858325174e-18 
7.110289028902891 5.306550836581736e-18 
7.111288928892889 5.3043240598469135e-18 
7.112288828882888 5.3020985272522905e-18 
7.113288728872887 5.2998742379301844e-18 
7.114288628862886 5.297651191013641e-18 
7.1152885288528855 5.295429385636421e-18 
7.116288428842885 5.293208820933018e-18 
7.117288328832883 5.2909894960386436e-18 
7.118288228822882 5.288771410089231e-18 
7.119288128812881 5.28655456222144e-18 
7.1202880288028805 5.2843389515726455e-18 
7.12128792879288 5.2821245772809475e-18 
7.122287828782878 5.279911438485165e-18 
7.123287728772877 5.2776995343248274e-18 
7.124287628762876 5.275488863940193e-18 
7.125287528752875 5.273279426472236e-18 
7.126287428742875 5.271071221062641e-18 
7.127287328732874 5.268864246853815e-18 
7.128287228722872 5.266658502988877e-18 
7.129287128712871 5.264453988611659e-18 
7.13028702870287 5.262250702866713e-18 
7.1312869286928695 5.260048644899298e-18 
7.132286828682869 5.257847813855389e-18 
7.133286728672867 5.255648208881675e-18 
7.134286628662866 5.2534498291255484e-18 
7.135286528652865 5.251252673735116e-18 
7.136286428642864 5.249056741859202e-18 
7.137286328632864 5.2468620326473254e-18 
7.138286228622862 5.24466854524973e-18 
7.139286128612861 5.2424762788173486e-18 
7.14028602860286 5.240285232501836e-18 
7.141285928592859 5.2380954054555495e-18 
7.1422858285828585 5.235906796831548e-18 
7.143285728572858 5.2337194057835994e-18 
7.144285628562856 5.231533231466176e-18 
7.145285528552855 5.229348273034449e-18 
7.146285428542854 5.2271645296442995e-18 
7.1472853285328535 5.224982000452305e-18 
7.148285228522853 5.222800684615749e-18 
7.149285128512851 5.220620581292614e-18 
7.15028502850285 5.218441689641579e-18 
7.151284928492849 5.2162640088220275e-18 
7.152284828482848 5.214087537994042e-18 
7.153284728472848 5.211912276318401e-18 
7.154284628462847 5.209738222956579e-18 
7.155284528452845 5.207565377070755e-18 
7.156284428442844 5.205393737823793e-18 
7.157284328432843 5.2032233043792575e-18 
7.1582842284228425 5.201054075901412e-18 
7.159284128412842 5.198886051555208e-18 
7.16028402840284 5.196719230506297e-18 
7.161283928392839 5.194553611921016e-18 
7.162283828382838 5.192389194966397e-18 
7.1632837283728374 5.190225978810162e-18 
7.164283628362837 5.1880639626207304e-18 
7.165283528352835 5.185903145567205e-18 
7.166283428342834 5.183743526819378e-18 
7.167283328332833 5.1815851055477354e-18 
7.168283228322832 5.179427880923445e-18 
7.1692831283128315 5.177271852118368e-18 
7.170283028302831 5.175117018305048e-18 
7.171282928292829 5.17296337865672e-18 
7.172282828282828 5.170810932347297e-18 
7.173282728272827 5.1686596785513795e-18 
7.1742826282628265 5.1665096164442576e-18 
7.175282528252826 5.164360745201897e-18 
7.176282428242824 5.162213064000954e-18 
7.177282328232823 5.160066572018759e-18 
7.178282228222822 5.157921268433329e-18 
7.179282128212821 5.15577715242336e-18 
7.180282028202821 5.153634223168229e-18 
7.18128192819282 5.151492479847993e-18 
7.182281828182818 5.14935192164339e-18 
7.183281728172817 5.1472125477358276e-18 
7.184281628162816 5.1450743573073996e-18 
7.1852815281528155 5.142937349540873e-18 
7.186281428142815 5.140801523619695e-18 
7.187281328132813 5.138666878727984e-18 
7.188281228122812 5.1365334140505315e-18 
7.189281128112811 5.1344011287728095e-18 
7.1902810281028104 5.132270022080958e-18 
7.19128092809281 5.130140093161797e-18 
7.192280828082808 5.128011341202813e-18 
7.193280728072807 5.125883765392163e-18 
7.194280628062806 5.12375736491868e-18 
7.195280528052805 5.121632138971864e-18 
7.1962804280428045 5.119508086741888e-18 
7.197280328032804 5.11738520741959e-18 
7.198280228022802 5.115263500196481e-18 
7.199280128012801 5.113142964264735e-18 
7.2002800280028 5.111023598817196e-18 
7.2012799279927995 5.108905403047377e-18 
7.202279827982799 5.106788376149449e-18 
7.203279727972797 5.1046725173182585e-18 
7.204279627962796 5.102557825749308e-18 
7.205279527952795 5.100444300638768e-18 
7.206279427942794 5.098331941183472e-18 
7.207279327932794 5.096220746580917e-18 
7.208279227922793 5.09411071602926e-18 
7.209279127912791 5.0920018487273234e-18 
7.21027902790279 5.0898941438745835e-18 
7.211278927892789 5.0877876006711815e-18 
7.2122788278827885 5.08568221831792e-18 
7.213278727872788 5.083577996016256e-18 
7.214278627862786 5.081474932968309e-18 
7.215278527852785 5.079373028376849e-18 
7.216278427842784 5.077272281445312e-18 
7.2172783278327834 5.075172691377786e-18 
7.218278227822783 5.073074257379014e-18 
7.219278127812781 5.070976978654397e-18 
7.22027802780278 5.0688808544099846e-18 
7.221277927792779 5.066785883852487e-18 
7.222277827782778 5.064692066189266e-18 
7.2232777277727775 5.062599400628332e-18 
7.224277627762777 5.060507886378352e-18 
7.225277527752775 5.058417522648644e-18 
7.226277427742774 5.056328308649173e-18 
7.227277327732773 5.054240243590556e-18 
7.2282772277227725 5.052153326684062e-18 
7.229277127712772 5.0500675571416045e-18 
7.23027702770277 5.047982934175753e-18 
7.231276927692769 5.045899456999713e-18 
7.232276827682768 5.043817124827345e-18 
7.233276727672767 5.041735936873154e-18 
7.234276627662767 5.0396558923522914e-18 
7.235276527652766 5.037576990480555e-18 
7.236276427642764 5.035499230474382e-18 
7.237276327632763 5.033422611550858e-18 
7.238276227622762 5.0313471329277115e-18 
7.2392761276127615 5.029272793823311e-18 
7.240276027602761 5.0271995934566696e-18 
7.241275927592759 5.025127531047444e-18 
7.242275827582758 5.023056605815923e-18 
7.243275727572757 5.0209868169830465e-18 
7.2442756275627564 5.018918163770385e-18 
7.245275527552756 5.016850645400156e-18 
7.246275427542754 5.0147842610952116e-18 
7.247275327532753 5.012719010079036e-18 
7.248275227522752 5.010654891575761e-18 
7.249275127512751 5.0085919048101465e-18 
7.2502750275027505 5.0065300490075934e-18 
7.25127492749275 5.004469323394137e-18 
7.252274827482748 5.002409727196447e-18 
7.253274727472747 5.000351259641825e-18 
7.254274627462746 4.998293919958207e-18 
7.2552745274527455 4.996237707374166e-18 
7.256274427442745 4.994182621118902e-18 
7.257274327432743 4.992128660422252e-18 
7.258274227422742 4.990075824514676e-18 
7.259274127412741 4.9880241126272705e-18 
7.26027402740274 4.9859735239917655e-18 
7.26127392739274 4.983924057840511e-18 
7.262273827382739 4.98187571340649e-18 
7.263273727372737 4.979828489923319e-18 
7.264273627362736 4.977782386625231e-18 
7.265273527352735 4.975737402747096e-18 
7.2662734273427345 4.973693537524403e-18 
7.267273327332734 4.971650790193272e-18 
7.268273227322732 4.969609159990447e-18 
7.269273127312731 4.967568646153291e-18 
7.27027302730273 4.965529247919799e-18 
7.2712729272927294 4.9634909645285824e-18 
7.272272827282729 4.961453795218883e-18 
7.273272727272727 4.959417739230559e-18 
7.274272627262726 4.9573827958040874e-18 
7.275272527252725 4.955348964180576e-18 
7.276272427242724 4.953316243601742e-18 
7.2772723272327235 4.95128463330993e-18 
7.278272227222723 4.949254132548101e-18 
7.279272127212721 4.947224740559836e-18 
7.28027202720272 4.945196456589331e-18 
7.281271927192719 4.943169279881402e-18 
7.2822718271827185 4.941143209681479e-18 
7.283271727172718 4.939118245235614e-18 
7.284271627162716 4.937094385790469e-18 
7.285271527152715 4.935071630593324e-18 
7.286271427142714 4.93304997889207e-18 
7.287271327132713 4.931029429935215e-18 
7.288271227122713 4.929009982971882e-18 
7.289271127112712 4.926991637251801e-18 
7.29027102710271 4.924974392025322e-18 
7.291270927092709 4.922958246543398e-18 
7.292270827082708 4.920943200057599e-18 
7.2932707270727075 4.918929251820101e-18 
7.294270627062707 4.916916401083695e-18 
7.295270527052705 4.914904647101779e-18 
7.296270427042704 4.912893989128356e-18 
7.297270327032703 4.910884426418043e-18 
7.2982702270227024 4.908875958226059e-18 
7.299270127012702 4.906868583808235e-18 
7.3002700270027 4.904862302421006e-18 
7.301269926992699 4.902857113321412e-18 
7.302269826982698 4.900853015767097e-18 
7.303269726972697 4.898850009016315e-18 
7.3042696269626965 4.896848092327919e-18 
7.305269526952696 4.8948472649613664e-18 
7.306269426942694 4.892847526176721e-18 
7.307269326932693 4.890848875234644e-18 
7.308269226922692 4.888851311396398e-18 
7.3092691269126915 4.886854833923855e-18 
7.310269026902691 4.8848594420794756e-18 
7.311268926892689 4.882865135126333e-18 
7.312268826882688 4.8808719123280896e-18 
7.313268726872687 4.8788797729490104e-18 
7.314268626862686 4.876888716253963e-18 
7.315268526852686 4.874898741508404e-18 
7.316268426842685 4.872909847978397e-18 
7.317268326832683 4.8709220349305945e-18 
7.318268226822682 4.868935301632247e-18 
7.319268126812681 4.866949647351203e-18 
7.3202680268026805 4.864965071355904e-18 
7.32126792679268 4.8629815729153865e-18 
7.322267826782678 4.860999151299282e-18 
7.323267726772677 4.859017805777811e-18 
7.324267626762676 4.85703753562179e-18 
7.3252675267526755 4.855058340102628e-18 
7.326267426742675 4.853080218492327e-18 
7.327267326732673 4.851103170063476e-18 
7.328267226722672 4.849127194089254e-18 
7.329267126712671 4.847152289843436e-18 
7.33026702670267 4.845178456600379e-18 
7.3312669266926695 4.843205693635034e-18 
7.332266826682669 4.841234000222941e-18 
7.333266726672667 4.839263375640222e-18 
7.334266626662666 4.837293819163591e-18 
7.335266526652665 4.835325330070345e-18 
7.3362664266426645 4.833357907638371e-18 
7.337266326632664 4.831391551146137e-18 
7.338266226622662 4.8294262598727034e-18 
7.339266126612661 4.827462033097704e-18 
7.34026602660266 4.825498870101364e-18 
7.341265926592659 4.823536770164493e-18 
7.342265826582659 4.821575732568476e-18 
7.343265726572658 4.819615756595288e-18 
7.344265626562656 4.817656841527481e-18 
7.345265526552655 4.81569898664819e-18 
7.346265426542654 4.813742191241127e-18 
7.3472653265326535 4.81178645459059e-18 
7.348265226522653 4.809831775981452e-18 
7.349265126512651 4.807878154699167e-18 
7.35026502650265 4.805925590029762e-18 
7.351264926492649 4.8039740812598504e-18 
7.3522648264826485 4.802023627676617e-18 
7.353264726472648 4.800074228567825e-18 
7.354264626462646 4.798125883221816e-18 
7.355264526452645 4.796178590927498e-18 
7.356264426442644 4.794232350974366e-18 
7.357264326432643 4.792287162652483e-18 
7.3582642264226426 4.790343025252487e-18 
7.359264126412642 4.7883999380655896e-18 
7.36026402640264 4.786457900383579e-18 
7.361263926392639 4.784516911498807e-18 
7.362263826382638 4.782576970704203e-18 
7.3632637263726375 4.780638077293267e-18 
7.364263626362637 4.778700230560072e-18 
7.365263526352635 4.7767634297992596e-18 
7.366263426342634 4.774827674306037e-18 
7.367263326332633 4.772892963376185e-18 
7.368263226322632 4.770959296306052e-18 
7.369263126312632 4.769026672392555e-18 
7.370263026302631 4.7670950909331775e-18 
7.371262926292629 4.765164551225971e-18 
7.372262826282628 4.763235052569551e-18 
7.373262726272627 4.761306594263102e-18 
7.3742626262626265 4.759379175606372e-18 
7.375262526252626 4.757452795899675e-18 
7.376262426242624 4.75552745444389e-18 
7.377262326232623 4.753603150540458e-18 
7.378262226222622 4.75167988349138e-18 
7.3792621262126215 4.749757652599229e-18 
7.380262026202621 4.747836457167131e-18 
7.381261926192619 4.74591629649878e-18 
7.382261826182618 4.743997169898428e-18 
7.383261726172617 4.7420790766708865e-18 
7.384261626162616 4.740162016121532e-18 
7.3852615261526156 4.738245987556293e-18 
7.386261426142615 4.736330990281667e-18 
7.387261326132613 4.734417023604702e-18 
7.388261226122612 4.732504086833005e-18 
7.389261126112611 4.730592179274743e-18 
7.3902610261026105 4.728681300238638e-18 
7.39126092609261 4.726771449033972e-18 
7.392260826082608 4.724862624970581e-18 
7.393260726072607 4.722954827358849e-18 
7.394260626062606 4.7210480555097285e-18 
7.395260526052605 4.719142308734717e-18 
7.396260426042605 4.717237586345867e-18 
7.397260326032604 4.7153338876557865e-18 
7.398260226022602 4.713431211977637e-18 
7.399260126012601 4.7115295586251274e-18 
7.4002600260026 4.7096289269125244e-18 
7.4012599259925995 4.707729316154641e-18 
7.402259825982599 4.7058307256668435e-18 
7.403259725972597 4.70393315476505e-18 
7.404259625962596 4.702036602765722e-18 
7.405259525952595 4.7001410689858786e-18 
7.4062594259425945 4.69824655274308e-18 
7.407259325932594 4.696353053355439e-18 
7.408259225922592 4.69446057014162e-18 
7.409259125912591 4.692569102420819e-18 
7.41025902590259 4.690678649512797e-18 
7.411258925892589 4.688789210737849e-18 
7.4122588258825886 4.686900785416824e-18 
7.413258725872588 4.6850133728711074e-18 
7.414258625862586 4.683126972422639e-18 
7.415258525852585 4.681241583393892e-18 
7.416258425842584 4.67935720510789e-18 
7.4172583258325835 4.677473836888197e-18 
7.418258225822583 4.675591478058923e-18 
7.419258125812581 4.673710127944718e-18 
7.42025802580258 4.67182978587077e-18 
7.421257925792579 4.6699504511628124e-18 
7.422257825782578 4.668072123147118e-18 
7.423257725772578 4.6661948011505004e-18 
7.424257625762576 4.6643184845003116e-18 
7.425257525752575 4.662443172524441e-18 
7.426257425742574 4.66056886455132e-18 
7.427257325732573 4.658695559909915e-18 
7.4282572257225725 4.656823257929731e-18 
7.429257125712572 4.654951957940811e-18 
7.43025702570257 4.6530816592737355e-18 
7.431256925692569 4.651212361259616e-18 
7.432256825682568 4.6493440632301025e-18 
7.4332567256725675 4.647476764517381e-18 
7.434256625662567 4.645610464454172e-18 
7.435256525652565 4.6437451623737305e-18 
7.436256425642564 4.641880857609838e-18 
7.437256325632563 4.6400175494968185e-18 
7.438256225622562 4.638155237369523e-18 
7.4392561256125616 4.636293920563338e-18 
7.440256025602561 4.634433598414178e-18 
7.441255925592559 4.632574270258491e-18 
7.442255825582558 4.6307159354332535e-18 
7.443255725572557 4.628858593275973e-18 
7.4442556255625565 4.627002243124687e-18 
7.445255525552556 4.625146884317962e-18 
7.446255425542554 4.623292516194894e-18 
7.447255325532553 4.621439138095102e-18 
7.448255225522552 4.619586749358739e-18 
7.449255125512551 4.6177353493264825e-18 
7.450255025502551 4.615884937339534e-18 
7.451254925492549 4.6140355127396274e-18 
7.452254825482548 4.6121870748690145e-18 
7.453254725472547 4.610339623070477e-18 
7.454254625462546 4.608493156687321e-18 
7.4552545254525455 4.606647675063377e-18 
7.456254425442545 4.604803177542995e-18 
7.457254325432543 4.602959663471056e-18 
7.458254225422542 4.601117132192955e-18 
7.459254125412541 4.599275583054614e-18 
7.4602540254025405 4.597435015402474e-18 
7.46125392539254 4.5955954285835035e-18 
7.462253825382538 4.593756821945186e-18 
7.463253725372537 4.591919194835523e-18 
7.464253625362536 4.590082546603042e-18 
7.465253525352535 4.5882468765967854e-18 
7.4662534253425346 4.586412184166318e-18 
7.467253325332534 4.584578468661722e-18 
7.468253225322532 4.582745729433596e-18 
7.469253125312531 4.580913965833053e-18 
7.47025302530253 4.579083177211727e-18 
7.4712529252925295 4.57725336292177e-18 
7.472252825282529 4.575424522315846e-18 
7.473252725272527 4.573596654747139e-18 
7.474252625262526 4.57176975956934e-18 
7.475252525252525 4.569943836136661e-18 
7.476252425242524 4.568118883803828e-18 
7.477252325232524 4.566294901926079e-18 
7.478252225222522 4.564471889859165e-18 
7.479252125212521 4.5626498469593475e-18 
7.48025202520252 4.5608287725834035e-18 
7.481251925192519 4.55900866608862e-18 
7.4822518251825185 4.557189526832794e-18 
7.483251725172518 4.555371354174237e-18 
7.484251625162516 4.55355414747177e-18 
7.485251525152515 4.551737906084719e-18 
7.486251425142514 4.549922629372922e-18 
7.4872513251325135 4.5481083166967265e-18 
7.488251225122513 4.54629496741699e-18 
7.489251125112511 4.544482580895075e-18 
7.49025102510251 4.542671156492849e-18 
7.491250925092509 4.540860693572692e-18 
7.492250825082508 4.53905119149749e-18 
7.493250725072508 4.53724264963063e-18 
7.494250625062507 4.535435067336008e-18 
7.495250525052505 4.5336284439780254e-18 
7.496250425042504 4.531822778921586e-18 
7.497250325032503 4.5300180715321006e-18 
7.4982502250225025 4.528214321175481e-18 
7.499250125012502 4.526411527218141e-18 
7.5002500250025 4.524609689027005e-18 
7.501249924992499 4.522808805969488e-18 
7.502249824982498 4.5210088774135155e-18 
7.503249724972497 4.51920990272751e-18 
7.504249624962497 4.517411881280398e-18 
7.505249524952495 4.515614812441605e-18 
7.506249424942494 4.5138186955810555e-18 
7.507249324932493 4.512023530069171e-18 
7.508249224922492 4.510229315276879e-18 
7.5092491249124915 4.508436050575599e-18 
7.510249024902491 4.506643735337254e-18 
7.511248924892489 4.504852368934261e-18 
7.512248824882488 4.503061950739532e-18 
7.513248724872487 4.501272480126483e-18 
7.5142486248624865 4.499483956469018e-18 
7.515248524852486 4.497696379141543e-18 
7.516248424842484 4.495909747518958e-18 
7.517248324832483 4.4941240609766535e-18 
7.518248224822482 4.4923393188905196e-18 
7.519248124812481 4.490555520636939e-18 
7.520248024802481 4.488772665592786e-18 
7.52124792479248 4.48699075313543e-18 
7.522247824782478 4.485209782642736e-18 
7.523247724772477 4.483429753493051e-18 
7.524247624762476 4.4816506650652225e-18 
7.5252475247524755 4.479872516738589e-18 
7.526247424742475 4.4780953078929754e-18 
7.527247324732473 4.476319037908702e-18 
7.528247224722472 4.474543706166574e-18 
7.529247124712471 4.4727693120478874e-18 
7.53024702470247 4.47099585493443e-18 
7.53124692469247 4.469223334208473e-18 
7.532246824682468 4.467451749252784e-18 
7.533246724672467 4.465681099450609e-18 
7.534246624662466 4.4639113841856846e-18 
7.535246524652465 4.4621426028422366e-18 
7.5362464246424645 4.460374754804974e-18 
7.537246324632464 4.458607839459094e-18 
7.538246224622462 4.456841856190279e-18 
7.539246124612461 4.4550768043846914e-18 
7.54024602460246 4.453312683428984e-18 
7.5412459245924595 4.451549492710292e-18 
7.542245824582459 4.449787231616234e-18 
7.543245724572457 4.448025899534913e-18 
7.544245624562456 4.4462654958549095e-18 
7.545245524552455 4.444506019965291e-18 
7.546245424542454 4.442747471255608e-18 
7.547245324532454 4.440989849115889e-18 
7.548245224522453 4.439233152936646e-18 
7.549245124512451 4.437477382108868e-18 
7.55024502450245 4.4357225360240266e-18 
7.551244924492449 4.433968614074074e-18 
7.5522448244824485 4.432215615651438e-18 
7.553244724472448 4.430463540149029e-18 
7.554244624462446 4.428712386960235e-18 
7.555244524452445 4.42696215547892e-18 
7.556244424442444 4.425212845099424e-18 
7.557244324432443 4.423464455216569e-18 
7.558244224422443 4.421716985225651e-18 
7.559244124412441 4.419970434522441e-18 
7.56024402440244 4.418224802503185e-18 
7.561243924392439 4.416480088564609e-18 
7.562243824382438 4.4147362921039075e-18 
7.5632437243724375 4.412993412518754e-18 
7.564243624362437 4.411251449207295e-18 
7.565243524352435 4.409510401568151e-18 
7.566243424342434 4.4077702690004106e-18 
7.567243324332433 4.406031050903641e-18 
7.5682432243224325 4.4042927466778785e-18 
7.569243124312432 4.402555355723634e-18 
7.57024302430243 4.400818877441888e-18 
7.571242924292429 4.399083311234088e-18 
7.572242824282428 4.3973486565021596e-18 
7.573242724272427 4.3956149126484924e-18 
7.574242624262427 4.393882079075948e-18 
7.575242524252426 4.392150155187858e-18 
7.576242424242424 4.390419140388021e-18 
7.577242324232423 4.388689034080704e-18 
7.578242224222422 4.386959835670643e-18 
7.5792421242124215 4.3852315445630395e-18 
7.580242024202421 4.3835041601635645e-18 
7.581241924192419 4.381777681878356e-18 
7.582241824182418 4.380052109114013e-18 
7.583241724172417 4.378327441277607e-18 
7.584241624162416 4.37660367777667e-18 
7.585241524152416 4.374880818019202e-18 
7.586241424142414 4.373158861413665e-18 
7.587241324132413 4.371437807368985e-18 
7.588241224122412 4.369717655294555e-18 
7.589241124112411 4.3679984046002275e-18 
7.5902410241024105 4.36628005469632e-18 
7.59124092409241 4.364562604993611e-18 
7.592240824082408 4.362846054903343e-18 
7.593240724072407 4.361130403837216e-18 
7.594240624062406 4.359415651207394e-18 
7.5952405240524055 4.3577017964265025e-18 
7.596240424042405 4.355988838907625e-18 
7.597240324032403 4.3542767780643085e-18 
7.598240224022402 4.3525656133105515e-18 
7.599240124012401 4.350855344060821e-18 
7.6002400240024 4.349145969730035e-18 
7.6012399239924 4.347437489733575e-18 
7.602239823982399 4.3457299034872785e-18 
7.603239723972397 4.344023210407441e-18 
7.604239623962396 4.342317409910809e-18 
7.605239523952395 4.340612501414594e-18 
7.6062394239423945 4.338908484336459e-18 
7.607239323932394 4.3372053580945234e-18 
7.608239223922392 4.335503122107364e-18 
7.609239123912391 4.3338017757940055e-18 
7.61023902390239 4.332101318573935e-18 
7.611238923892389 4.330401749867092e-18 
7.612238823882389 4.328703069093863e-18 
7.613238723872387 4.327005275675099e-18 
7.614238623862386 4.325308369032092e-18 
7.615238523852385 4.3236123485865955e-18 
7.616238423842384 4.321917213760807e-18 
7.6172383238323835 4.320222963977382e-18 
7.618238223822383 4.318529598659427e-18 
7.619238123812381 4.316837117230495e-18 
7.62023802380238 4.315145519114589e-18 
7.621237923792379 4.313454803736167e-18 
7.6222378237823785 4.3117649705201314e-18 
7.623237723772378 4.3100760188918375e-18 
7.624237623762376 4.308387948277087e-18 
7.625237523752375 4.30670075810213e-18 
7.626237423742374 4.305014447793664e-18 
7.627237323732373 4.303329016778836e-18 
7.628237223722373 4.3016444644852395e-18 
7.629237123712372 4.299960790340912e-18 
7.63023702370237 4.298277993774341e-18 
7.631236923692369 4.296596074214455e-18 
7.632236823682368 4.294915031090632e-18 
7.6332367236723675 4.293234863832693e-18 
7.634236623662367 4.291555571870906e-18 
7.635236523652365 4.289877154635982e-18 
7.636236423642364 4.288199611559072e-18 
7.637236323632363 4.286522942071775e-18 
7.638236223622362 4.284847145606131e-18 
7.639236123612362 4.283172221594625e-18 
7.64023602360236 4.281498169470181e-18 
7.641235923592359 4.2798249886661645e-18 
7.642235823582358 4.2781526786163854e-18 
7.643235723572357 4.2764812387550935e-18 
7.6442356235623565 4.2748106685169766e-18 
7.645235523552356 4.273140967337169e-18 
7.646235423542354 4.271472134651238e-18 
7.647235323532353 4.26980416989519e-18 
7.648235223522352 4.268137072505475e-18 
7.6492351235123515 4.2664708419189806e-18 
7.650235023502351 4.264805477573031e-18 
7.651234923492349 4.263140978905391e-18 
7.652234823482348 4.261477345354258e-18 
7.653234723472347 4.259814576358267e-18 
7.654234623462346 4.258152671356495e-18 
7.655234523452346 4.2564916297884505e-18 
7.656234423442345 4.2548314510940805e-18 
7.657234323432343 4.253172134713765e-18 
7.658234223422342 4.251513680088316e-18 
7.659234123412341 4.2498560866589904e-18 
7.6602340234023405 4.248199353867468e-18 
7.66123392339234 4.2465434811558695e-18 
7.662233823382338 4.244888467966748e-18 
7.663233723372337 4.2432343137430855e-18 
7.664233623362336 4.2415810179283014e-18 
7.665233523352335 4.239928579966245e-18 
7.666233423342335 4.238276999301198e-18 
7.667233323332333 4.236626275377874e-18 
7.668233223322332 4.234976407641419e-18 
7.669233123312331 4.233327395537403e-18 
7.67023302330233 4.231679238511835e-18 
7.6712329232923295 4.23003193601115e-18 
7.672232823282329 4.228385487482212e-18 
7.673232723272327 4.2267398923723145e-18 
7.674232623262326 4.2250951501291805e-18 
7.675232523252325 4.223451260200959e-18 
7.6762324232423245 4.2218082220362325e-18 
7.677232323232324 4.220166035084004e-18 
7.678232223222322 4.2185246987937115e-18 
7.679232123212321 4.21688421261521e-18 
7.68023202320232 4.215244575998789e-18 
7.681231923192319 4.2136057883951625e-18 
7.682231823182319 4.211967849255467e-18 
7.683231723172318 4.210330758031267e-18 
7.684231623162316 4.208694514174553e-18 
7.685231523152315 4.207059117137736e-18 
7.686231423142314 4.2054245663736545e-18 
7.6872313231323135 4.203790861335567e-18 
7.688231223122313 4.2021580014771624e-18 
7.689231123112311 4.2005259862525454e-18 
7.69023102310231 4.1988948151162445e-18 
7.691230923092309 4.1972644875232145e-18 
7.692230823082308 4.1956350029288296e-18 
7.693230723072308 4.194006360788882e-18 
7.694230623062306 4.192378560559593e-18 
7.695230523052305 4.190751601697596e-18 
7.696230423042304 4.189125483659949e-18 
7.697230323032303 4.187500205904132e-18 
7.6982302230223025 4.1858757678880374e-18 
7.699230123012302 4.184252169069987e-18 
7.7002300230023 4.1826294089087135e-18 
7.701229922992299 4.181007486863369e-18 
7.702229822982298 4.179386402393525e-18 
7.7032297229722975 4.1777661549591715e-18 
7.704229622962297 4.176146744020715e-18 
7.705229522952295 4.17452816903898e-18 
7.706229422942294 4.172910429475204e-18 
7.707229322932293 4.171293524791043e-18 
7.708229222922292 4.16967745444857e-18 
7.709229122912292 4.168062217910273e-18 
7.710229022902291 4.166447814639051e-18 
7.711228922892289 4.164834244098227e-18 
7.712228822882288 4.163221505751525e-18 
7.713228722872287 4.161609599063094e-18 
7.7142286228622865 4.159998523497492e-18 
7.715228522852286 4.1583882785196915e-18 
7.716228422842284 4.1567788635950776e-18 
7.717228322832283 4.155170278189445e-18 
7.718228222822282 4.153562521769005e-18 
7.719228122812281 4.1519555938003765e-18 
7.720228022802281 4.150349493750593e-18 
7.721227922792279 4.1487442210871e-18 
7.722227822782278 4.147139775277747e-18 
7.723227722772277 4.145536155790799e-18 
7.724227622762276 4.14393336209493e-18 
7.7252275227522755 4.1423313936592234e-18 
7.726227422742275 4.140730249953174e-18 
7.727227322732273 4.13912993044668e-18 
7.728227222722272 4.137530434610051e-18 
7.729227122712271 4.1359317619140045e-18 
7.7302270227022705 4.134333911829667e-18 
7.73122692269227 4.132736883828569e-18 
7.732226822682268 4.131140677382651e-18 
7.733226722672267 4.129545291964261e-18 
7.734226622662266 4.127950727046147e-18 
7.735226522652265 4.1263569821014695e-18 
7.736226422642265 4.1247640566037895e-18 
7.737226322632263 4.123171950027079e-18 
7.738226222622262 4.121580661845708e-18 
7.739226122612261 4.1199901915344555e-18 
7.74022602260226 4.1184005385685014e-18 
7.7412259225922595 4.1168117024234325e-18 
7.742225822582259 4.115223682575237e-18 
7.743225722572257 4.1136364785003064e-18 
7.744225622562256 4.112050089675433e-18 
7.745225522552255 4.110464515577816e-18 
7.746225422542254 4.108879755685049e-18 
7.747225322532254 4.1072958094751355e-18 
7.748225222522252 4.105712676426475e-18 
7.749225122512251 4.1041303560178665e-18 
7.75022502250225 4.102548847728513e-18 
7.751224922492249 4.100968151038017e-18 
7.7522248224822485 4.09938826542638e-18 
7.753224722472248 4.0978091903740005e-18 
7.754224622462246 4.096230925361683e-18 
7.755224522452245 4.09465346987062e-18 
7.756224422442244 4.093076823382411e-18 
7.7572243224322435 4.09150098537905e-18 
7.758224222422243 4.0899259553429275e-18 
7.759224122412241 4.088351732756837e-18 
7.76022402240224 4.08677831710396e-18 
7.761223922392239 4.0852057078678815e-18 
7.762223822382238 4.0836339045325786e-18 
7.763223722372238 4.0820629065824256e-18 
7.764223622362236 4.0804927135021955e-18 
7.765223522352235 4.078923324777048e-18 
7.766223422342234 4.077354739892545e-18 
7.767223322332233 4.075786958334642e-18 
7.7682232223222325 4.074219979589684e-18 
7.769223122312232 4.072653803144415e-18 
7.77022302230223 4.07108842848597e-18 
7.771222922292229 4.0695238551018745e-18 
7.772222822282228 4.067960082480049e-18 
7.773222722272227 4.066397110108808e-18 
7.774222622262227 4.064834937476855e-18 
7.775222522252225 4.063273564073288e-18 
7.776222422242224 4.0617129893875886e-18 
7.777222322232223 4.060153212909641e-18 
7.778222222222222 4.058594234129713e-18 
7.7792221222122215 4.0570360525384585e-18 
7.780222022202221 4.0554786676269306e-18 
7.781221922192219 4.053922078886569e-18 
7.782221822182218 4.0523662858091945e-18 
7.783221722172217 4.050811287887027e-18 
7.7842216221622165 4.049257084612671e-18 
7.785221522152216 4.047703675479118e-18 
7.786221422142214 4.046151059979749e-18 
7.787221322132213 4.04459923760833e-18 
7.788221222122212 4.043048207859016e-18 
7.789221122112211 4.041497970226347e-18 
7.790221022102211 4.039948524205254e-18 
7.791220922092209 4.038399869291048e-18 
7.792220822082208 4.036852004979428e-18 
7.793220722072207 4.0353049307664796e-18 
7.794220622062206 4.03375864614867e-18 
7.7952205220522055 4.032213150622856e-18 
7.796220422042205 4.030668443686274e-18 
7.797220322032203 4.02912452483655e-18 
7.798220222022202 4.027581393571685e-18 
7.799220122012201 4.0260390493900684e-18 
7.8002200220022 4.0244974917904764e-18 
7.8012199219922 4.02295672027206e-18 
7.802219821982198 4.02141673433436e-18 
7.803219721972197 4.0198775334772915e-18 
7.804219621962196 4.018339117201154e-18 
7.805219521952195 4.0168014850066324e-18 
7.8062194219421945 4.015264636394786e-18 
7.807219321932194 4.013728570867061e-18 
7.808219221922192 4.01219328792528e-18 
7.809219121912191 4.010658787071643e-18 
7.81021902190219 4.009125067808736e-18 
7.8112189218921895 4.007592129639517e-18 
7.812218821882189 4.0060599720673306e-18 
7.813218721872187 4.0045285945958954e-18 
7.814218621862186 4.002997996729307e-18 
7.815218521852185 4.001468177972039e-18 
7.816218421842184 3.999939137828948e-18 
7.817218321832184 3.99841087580526e-18 
7.818218221822182 3.996883391406587e-18 
7.819218121812181 3.9953566841389046e-18 
7.82021802180218 3.993830753508578e-18 
7.821217921792179 3.99230559902234e-18 
7.8222178217821785 3.9907812201873015e-18 
7.823217721772178 3.989257616510951e-18 
7.824217621762176 3.987734787501147e-18 
7.825217521752175 3.9862127326661205e-18 
7.826217421742174 3.9846914515144875e-18 
7.827217321732173 3.983170943555227e-18 
7.828217221722173 3.981651208297699e-18 
7.829217121712171 3.9801322452516314e-18 
7.83021702170217 3.978614053927126e-18 
7.831216921692169 3.97709663383466e-18 
7.832216821682168 3.9755799844850785e-18 
7.8332167216721675 3.974064105389604e-18 
7.834216621662167 3.972548996059823e-18 
7.835216521652165 3.971034656007703e-18 
7.836216421642164 3.969521084745573e-18 
7.837216321632163 3.968008281786136e-18 
7.8382162216221625 3.966496246642467e-18 
7.839216121612162 3.964984978828009e-18 
7.84021602160216 3.963474477856578e-18 
7.841215921592159 3.961964743242351e-18 
7.842215821582158 3.960455774499883e-18 
7.843215721572157 3.958947571144093e-18 
7.844215621562157 3.957440132690267e-18 
7.845215521552155 3.9559334586540656e-18 
7.846215421542154 3.9544275485515075e-18 
7.847215321532153 3.952922401898985e-18 
7.848215221522152 3.951418018213257e-18 
7.8492151215121515 3.949914397011447e-18 
7.850215021502151 3.948411537811045e-18 
7.851214921492149 3.946909440129911e-18 
7.852214821482148 3.945408103486263e-18 
7.853214721472147 3.94390752739869e-18 
7.854214621462146 3.942407711386146e-18 
7.855214521452146 3.9409086549679485e-18 
7.856214421442144 3.939410357663778e-18 
7.857214321432143 3.937912818993679e-18 
7.858214221422142 3.9364160384780634e-18 
7.859214121412141 3.934920015637704e-18 
7.8602140214021405 3.933424749993734e-18 
7.86121392139214 3.9319302410676564e-18 
7.862213821382138 3.930436488381331e-18 
7.863213721372137 3.928943491456977e-18 
7.864213621362136 3.9274512498171834e-18 
7.8652135213521355 3.925959762984896e-18 
7.866213421342135 3.924469030483423e-18 
7.867213321332133 3.922979051836434e-18 
7.868213221322132 3.921489826567954e-18 
7.869213121312131 3.9200013542023754e-18 
7.87021302130213 3.918513634264446e-18 
7.87121292129213 3.917026666279275e-18 
7.872212821282128 3.9155404497723325e-18 
7.873212721272127 3.914054984269443e-18 
7.874212621262126 3.912570269296792e-18 
7.875212521252125 3.911086304380923e-18 
7.8762124212421245 3.9096030890487395e-18 
7.877212321232124 3.908120622827501e-18 
7.878212221222122 3.906638905244823e-18 
7.879212121212121 3.9051579358286794e-18 
7.88021202120212 3.903677714107402e-18 
7.881211921192119 3.902198239609676e-18 
7.882211821182119 3.900719511864548e-18 
7.883211721172117 3.899241530401415e-18 
7.884211621162116 3.897764294750029e-18 
7.885211521152115 3.896287804440503e-18 
7.886211421142114 3.894812059003299e-18 
7.8872113211321135 3.8933370579692375e-18 
7.888211221122113 3.8918628008694915e-18 
7.889211121112111 3.890389287235588e-18 
7.89021102110211 3.8889165165994074e-18 
7.891210921092109 3.887444488493183e-18 
7.8922108210821085 3.885973202449503e-18 
7.893210721072108 3.8845026580013066e-18 
7.894210621062106 3.883032854681887e-18 
7.895210521052105 3.881563792024885e-18 
7.896210421042104 3.8800954695642985e-18 
7.897210321032103 3.8786278868344755e-18 
7.898210221022103 3.877161043370113e-18 
7.899210121012101 3.875694938706261e-18 
7.9002100210021 3.874229572378318e-18 
7.901209920992099 3.872764943922034e-18 
7.902209820982098 3.871301052873508e-18 
7.9032097209720975 3.869837898769192e-18 
7.904209620962097 3.868375481145883e-18 
7.905209520952095 3.866913799540729e-18 
7.906209420942094 3.865452853491225e-18 
7.907209320932093 3.863992642535215e-18 
7.908209220922092 3.862533166210894e-18 
7.909209120912092 3.861074424056802e-18 
7.91020902090209 3.859616415611827e-18 
7.911208920892089 3.858159140415202e-18 
7.912208820882088 3.856702598006508e-18 
7.913208720872087 3.855246787925676e-18 
7.9142086208620865 3.85379170971298e-18 
7.915208520852086 3.852337362909039e-18 
7.916208420842084 3.8508837470548216e-18 
7.917208320832083 3.849430861691637e-18 
7.918208220822082 3.847978706361141e-18 
7.9192081208120815 3.846527280605336e-18 
7.920208020802081 3.845076583966568e-18 
7.921207920792079 3.8436266159875265e-18 
7.922207820782078 3.8421773762112415e-18 
7.923207720772077 3.840728864181095e-18 
7.924207620762076 3.839281079440802e-18 
7.925207520752076 3.8378340215344306e-18 
7.926207420742074 3.836387690006384e-18 
7.927207320732073 3.834942084401408e-18 
7.928207220722072 3.8334972042645956e-18 
7.929207120712071 3.832053049141376e-18 
7.9302070207020705 3.830609618577524e-18 
7.93120692069207 3.829166912119153e-18 
7.932206820682068 3.827724929312718e-18 
7.933206720672067 3.826283669705014e-18 
7.934206620662066 3.824843132843176e-18 
7.935206520652065 3.82340331827468e-18 
7.936206420642065 3.821964225547343e-18 
7.937206320632063 3.820525854209318e-18 
7.938206220622062 3.819088203809097e-18 
7.939206120612061 3.8176512738955124e-18 
7.94020602060206 3.8162150640177374e-18 
7.9412059205920595 3.814779573725278e-18 
7.942205820582059 3.813344802567982e-18 
7.943205720572057 3.811910750096033e-18 
7.944205620562056 3.8104774158599534e-18 
7.945205520552055 3.8090447994106006e-18 
7.9462054205420545 3.8076129002991684e-18 
7.947205320532054 3.8061817180771895e-18 
7.948205220522052 3.804751252296532e-18 
7.949205120512051 3.803321502509398e-18 
7.95020502050205 3.8018924682683254e-18 
7.951204920492049 3.800464149126188e-18 
7.952204820482049 3.799036544636196e-18 
7.953204720472047 3.7976096543518925e-18 
7.954204620462046 3.796183477827155e-18 
7.955204520452045 3.794758014616193e-18 
7.956204420442044 3.793333264273553e-18 
7.9572043204320435 3.791909226354115e-18 
7.958204220422043 3.7904859004130914e-18 
7.959204120412041 3.789063286006026e-18 
7.96020402040204 3.787641382688795e-18 
7.961203920392039 3.786220190017608e-18 
7.962203820382038 3.784799707549009e-18 
7.963203720372038 3.783379934839868e-18 
7.964203620362036 3.781960871447394e-18 
7.965203520352035 3.78054251692912e-18 
7.966203420342034 3.779124870842912e-18 
7.967203320332033 3.777707932746969e-18 
7.9682032203220325 3.7762917021998165e-18 
7.969203120312032 3.774876178760315e-18 
7.97020302030203 3.77346136198765e-18 
7.971202920292029 3.772047251441337e-18 
7.972202820282028 3.770633846681221e-18 
7.9732027202720275 3.7692211472674786e-18 
7.974202620262027 3.767809152760611e-18 
7.975202520252025 3.766397862721453e-18 
7.976202420242024 3.76498727671116e-18 
7.977202320232023 3.763577394291219e-18 
7.978202220222022 3.762168215023444e-18 
7.979202120212022 3.760759738469978e-18 
7.98020202020202 3.7593519641932905e-18 
7.981201920192019 3.757944891756173e-18 
7.982201820182018 3.756538520721746e-18 
7.983201720172017 3.755132850653459e-18 
7.9842016201620165 3.753727881115084e-18 
7.985201520152016 3.752323611670717e-18 
7.986201420142014 3.7509200418847855e-18 
7.987201320132013 3.749517171322032e-18 
7.988201220122012 3.748114999547532e-18 
7.9892011201120114 3.746713526126681e-18 
7.990201020102011 3.7453127506252e-18 
7.991200920092009 3.743912672609137e-18 
7.992200820082008 3.742513291644854e-18 
7.993200720072007 3.7411146072990445e-18 
7.994200620062006 3.7397166191387234e-18 
7.9952005200520055 3.738319326731227e-18 
7.996200420042005 3.736922729644212e-18 
7.997200320032003 3.7355268274456624e-18 
7.998200220022002 3.734131619703878e-18 
7.999200120012001 3.732737105987484e-18 
8.000200020002001 3.731343285865423e-18 
8.001199919992 3.729950158906965e-18 
8.002199819982 3.7285577246816954e-18 
8.003199719971999 3.727165982759521e-18 
8.004199619961998 3.725774932710669e-18 
8.005199519951995 3.7243845741056896e-18 
8.006199419941995 3.7229949065154424e-18 
8.007199319931994 3.721605929511117e-18 
8.008199219921993 3.720217642664219e-18 
8.009199119911992 3.718830045546569e-18 
8.010199019901991 3.717443137730313e-18 
8.01119891989199 3.7160569187879046e-18 
8.01219881988199 3.714671388292128e-18 
8.013198719871989 3.713286545816076e-18 
8.014198619861988 3.711902390933159e-18 
8.015198519851985 3.7105189232171124e-18 
8.016198419841984 3.709136142241976e-18 
8.017198319831984 3.707754047582117e-18 
8.018198219821983 3.7063726388122136e-18 
8.019198119811982 3.7049919155072585e-18 
8.020198019801981 3.703611877242567e-18 
8.02119791979198 3.702232523593762e-18 
8.02219781978198 3.700853854136786e-18 
8.023197719771979 3.699475868447896e-18 
8.024197619761978 3.698098566103659e-18 
8.025197519751977 3.696721946680965e-18 
8.026197419741974 3.695346009757011e-18 
8.027197319731973 3.6939707549093085e-18 
8.028197219721973 3.6925961817156845e-18 
8.029197119711972 3.691222289754279e-18 
8.030197019701971 3.6898490786035444e-18 
8.03119691969197 3.6884765478422445e-18 
8.03219681968197 3.687104697049459e-18 
8.033196719671968 3.685733525804575e-18 
8.034196619661968 3.684363033687297e-18 
8.035196519651967 3.682993220277636e-18 
8.036196419641966 3.681624085155917e-18 
8.037196319631963 3.680255627902779e-18 
8.038196219621963 3.678887848099161e-18 
8.039196119611962 3.6775207453263244e-18 
8.04019601960196 3.676154319165836e-18 
8.04119591959196 3.674788569199571e-18 
8.04219581958196 3.6734234950097184e-18 
8.043195719571958 3.672059096178774e-18 
8.044195619561957 3.670695372289542e-18 
8.045195519551957 3.669332322925138e-18 
8.046195419541956 3.667969947668986e-18 
8.047195319531955 3.6666082461048125e-18 
8.048195219521952 3.665247217816665e-18 
8.049195119511952 3.663886862388883e-18 
8.05019501950195 3.6625271794061254e-18 
8.05119491949195 3.661168168453352e-18 
8.052194819481949 3.6598098291158345e-18 
8.053194719471948 3.658452160979147e-18 
8.054194619461947 3.657095163629175e-18 
8.055194519451947 3.655738836652104e-18 
8.056194419441946 3.6543831796344305e-18 
8.057194319431945 3.653028192162955e-18 
8.058194219421944 3.6516738738247835e-18 
8.059194119411941 3.650320224207329e-18 
8.06019401940194 3.648967242898304e-18 
8.06119391939194 3.6476149294857314e-18 
8.062193819381939 3.646263283557937e-18 
8.063193719371938 3.6449123047035475e-18 
8.064193619361937 3.6435619925115e-18 
8.065193519351936 3.64221234657103e-18 
8.066193419341936 3.640863366471677e-18 
8.067193319331935 3.6395150518032856e-18 
8.068193219321934 3.638167402156e-18 
8.069193119311931 3.6368204171202755e-18 
8.07019301930193 3.635474096286856e-18 
8.07119291929193 3.634128439246796e-18 
8.072192819281929 3.632783445591453e-18 
8.073192719271928 3.631439114912482e-18 
8.074192619261927 3.630095446801843e-18 
8.075192519251926 3.628752440851793e-18 
8.076192419241925 3.627410096654892e-18 
8.077192319231925 3.626068413804002e-18 
8.078192219221924 3.624727391892281e-18 
8.079192119211923 3.623387030513191e-18 
8.08019201920192 3.622047329260495e-18 
8.08119191919192 3.620708287728246e-18 
8.082191819181919 3.619369905510809e-18 
8.083191719171918 3.6180321822028375e-18 
8.084191619161917 3.616695117399291e-18 
8.085191519151916 3.615358710695425e-18 
8.086191419141915 3.61402296168679e-18 
8.087191319131914 3.612687869969241e-18 
8.088191219121914 3.611353435138924e-18 
8.089191119111913 3.610019656792286e-18 
8.090191019101912 3.608686534526071e-18 
8.09119091909191 3.607354067937322e-18 
8.092190819081909 3.606022256623371e-18 
8.093190719071908 3.604691100181854e-18 
8.094190619061907 3.6033605982107e-18 
8.095190519051906 3.602030750308136e-18 
8.096190419041905 3.6007015560726835e-18 
8.097190319031904 3.599373015103157e-18 
8.098190219021904 3.5980451269986694e-18 
8.099190119011903 3.596717891358628e-18 
8.100190019001902 3.595391307782733e-18 
8.101189918991901 3.59406537587098e-18 
8.102189818981898 3.592740095223663e-18 
8.103189718971898 3.59141546544136e-18 
8.104189618961897 3.590091486124951e-18 
8.105189518951896 3.588768156875604e-18 
8.106189418941895 3.587445477294787e-18 
8.107189318931894 3.586123446984255e-18 
8.108189218921893 3.584802065546057e-18 
8.109189118911893 3.583481332582534e-18 
8.110189018901892 3.5821612476963206e-18 
8.11118891889189 3.580841810490343e-18 
8.11218881888189 3.5795230205678175e-18 
8.113188718871887 3.578204877532257e-18 
8.114188618861887 3.576887380987455e-18 
8.115188518851886 3.575570530537505e-18 
8.116188418841885 3.574254325786788e-18 
8.117188318831884 3.572938766339975e-18 
8.118188218821883 3.57162385180203e-18 
8.119188118811882 3.5703095817782034e-18 
8.120188018801882 3.568995955874036e-18 
8.12118791879188 3.567682973695359e-18 
8.12218781878188 3.566370634848293e-18 
8.123187718771877 3.565058938939249e-18 
8.124187618761876 3.563747885574919e-18 
8.125187518751876 3.562437474362291e-18 
8.126187418741875 3.561127704908639e-18 
8.127187318731874 3.5598185768215255e-18 
8.128187218721873 3.5585100897088e-18 
8.129187118711872 3.557202243178598e-18 
8.130187018701871 3.555895036839346e-18 
8.13118691869187 3.554588470299752e-18 
8.13218681868187 3.553282543168817e-18 
8.133186718671869 3.551977255055823e-18 
8.134186618661866 3.5506726055703424e-18 
8.135186518651865 3.549368594322227e-18 
8.136186418641865 3.548065220921623e-18 
8.137186318631864 3.546762484978955e-18 
8.138186218621863 3.5454603861049375e-18 
8.139186118611862 3.544158923910568e-18 
8.140186018601861 3.542858098007128e-18 
8.14118591859186 3.5415579080061845e-18 
8.14218581858186 3.5402583535195884e-18 
8.143185718571859 3.538959434159474e-18 
8.144185618561858 3.5376611495382626e-18 
8.145185518551855 3.536363499268656e-18 
8.146185418541855 3.535066482963638e-18 
8.147185318531854 3.533770100236476e-18 
8.148185218521853 3.532474350700724e-18 
8.149185118511852 3.531179233970215e-18 
8.150185018501851 3.529884749659066e-18 
8.15118491849185 3.5285908973816736e-18 
8.15218481848185 3.527297676752719e-18 
8.153184718471849 3.526005087387163e-18 
8.154184618461848 3.524713128900252e-18 
8.155184518451847 3.523421800907507e-18 
8.156184418441844 3.5221311030247344e-18 
8.157184318431844 3.5208410348680185e-18 
8.158184218421843 3.519551596053725e-18 
8.159184118411842 3.518262786198501e-18 
8.160184018401841 3.516974604919274e-18 
8.16118391839184 3.515687051833247e-18 
8.16218381838184 3.514400126557908e-18 
8.163183718371839 3.51311382871102e-18 
8.164183618361838 3.511828157910627e-18 
8.165183518351837 3.510543113775049e-18 
8.166183418341836 3.50925869592289e-18 
8.167183318331833 3.507974903973028e-18 
8.168183218321833 3.5066917375446164e-18 
8.169183118311832 3.505409196257093e-18 
8.170183018301831 3.50412727973017e-18 
8.17118291829183 3.502845987583835e-18 
8.17218281828183 3.501565319438357e-18 
8.173182718271828 3.500285274914278e-18 
8.174182618261828 3.499005853632417e-18 
8.175182518251827 3.497727055213872e-18 
8.176182418241826 3.496448879280015e-18 
8.177182318231823 3.495171325452496e-18 
8.178182218221822 3.4938943933532355e-18 
8.179182118211822 3.492618082604435e-18 
8.18018201820182 3.491342392828568e-18 
8.18118191819182 3.4900673236483844e-18 
8.182181818181819 3.488792874686912e-18 
8.183181718171818 3.487519045567443e-18 
8.184181618161817 3.4862458359135566e-18 
8.185181518151817 3.484973245349097e-18 
8.186181418141816 3.483701273498186e-18 
8.187181318131815 3.482429919985217e-18 
8.188181218121812 3.48115918443486e-18 
8.189181118111811 3.479889066472053e-18 
8.19018101810181 3.478619565722012e-18 
8.19118091809181 3.477350681810221e-18 
8.192180818081809 3.4760824143624415e-18 
8.193180718071808 3.474814763004702e-18 
8.194180618061807 3.473547727363307e-18 
8.195180518051806 3.472281307064831e-18 
8.196180418041806 3.47101550173612e-18 
8.197180318031805 3.469750311004291e-18 
8.198180218021804 3.4684857344967313e-18 
8.199180118011801 3.467221771841105e-18 
8.2001800180018 3.4659584226653355e-18 
8.2011799179918 3.464695686597626e-18 
8.202179817981799 3.4634335632664453e-18 
8.203179717971798 3.4621720523005345e-18 
8.204179617961797 3.4609111533289045e-18 
8.205179517951796 3.459650865980831e-18 
8.206179417941796 3.458391189885865e-18 
8.207179317931795 3.457132124673824e-18 
8.208179217921794 3.4558736699747916e-18 
8.209179117911793 3.4546158254191244e-18 
8.21017901790179 3.4533585906374474e-18 
8.21117891789179 3.4521019652606454e-18 
8.212178817881789 3.4508459489198805e-18 
8.213178717871788 3.449590541246579e-18 
8.214178617861787 3.4483357418724345e-18 
8.215178517851786 3.447081550429407e-18 
8.216178417841785 3.445827966549726e-18 
8.217178317831785 3.444574989865883e-18 
8.218178217821784 3.4433226200106427e-18 
8.219178117811783 3.4420708566170292e-18 
8.22017801780178 3.440819699318338e-18 
8.22117791779178 3.4395691477481254e-18 
8.222177817781779 3.4383192015402167e-18 
8.223177717771778 3.437069860328702e-18 
8.224177617761777 3.435821123747938e-18 
8.225177517751776 3.434572991432542e-18 
8.226177417741775 3.4333254630174e-18 
8.227177317731774 3.4320785381376616e-18 
8.228177217721774 3.430832216428738e-18 
8.229177117711773 3.429586497526308e-18 
8.230177017701772 3.4283413810663135e-18 
8.23117691769177 3.427096866684959e-18 
8.232176817681768 3.4258529540187094e-18 
8.233176717671768 3.424609642704298e-18 
8.234176617661767 3.4233669323787185e-18 
8.235176517651766 3.422124822679227e-18 
8.236176417641765 3.420883313243344e-18 
8.237176317631764 3.4196424037088503e-18 
8.238176217621763 3.4184020937137886e-18 
8.239176117611763 3.4171623828964648e-18 
8.240176017601762 3.415923270895445e-18 
8.241175917591761 3.414684757349558e-18 
8.242175817581758 3.413446841897893e-18 
8.243175717571757 3.4122095241797987e-18 
8.244175617561757 3.4109728038348857e-18 
8.245175517551756 3.409736680503027e-18 
8.246175417541755 3.4085011538243527e-18 
8.247175317531754 3.4072662234392554e-18 
8.248175217521753 3.4060318889883853e-18 
8.249175117511752 3.4047981501126536e-18 
8.250175017501752 3.4035650064532315e-18 
8.25117491749175 3.4023324576515484e-18 
8.25217481748175 3.401100503349291e-18 
8.253174717471747 3.3998691431884094e-18 
8.254174617461747 3.3986383768111053e-18 
8.255174517451746 3.397408203859846e-18 
8.256174417441745 3.39617862397735e-18 
8.257174317431744 3.3949496368065998e-18 
8.258174217421743 3.3937212419908327e-18 
8.259174117411742 3.3924934391735425e-18 
8.260174017401742 3.3912662279984823e-18 
8.26117391739174 3.3900396081096597e-18 
8.26217381738174 3.3888135791513415e-18 
8.263173717371739 3.3875881407680497e-18 
8.264173617361736 3.3863632926045654e-18 
8.265173517351736 3.385139034305919e-18 
8.266173417341735 3.383915365517403e-18 
8.267173317331734 3.3826922858845646e-18 
8.268173217321733 3.3814697950532047e-18 
8.269173117311732 3.3802478926693814e-18 
8.270173017301731 3.3790265783794065e-18 
8.27117291729173 3.377805851829846e-18 
8.27217281728173 3.3765857126675223e-18 
8.273172717271729 3.375366160539513e-18 
8.274172617261726 3.3741471950931475e-18 
8.275172517251725 3.372928815976008e-18 
8.276172417241725 3.3717110228359335e-18 
8.277172317231724 3.3704938153210162e-18 
8.278172217221723 3.3692771930796002e-18 
8.279172117211722 3.3680611557602833e-18 
8.280172017201721 3.3668457030119178e-18 
8.28117191719172 3.365630834483606e-18 
8.28217181718172 3.3644165498247048e-18 
8.283171717171719 3.3632028486848215e-18 
8.284171617161718 3.3619897307138176e-18 
8.285171517151715 3.3607771955618073e-18 
8.286171417141714 3.3595652428791485e-18 
8.287171317131714 3.358353872316461e-18 
8.288171217121713 3.3571430835246114e-18 
8.289171117111712 3.355932876154715e-18 
8.290171017101711 3.354723249858143e-18 
8.29117091709171 3.3535142042865123e-18 
8.29217081708171 3.352305739091694e-18 
8.293170717071709 3.351097853925805e-18 
8.294170617061708 3.3498905484412174e-18 
8.295170517051707 3.348683822290549e-18 
8.296170417041704 3.347477675126671e-18 
8.297170317031703 3.346272106602698e-18 
8.298170217021703 3.3450671163719984e-18 
8.299170117011702 3.3438627040881883e-18 
8.300170017001701 3.342658869405134e-18 
8.3011699169917 3.341455611976947e-18 
8.3021698169817 3.3402529314579903e-18 
8.303169716971698 3.339050827502873e-18 
8.304169616961698 3.337849299766453e-18 
8.305169516951697 3.336648347903836e-18 
8.306169416941696 3.3354479715703732e-18 
8.307169316931693 3.3342481704216685e-18 
8.308169216921693 3.3330489441135647e-18 
8.309169116911692 3.331850292302156e-18 
8.31016901690169 3.3306522146437855e-18 
8.31116891689169 3.3294547107950382e-18 
8.31216881688169 3.3282577804127465e-18 
8.313168716871688 3.327061423153993e-18 
8.314168616861688 3.3258656386761e-18 
8.315168516851687 3.324670426636639e-18 
8.316168416841686 3.3234757866934266e-18 
8.317168316831685 3.3222817185045224e-18 
8.318168216821682 3.3210882217282362e-18 
8.319168116811682 3.319895296023113e-18 
8.32016801680168 3.318702941047953e-18 
8.32116791679168 3.3175111564617955e-18 
8.322167816781679 3.316319941923924e-18 
8.323167716771678 3.315129297093867e-18 
8.324167616761677 3.313939221631396e-18 
8.325167516751677 3.3127497151965262e-18 
8.326167416741676 3.311560777449518e-18 
8.327167316731675 3.3103724080508714e-18 
8.328167216721672 3.309184606661335e-18 
8.329167116711671 3.307997372941892e-18 
8.33016701670167 3.306810706553774e-18 
8.33116691669167 3.305624607158454e-18 
8.332166816681669 3.3044390744176462e-18 
8.333166716671668 3.3032541079933085e-18 
8.334166616661667 3.302069707547638e-18 
8.335166516651666 3.300885872743076e-18 
8.336166416641666 3.2997026032423033e-18 
8.337166316631665 3.298519898708242e-18 
8.338166216621664 3.2973377588040558e-18 
8.339166116611661 3.296156183193151e-18 
8.34016601660166 3.2949751715391682e-18 
8.34116591659166 3.2937947235059937e-18 
8.342165816581659 3.2926148387577532e-18 
8.343165716571658 3.291435516958812e-18 
8.344165616561657 3.2902567577737748e-18 
8.345165516551656 3.2890785608674853e-18 
8.346165416541655 3.2879009259050288e-18 
8.347165316531655 3.2867238525517262e-18 
8.348165216521654 3.2855473404731395e-18 
8.349165116511653 3.2843713893350698e-18 
8.35016501650165 3.2831959988035596e-18 
8.35116491649165 3.2820211685448803e-18 
8.352164816481649 3.28084689822555e-18 
8.353164716471648 3.2796731875123216e-18 
8.354164616461647 3.278500036072187e-18 
8.355164516451646 3.277327443572376e-18 
8.356164416441645 3.2761554096803522e-18 
8.357164316431644 3.2749839340638212e-18 
8.358164216421644 3.273813016390722e-18 
8.359164116411643 3.2726426563292322e-18 
8.360164016401642 3.2714728535477657e-18 
8.36116391639164 3.270303607714974e-18 
8.362163816381639 3.269134918499738e-18 
8.363163716371638 3.2679667855711837e-18 
8.364163616361637 3.2667992085986686e-18 
8.365163516351636 3.2656321872517855e-18 
8.366163416341635 3.2644657212003643e-18 
8.367163316331634 3.2632998101144673e-18 
8.368163216321634 3.2621344536643957e-18 
8.369163116311633 3.2609696515206815e-18 
8.370163016301632 3.2598054033540954e-18 
8.371162916291631 3.258641708835638e-18 
8.372162816281628 3.2574785676365495e-18 
8.373162716271628 3.2563159794282972e-18 
8.374162616261627 3.255153943882587e-18 
8.375162516251626 3.253992460671359e-18 
8.376162416241625 3.252831529466784e-18 
8.377162316231624 3.251671149941267e-18 
8.378162216221623 3.2505113217674487e-18 
8.379162116211623 3.2493520446181975e-18 
8.380162016201622 3.248193318166619e-18 
8.38116191619162 3.247035142086049e-18 
8.382161816181618 3.245877516050059e-18 
8.383161716171617 3.2447204397324445e-18 
8.384161616161617 3.2435639128072404e-18 
8.385161516151616 3.242407934948711e-18 
8.386161416141615 3.2412525058313533e-18 
8.387161316131614 3.2400976251298924e-18 
8.388161216121613 3.2389432925192895e-18 
8.389161116111612 3.2377895076747306e-18 
8.390161016101612 3.2366362702716378e-18 
8.39116091609161 3.2354835799856627e-18 
8.39216081608161 3.234331436492683e-18 
8.393160716071607 3.233179839468814e-18 
8.394160616061606 3.2320287885903934e-18 
8.395160516051606 3.230878283533991e-18 
8.396160416041605 3.229728323976411e-18 
8.397160316031604 3.2285789095946815e-18 
8.398160216021603 3.2274300400660615e-18 
8.399160116011602 3.2262817150680396e-18 
8.400160016001601 3.225133934278333e-18 
8.4011599159916 3.2239866973748867e-18 
8.4021598159816 3.2228400040358752e-18 
8.403159715971599 3.221693853939702e-18 
8.404159615961596 3.220548246764999e-18 
8.405159515951595 3.219403182190619e-18 
8.406159415941595 3.2182586598956524e-18 
8.407159315931594 3.2171146795594113e-18 
8.408159215921593 3.2159712408614388e-18 
8.409159115911592 3.2148283434814996e-18 
8.410159015901591 3.2136859870995916e-18 
8.41115891589159 3.212544171395937e-18 
8.41215881588159 3.2114028960509833e-18 
8.413158715871589 3.2102621607454046e-18 
8.414158615861588 3.209121965160103e-18 
8.415158515851585 3.207982308976207e-18 
8.416158415841585 3.2068431918750663e-18 
8.417158315831584 3.205704613538261e-18 
8.418158215821583 3.2045665736475966e-18 
8.419158115811582 3.2034290718851005e-18 
8.420158015801581 3.202292107933028e-18 
8.42115791579158 3.2011556814738583e-18 
8.42215781578158 3.200019792190296e-18 
8.423157715771579 3.198884439765269e-18 
8.424157615761578 3.197749623881932e-18 
8.425157515751577 3.1966153442236595e-18 
8.426157415741574 3.1954816004740567e-18 
8.427157315731574 3.194348392316944e-18 
8.428157215721573 3.1932157194363716e-18 
8.429157115711572 3.1920835815166116e-18 
8.430157015701571 3.1909519782421613e-18 
8.43115691569157 3.1898209092977352e-18 
8.43215681568157 3.1886903743682777e-18 
8.433156715671569 3.18756037313895e-18 
8.434156615661568 3.1864309052951415e-18 
8.435156515651567 3.1853019705224586e-18 
8.436156415641564 3.184173568506735e-18 
8.437156315631563 3.1830456989340206e-18 
8.438156215621563 3.18191836149059e-18 
8.439156115611562 3.1807915558629408e-18 
8.440156015601561 3.179665281737789e-18 
8.44115591559156 3.1785395388020766e-18 
8.44215581558156 3.177414326742961e-18 
8.443155715571558 3.1762896452478227e-18 
8.444155615561558 3.1751654940042648e-18 
8.445155515551557 3.174041872700108e-18 
8.446155415541556 3.172918781023396e-18 
8.447155315531553 3.1717962186623918e-18 
8.448155215521552 3.170674185305575e-18 
8.449155115511552 3.169552680641648e-18 
8.45015501550155 3.1684317043595344e-18 
8.45115491549155 3.167311256148375e-18 
8.45215481548155 3.16619133569753e-18 
8.453154715471548 3.165071942696578e-18 
8.454154615461547 3.163953076835319e-18 
8.455154515451547 3.1628347378037688e-18 
8.456154415441546 3.161716925292164e-18 
8.457154315431545 3.160599638990958e-18 
8.458154215421542 3.1594828785908252e-18 
8.459154115411541 3.1583666437826507e-18 
8.46015401540154 3.1572509342575453e-18 
8.46115391539154 3.156135749706835e-18 
8.462153815381539 3.155021089822062e-18 
8.463153715371538 3.1539069542949864e-18 
8.464153615361537 3.1527933428175857e-18 
8.465153515351536 3.1516802550820545e-18 
8.466153415341536 3.150567690780803e-18 
8.467153315331535 3.1494556496064594e-18 
8.468153215321534 3.1483441312518662e-18 
8.469153115311531 3.1472331354100873e-18 
8.47015301530153 3.1461226617743944e-18 
8.47115291529153 3.1450127100382808e-18 
8.472152815281529 3.1439032798954535e-18 
8.473152715271528 3.142794371039837e-18 
8.474152615261527 3.1416859831655703e-18 
8.475152515251526 3.140578115967004e-18 
8.476152415241526 3.1394707691387098e-18 
8.477152315231525 3.138363942375468e-18 
8.478152215221524 3.137257635372279e-18 
8.479152115211523 3.136151847824355e-18 
8.48015201520152 3.1350465794271227e-18 
8.48115191519152 3.13394182987622e-18 
8.482151815181519 3.1328375988675045e-18 
8.483151715171518 3.1317338860970422e-18 
8.484151615161517 3.1306306912611167e-18 
8.485151515151516 3.129528014056222e-18 
8.486151415141515 3.1284258541790673e-18 
8.487151315131515 3.127324211326574e-18 
8.488151215121514 3.126223085195877e-18 
8.489151115111513 3.1251224754843222e-18 
8.49015101510151 3.1240223818894718e-18 
8.49115091509151 3.1229228041090925e-18 
8.492150815081509 3.1218237418411728e-18 
8.493150715071508 3.1207251947839065e-18 
8.494150615061507 3.119627162635702e-18 
8.495150515051506 3.1185296450951792e-18 
8.496150415041505 3.1174326418611686e-18 
8.497150315031504 3.1163361526327132e-18 
8.498150215021504 3.115240177109065e-18 
8.499150115011503 3.114144714989689e-18 
8.500150015001502 3.1130497659742603e-18 
8.5011499149915 3.111955329762666e-18 
8.502149814981498 3.1108614060549994e-18 
8.503149714971498 3.109767994551568e-18 
8.504149614961497 3.1086750949528885e-18 
8.505149514951496 3.1075827069596873e-18 
8.506149414941495 3.1064908302729006e-18 
8.507149314931494 3.1053994645936738e-18 
8.508149214921493 3.104308609623362e-18 
8.509149114911493 3.1032182650635302e-18 
8.510149014901492 3.1021284306159504e-18 
8.511148914891491 3.1010391059826053e-18 
8.512148814881488 3.0999502908656905e-18 
8.513148714871487 3.0988619849675977e-18 
8.514148614861487 3.0977741879909384e-18 
8.515148514851486 3.0966868996385295e-18 
8.516148414841485 3.0956001196133947e-18 
8.517148314831484 3.0945138476187643e-18 
8.518148214821483 3.0934280833580812e-18 
8.519148114811482 3.092342826534991e-18 
8.520148014801482 3.0912580768533473e-18 
8.52114791479148 3.0901738340172144e-18 
8.52214781478148 3.0890900977308592e-18 
8.523147714771477 3.0880068676987606e-18 
8.524147614761477 3.0869241436255954e-18 
8.525147514751476 3.085841925216256e-18 
8.526147414741475 3.084760212175837e-18 
8.527147314731474 3.08367900420964e-18 
8.528147214721473 3.0825983010231726e-18 
8.529147114711472 3.081518102322148e-18 
8.530147014701472 3.080438407812485e-18 
8.53114691469147 3.079359217200308e-18 
8.53214681468147 3.0782805301919474e-18 
8.533146714671467 3.0772023464939402e-18 
8.534146614661466 3.076124665813021e-18 
8.535146514651466 3.075047487856139e-18 
8.536146414641465 3.0739708123304427e-18 
8.537146314631464 3.0728946389432842e-18 
8.538146214621463 3.0718189674022237e-18 
8.539146114611462 3.070743797415025e-18 
8.540146014601461 3.069669128689652e-18 
8.54114591459146 3.068594960934278e-18 
8.54214581458146 3.067521293857273e-18 
8.543145714571459 3.0664481271672192e-18 
8.544145614561456 3.0653754605728975e-18 
8.545145514551455 3.064303293783286e-18 
8.546145414541455 3.063231626507577e-18 
8.547145314531454 3.0621604584551587e-18 
8.548145214521453 3.0610897893356252e-18 
8.549145114511452 3.0600196188587692e-18 
8.550145014501451 3.0589499467345904e-18 
8.55114491449145 3.0578807726732886e-18 
8.55214481448145 3.0568120963852642e-18 
8.553144714471449 3.0557439175811226e-18 
8.554144614461448 3.054676235971666e-18 
8.555144514451445 3.053609051267907e-18 
8.556144414441444 3.0525423631810483e-18 
8.557144314431444 3.0514761714225e-18 
8.558144214421443 3.050410475703875e-18 
8.559144114411442 3.049345275736982e-18 
8.560144014401441 3.048280571233836e-18 
8.56114391439144 3.047216361906648e-18 
8.56214381438144 3.0461526474678304e-18 
8.563143714371439 3.0450894276299982e-18 
8.564143614361438 3.0440267021059635e-18 
8.565143514351437 3.0429644706087386e-18 
8.566143414341434 3.041902732851541e-18 
8.567143314331434 3.040841488547777e-18 
8.568143214321433 3.0397807374110633e-18 
8.569143114311432 3.0387204791552083e-18 
8.570143014301431 3.0376607134942224e-18 
8.57114291429143 3.0366014401423174e-18 
8.57214281428143 3.0355426588138994e-18 
8.573142714271428 3.034484369223575e-18 
8.574142614261428 3.033426571086151e-18 
8.575142514251427 3.0323692641166287e-18 
8.576142414241426 3.0313124480302113e-18 
8.577142314231423 3.030256122542298e-18 
8.578142214221423 3.0292002873684843e-18 
8.579142114211422 3.028144942224566e-18 
8.58014201420142 3.0270900868265365e-18 
8.58114191419142 3.026035720890585e-18 
8.58214181418142 3.0249818441330987e-18 
8.583141714171418 3.0239284562706614e-18 
8.584141614161418 3.022875557020053e-18 
8.585141514151417 3.021823146098252e-18 
8.586141414141416 3.020771223222431e-18 
8.587141314131413 3.0197197881099657e-18 
8.588141214121412 3.0186688404784152e-18 
8.589141114111412 3.0176183800455464e-18 
8.59014101410141 3.016568406529316e-18 
8.59114091409141 3.0155189196478803e-18 
8.592140814081409 3.0144699191195867e-18 
8.593140714071408 3.0134214046629826e-18 
8.594140614061407 3.0123733759968085e-18 
8.595140514051407 3.0113258328399986e-18 
8.596140414041406 3.010278774911683e-18 
8.597140314031405 3.0092322019311904e-18 
8.598140214021402 3.008186113618039e-18 
8.599140114011401 3.007140509691943e-18 
8.6001400140014 3.00609538987281e-18 
8.6011399139914 3.0050507538807435e-18 
8.602139813981399 3.0040066014360426e-18 
8.603139713971398 3.0029629322591957e-18 
8.604139613961397 3.001919746070889e-18 
8.605139513951396 3.000877042591999e-18 
8.606139413941396 2.9998348215435985e-18 
8.607139313931395 2.998793082646951e-18 
8.608139213921394 2.997751825623515e-18 
8.609139113911391 2.996711050194943e-18 
8.61013901390139 2.9956707560830746e-18 
8.61113891389139 2.994630943009946e-18 
8.612138813881389 2.993591610697788e-18 
8.613138713871388 2.9925527588690204e-18 
8.614138613861387 2.991514387246256e-18 
8.615138513851386 2.990476495552299e-18 
8.616138413841385 2.989439083510147e-18 
8.617138313831385 2.9884021508429883e-18 
8.618138213821384 2.9873656972742012e-18 
8.619138113811383 2.986329722527358e-18 
8.62013801380138 2.9852942263262233e-18 
8.62113791379138 2.9842592083947465e-18 
8.622137813781379 2.9832246684570732e-18 
8.623137713771378 2.982190606237539e-18 
8.624137613761377 2.9811570214606684e-18 
8.625137513751376 2.9801239138511794e-18 
8.626137413741375 2.979091283133977e-18 
8.627137313731374 2.978059129034159e-18 
8.628137213721374 2.9770274512770105e-18 
8.629137113711373 2.9759962495880082e-18 
8.630137013701372 2.9749655236928185e-18 
8.63113691369137 2.973935273317297e-18 
8.632136813681369 2.9729054981874875e-18 
8.633136713671368 2.971876198029625e-18 
8.634136613661367 2.970847372570131e-18 
8.635136513651366 2.9698190215356194e-18 
8.636136413641365 2.9687911446528893e-18 
8.637136313631364 2.9677637416489325e-18 
8.638136213621364 2.9667368122509245e-18 
8.639136113611363 2.9657103561862326e-18 
8.640136013601362 2.96468437318241e-18 
8.64113591359136 2.9636588629672016e-18 
8.642135813581358 2.9626338252685347e-18 
8.643135713571358 2.9616092598145265e-18 
8.644135613561357 2.9605851663334857e-18 
8.645135513551356 2.959561544553902e-18 
8.646135413541355 2.958538394204457e-18 
8.647135313531354 2.9575157150140176e-18 
8.648135213521353 2.9564935067116364e-18 
8.649135113511353 2.955471769026557e-18 
8.650135013501352 2.9544505016882046e-18 
8.65113491349135 2.9534297044261933e-18 
8.652134813481348 2.9524093769703257e-18 
8.653134713471347 2.951389519050585e-18 
8.654134613461347 2.950370130397145e-18 
8.655134513451346 2.9493512107403647e-18 
8.656134413441345 2.9483327598107878e-18 
8.657134313431344 2.947314777339144e-18 
8.658134213421343 2.946297263056348e-18 
8.659134113411342 2.9452802166935007e-18 
8.660134013401342 2.9442636379818884e-18 
8.66113391339134 2.9432475266529813e-18 
8.66213381338134 2.9422318824384346e-18 
8.663133713371337 2.9412167050700902e-18 
8.664133613361336 2.940201994279969e-18 
8.665133513351336 2.939187749800284e-18 
8.666133413341335 2.9381739713634257e-18 
8.667133313331334 2.937160658701974e-18 
8.668133213321333 2.936147811548688e-18 
8.669133113311332 2.9351354296365157e-18 
8.670133013301331 2.934123512698585e-18 
8.67113291329133 2.933112060468206e-18 
8.67213281328133 2.9321010726788775e-18 
8.673132713271329 2.9310905490642792e-18 
8.674132613261326 2.930080489358272e-18 
8.675132513251326 2.929070893294899e-18 
8.676132413241325 2.9280617606083904e-18 
8.677132313231324 2.9270530910331562e-18 
8.678132213221323 2.9260448843037896e-18 
8.679132113211322 2.925037140155065e-18 
8.680132013201321 2.9240298583219404e-18 
8.68113191319132 2.923023038539557e-18 
8.68213181318132 2.9220166805432342e-18 
8.683131713171319 2.9210107840684772e-18 
8.684131613161318 2.9200053488509683e-18 
8.685131513151315 2.9190003746265784e-18 
8.686131413141315 2.9179958611313504e-18 
8.687131313131314 2.916991808101514e-18 
8.688131213121313 2.9159882152734814e-18 
8.689131113111312 2.914985082383842e-18 
8.690131013101311 2.913982409169367e-18 
8.69113091309131 2.912980195367009e-18 
8.69213081308131 2.9119784407139018e-18 
8.693130713071309 2.910977144947358e-18 
8.694130613061308 2.909976307804869e-18 
8.695130513051305 2.9089759290241108e-18 
8.696130413041304 2.907976008342933e-18 
8.697130313031304 2.906976545499371e-18 
8.698130213021303 2.9059775402316358e-18 
8.699130113011302 2.9049789922781193e-18 
8.700130013001301 2.9039809013773932e-18 
8.7011299129913 2.9029832672682076e-18 
8.7021298129813 2.901986089689492e-18 
8.703129712971299 2.9009893683803544e-18 
8.704129612961298 2.899993103080082e-18 
8.705129512951297 2.8989972935281402e-18 
8.706129412941294 2.8980019394641747e-18 
8.707129312931293 2.8970070406280042e-18 
8.708129212921293 2.896012596759631e-18 
8.709129112911292 2.8950186075992337e-18 
8.710129012901291 2.8940250728871684e-18 
8.71112891289129 2.89303199236397e-18 
8.71212881288129 2.8920393657703485e-18 
8.713128712871288 2.891047192847195e-18 
8.714128612861288 2.8900554733355745e-18 
8.715128512851287 2.8890642069767323e-18 
8.716128412841286 2.8880733935120873e-18 
8.717128312831283 2.8870830326832404e-18 
8.718128212821282 2.8860931242319608e-18 
8.719128112811282 2.8851036679002017e-18 
8.72012801280128 2.884114663430092e-18 
8.72112791279128 2.8831261105639343e-18 
8.72212781278128 2.882138009044208e-18 
8.723127712771278 2.88115035861357e-18 
8.724127612761277 2.880163159014851e-18 
8.725127512751277 2.8791764099910597e-18 
8.726127412741276 2.8781901112853803e-18 
8.727127312731275 2.8772042626411692e-18 
8.728127212721272 2.876218863801963e-18 
8.729127112711272 2.8752339145114687e-18 
8.73012701270127 2.8742494145135717e-18 
8.73112691269127 2.873265363552331e-18 
8.732126812681269 2.8722817613719817e-18 
8.733126712671268 2.871298607716931e-18 
8.734126612661267 2.870315902331764e-18 
8.735126512651266 2.8693336449612364e-18 
8.736126412641266 2.868351835350281e-18 
8.737126312631265 2.867370473244005e-18 
8.738126212621264 2.8663895583876853e-18 
8.739126112611261 2.8654090905267805e-18 
8.74012601260126 2.864429069406913e-18 
8.74112591259126 2.8634494947738857e-18 
8.742125812581259 2.8624703663736727e-18 
8.743125712571258 2.8614916839524227e-18 
8.744125612561257 2.860513447256455e-18 
8.745125512551256 2.859535656032264e-18 
8.746125412541256 2.8585583100265162e-18 
8.747125312531255 2.857581408986052e-18 
8.748125212521254 2.856604952657882e-18 
8.749125112511251 2.855628940789192e-18 
8.75012501250125 2.8546533731273368e-18 
8.75112491249125 2.8536782494198443e-18 
8.752124812481249 2.852703569414419e-18 
8.753124712471248 2.8517293328589296e-18 
8.754124612461247 2.8507555395014245e-18 
8.755124512451246 2.8497821890901173e-18 
8.756124412441245 2.848809281373396e-18 
8.757124312431245 2.8478368160998198e-18 
8.758124212421244 2.846864793018119e-18 
8.759124112411243 2.8458932118771938e-18 
8.76012401240124 2.8449220724261203e-18 
8.76112391239124 2.843951374414136e-18 
8.762123812381239 2.842981117590657e-18 
8.763123712371238 2.8420113017052678e-18 
8.764123612361237 2.8410419265077225e-18 
8.765123512351236 2.840072991747946e-18 
8.766123412341235 2.839104497176033e-18 
8.767123312331234 2.83813644254225e-18 
8.768123212321234 2.83716882759703e-18 
8.769123112311233 2.8362016520909785e-18 
8.770123012301232 2.835234915774869e-18 
8.77112291229123 2.834268618399647e-18 
8.772122812281228 2.8333027597164232e-18 
8.773122712271228 2.83233733947648e-18 
8.774122612261227 2.831372357431269e-18 
8.775122512251226 2.83040781333241e-18 
8.776122412241225 2.8294437069316924e-18 
8.777122312231224 2.8284800379810747e-18 
8.778122212221223 2.82751680623268e-18 
8.779122112211223 2.8265540114388057e-18 
8.780122012201222 2.825591653351912e-18 
8.781121912191221 2.8246297317246313e-18 
8.782121812181218 2.8236682463097653e-18 
8.783121712171218 2.8227071968602736e-18 
8.784121612161217 2.821746583129295e-18 
8.785121512151216 2.8207864048701315e-18 
8.786121412141215 2.8198266618362503e-18 
8.787121312131214 2.818867353781291e-18 
8.788121212121213 2.8179084804590552e-18 
8.789121112111212 2.816950041623515e-18 
8.790121012101212 2.815992037028809e-18 
8.79112091209121 2.8150344664292393e-18 
8.79212081208121 2.81407732957928e-18 
8.793120712071207 2.813120626233569e-18 
8.794120612061207 2.812164356146908e-18 
8.795120512051206 2.811208519074269e-18 
8.796120412041205 2.8102531147707886e-18 
8.797120312031204 2.8092981429917688e-18 
8.798120212021203 2.8083436034926792e-18 
8.799120112011202 2.807389496029154e-18 
8.800120012001202 2.806435820356992e-18 
8.8011199119912 2.805482576232161e-18 
8.8021198119812 2.8045297634107888e-18 
8.803119711971197 2.8035773816491752e-18 
8.804119611961196 2.802625430703776e-18 
8.805119511951196 2.8016739103312204e-18 
8.806119411941195 2.8007228202882995e-18 
8.807119311931194 2.7997721603319666e-18 
8.808119211921193 2.798821930219343e-18 
8.809119111911192 2.7978721297077145e-18 
8.810119011901191 2.7969227585545284e-18 
8.81111891189119 2.795973816517398e-18 
8.81211881188119 2.7950253033541006e-18 
8.813118711871189 2.7940772188225776e-18 
8.814118611861186 2.7931295626809343e-18 
8.815118511851185 2.792182334687435e-18 
8.816118411841185 2.7912355346005173e-18 
8.817118311831184 2.790289162178772e-18 
8.818118211821183 2.789343217180961e-18 
8.819118111811182 2.7883976993660034e-18 
8.820118011801181 2.7874526084929852e-18 
8.82111791179118 2.786507944321156e-18 
8.82211781178118 2.7855637066099227e-18 
8.823117711771179 2.7846198951188604e-18 
8.824117611761178 2.783676509607705e-18 
8.825117511751175 2.782733549836354e-18 
8.826117411741174 2.7817910155648676e-18 
8.827117311731174 2.780848906553467e-18 
8.828117211721173 2.779907222562537e-18 
8.829117111711172 2.7789659633526247e-18 
8.830117011701171 2.7780251286844373e-18 
8.83111691169117 2.7770847183188435e-18 
8.83211681168117 2.7761447320168764e-18 
8.833116711671169 2.775205169539726e-18 
8.834116611661168 2.7742660306487488e-18 
8.835116511651167 2.7733273151054565e-18 
8.836116411641164 2.7723890226715273e-18 
8.837116311631164 2.7714511531087954e-18 
8.838116211621163 2.7705137061792592e-18 
8.839116111611162 2.7695766816450755e-18 
8.840116011601161 2.7686400792685638e-18 
8.84111591159116 2.7677038988122026e-18 
8.84211581158116 2.76676814003863e-18 
8.843115711571158 2.765832802710645e-18 
8.844115611561158 2.7648978865912073e-18 
8.845115511551157 2.7639633914434343e-18 
8.846115411541154 2.7630293170306087e-18 
8.847115311531153 2.7620956631161625e-18 
8.848115211521153 2.7611624294636957e-18 
8.849115111511152 2.760229615836966e-18 
8.85011501150115 2.7592972219998885e-18 
8.85111491149115 2.7583652477165384e-18 
8.85211481148115 2.7574336927511498e-18 
8.853114711471148 2.756502556868115e-18 
8.854114611461148 2.755571839831988e-18 
8.855114511451147 2.7546415414074766e-18 
8.856114411441146 2.75371166135945e-18 
8.857114311431143 2.7527821994529374e-18 
8.858114211421142 2.7518531554531205e-18 
8.859114111411142 2.750924529125345e-18 
8.86011401140114 2.749996320235111e-18 
8.86111391139114 2.749068528548078e-18 
8.862113811381139 2.748141153830063e-18 
8.863113711371138 2.7472141958470403e-18 
8.864113611361137 2.746287654365143e-18 
8.865113511351137 2.7453615291506584e-18 
8.866113411341136 2.744435819970034e-18 
8.867113311331135 2.743510526589874e-18 
8.868113211321132 2.742585648776939e-18 
8.869113111311131 2.7416611862981444e-18 
8.87011301130113 2.7407371389205663e-18 
8.87111291129113 2.7398135064114337e-18 
8.872112811281129 2.7388902885381354e-18 
8.873112711271128 2.7379674850682147e-18 
8.874112611261127 2.737045095769371e-18 
8.875112511251126 2.736123120409462e-18 
8.876112411241126 2.735201558756497e-18 
8.877112311231125 2.734280410578646e-18 
8.878112211221124 2.733359675644231e-18 
8.879112111211121 2.732439353721734e-18 
8.88011201120112 2.7315194445797852e-18 
8.88111191119112 2.7305999479871784e-18 
8.882111811181119 2.729680863712857e-18 
8.883111711171118 2.728762191525923e-18 
8.884111611161117 2.7278439311956307e-18 
8.885111511151116 2.7269260824913914e-18 
8.886111411141115 2.7260086451827703e-18 
8.887111311131115 2.7250916190394863e-18 
8.888111211121114 2.724175003831415e-18 
8.889111111111113 2.7232587993285845e-18 
8.89011101110111 2.7223430053011803e-18 
8.89111091109111 2.7214276215195366e-18 
8.892110811081109 2.7205126477541448e-18 
8.893110711071108 2.7195980837756515e-18 
8.894110611061107 2.7186839293548552e-18 
8.895110511051106 2.717770184262709e-18 
8.896110411041105 2.7168568482703197e-18 
8.897110311031105 2.7159439211489468e-18 
8.898110211021104 2.7150314026700028e-18 
8.899110111011103 2.7141192926050547e-18 
8.9001100110011 2.7132075907258236e-18 
8.9011099109911 2.712296296804179e-18 
8.902109810981099 2.7113854106121477e-18 
8.903109710971098 2.7104749319219065e-18 
8.904109610961097 2.709564860505787e-18 
8.905109510951096 2.708655196136273e-18 
8.906109410941095 2.7077459385859992e-18 
8.907109310931094 2.7068370876277538e-18 
8.908109210921094 2.705928643034477e-18 
8.909109110911093 2.7050206045792585e-18 
8.910109010901092 2.7041129720353454e-18 
8.91110891089109 2.7032057451761328e-18 
8.912108810881088 2.702298923775166e-18 
8.913108710871088 2.7013925076061436e-18 
8.914108610861087 2.7004864964429188e-18 
8.915108510851086 2.6995808900594904e-18 
8.916108410841085 2.6986756882300118e-18 
8.917108310831084 2.697770890728788e-18 
8.918108210821083 2.6968664973302725e-18 
8.919108110811083 2.695962507809072e-18 
8.920108010801082 2.6950589219399428e-18 
8.921107910791081 2.6941557394977915e-18 
8.922107810781078 2.693252960257676e-18 
8.923107710771077 2.692350583994803e-18 
8.924107610761077 2.691448610484531e-18 
8.925107510751076 2.6905470395023687e-18 
8.926107410741075 2.6896458708239746e-18 
8.927107310731074 2.6887451042251546e-18 
8.928107210721073 2.6878447394818697e-18 
8.929107110711072 2.686944776370226e-18 
8.930107010701072 2.686045214666481e-18 
8.93110691069107 2.6851460541470404e-18 
8.93210681068107 2.684247294588461e-18 
8.933106710671067 2.6833489357674493e-18 
8.934106610661066 2.6824509774608563e-18 
8.935106510651066 2.6815534194456867e-18 
8.936106410641065 2.6806562614990926e-18 
8.937106310631064 2.679759503398374e-18 
8.938106210621063 2.6788631449209813e-18 
8.939106110611062 2.6779671858445123e-18 
8.940106010601061 2.677071625946713e-18 
8.94110591059106 2.6761764650054773e-18 
8.94210581058106 2.675281702798849e-18 
8.943105710571059 2.674387339105018e-18 
8.944105610561056 2.673493373702325e-18 
8.945105510551056 2.6725998063692536e-18 
8.946105410541055 2.671706636884439e-18 
8.947105310531054 2.6708138650266643e-18 
8.948105210521053 2.669921490574856e-18 
8.949105110511052 2.669029513308093e-18 
8.950105010501051 2.6681379330055994e-18 
8.95110491049105 2.667246749446744e-18 
8.95210481048105 2.6663559624110473e-18 
8.953104710471049 2.6654655716781726e-18 
8.954104610461046 2.664575577027934e-18 
8.955104510451045 2.6636859782402863e-18 
8.956104410441045 2.6627967750953366e-18 
8.957104310431044 2.6619079673733343e-18 
8.958104210421043 2.66101955485468e-18 
8.959104110411042 2.6601315373199157e-18 
8.960104010401041 2.6592439145497306e-18 
8.96110391039104 2.658356686324963e-18 
8.96210381038104 2.6574698524265932e-18 
8.963103710371039 2.6565834126357495e-18 
8.964103610361038 2.6556973667337064e-18 
8.965103510351035 2.6548117145018813e-18 
8.966103410341034 2.6539264557218367e-18 
8.967103310331034 2.6530415901752858e-18 
8.968103210321033 2.6521571176440808e-18 
8.969103110311032 2.6512730379102223e-18 
8.970103010301031 2.6503893507558548e-18 
8.97110291029103 2.6495060559632673e-18 
8.97210281028103 2.648623153314897e-18 
8.973102710271029 2.64774064259332e-18 
8.974102610261028 2.6468585235812626e-18 
8.975102510251027 2.6459767960615904e-18 
8.976102410241024 2.645095459817318e-18 
8.977102310231023 2.644214514631599e-18 
8.978102210221023 2.6433339602877363e-18 
8.979102110211022 2.642453796569173e-18 
8.980102010201021 2.6415740232594985e-18 
8.98110191019102 2.6406946401424446e-18 
8.98210181018102 2.639815647001887e-18 
8.983101710171018 2.6389370436218455e-18 
8.984101610161018 2.638058829786482e-18 
8.985101510151017 2.6371810052801035e-18 
8.986101410141016 2.6363035698871576e-18 
8.987101310131013 2.6354265233922396e-18 
8.988101210121012 2.6345498655800816e-18 
8.989101110111012 2.633673596235562e-18 
8.99010101010101 2.632797715143703e-18 
8.99110091009101 2.631922222089668e-18 
8.99210081008101 2.631047116858762e-18 
8.993100710071008 2.630172399236434e-18 
8.994100610061007 2.629298069008274e-18 
8.995100510051007 2.628424125960016e-18 
8.996100410041006 2.627550569877536e-18 
8.997100310031005 2.6266774005468476e-18 
8.998100210021002 2.6258046177541136e-18 
8.999100110011002 2.624932221285631e-18 
9.000100010001 2.624060210927844e-18 
9.001099909991 2.623188586467336e-18 
9.002099809980999 2.6223173476908316e-18 
9.003099709970998 2.6214464943851983e-18 
9.004099609960997 2.6205760263374436e-18 
9.005099509950997 2.619705943334716e-18 
9.006099409940996 2.618836245164305e-18 
9.007099309930995 2.6179669316136418e-18 
9.008099209920992 2.6170980024702994e-18 
9.009099109910991 2.6162294575219867e-18 
9.01009900990099 2.6153612965565584e-18 
9.01109890989099 2.6144935193620073e-18 
9.012098809880989 2.6136261257264668e-18 
9.013098709870988 2.6127591154382102e-18 
9.014098609860987 2.6118924882856522e-18 
9.015098509850986 2.6110262440573453e-18 
9.016098409840986 2.6101603825419853e-18 
9.017098309830985 2.6092949035284047e-18 
9.018098209820984 2.6084298068055753e-18 
9.019098109810981 2.607565092162614e-18 
9.02009800980098 2.6067007593887684e-18 
9.02109790979098 2.605836808273432e-18 
9.022097809780979 2.6049732386061356e-18 
9.023097709770978 2.6041100501765494e-18 
9.024097609760977 2.603247242774483e-18 
9.025097509750976 2.6023848161898837e-18 
9.026097409740975 2.6015227702128393e-18 
9.027097309730975 2.600661104633575e-18 
9.028097209720974 2.5997998192424543e-18 
9.029097109710973 2.5989389138299807e-18 
9.03009700970097 2.5980783881867973e-18 
9.03109690969097 2.5972182421036794e-18 
9.032096809680969 2.5963584753715462e-18 
9.033096709670968 2.5954990877814547e-18 
9.034096609660967 2.594640079124597e-18 
9.035096509650966 2.5937814491923066e-18 
9.036096409640965 2.5929231977760508e-18 
9.037096309630964 2.592065324667437e-18 
9.038096209620964 2.5912078296582114e-18 
9.039096109610963 2.590350712540254e-18 
9.040096009600962 2.5894939731055853e-18 
9.04109590959096 2.588637611146363e-18 
9.042095809580958 2.587781626454878e-18 
9.043095709570958 2.5869260188235625e-18 
9.044095609560957 2.586070788044984e-18 
9.045095509550956 2.5852159339118467e-18 
9.046095409540955 2.5843614562169924e-18 
9.047095309530954 2.5835073547533986e-18 
9.048095209520953 2.5826536293141796e-18 
9.049095109510953 2.581800279692586e-18 
9.050095009500952 2.5809473056820042e-18 
9.051094909490951 2.5800947070759586e-18 
9.052094809480948 2.57924248366811e-18 
9.053094709470948 2.5783906352522496e-18 
9.054094609460947 2.577539161622309e-18 
9.055094509450946 2.576688062572358e-18 
9.056094409440945 2.5758373378965966e-18 
9.057094309430944 2.5749869873893643e-18 
9.058094209420943 2.574137010845134e-18 
9.059094109410943 2.573287408058514e-18 
9.060094009400942 2.5724381788242495e-18 
9.06109390939094 2.57158932293722e-18 
9.062093809380938 2.5707408401924397e-18 
9.063093709370937 2.5698927303850566e-18 
9.064093609360937 2.569044993310355e-18 
9.065093509350936 2.5681976287637553e-18 
9.066093409340935 2.5673506365408085e-18 
9.067093309330934 2.5665040164372048e-18 
9.068093209320933 2.5656577682487655e-18 
9.069093109310932 2.5648118917714473e-18 
9.070093009300932 2.5639663868013415e-18 
9.07109290929093 2.5631212531346727e-18 
9.07209280928093 2.562276490567801e-18 
9.073092709270927 2.5614320988972182e-18 
9.074092609260926 2.560588077919551e-18 
9.075092509250926 2.559744427431561e-18 
9.076092409240925 2.55890114723014e-18 
9.077092309230924 2.5580582371123172e-18 
9.078092209220923 2.5572156968752534e-18 
9.079092109210922 2.5563735263162422e-18 
9.080092009200921 2.5555317252327126e-18 
9.08109190919092 2.5546902934222223e-18 
9.08209180918092 2.5538492306824674e-18 
9.083091709170919 2.5530085368112723e-18 
9.084091609160916 2.5521682116065995e-18 
9.085091509150915 2.551328254866536e-18 
9.086091409140915 2.5504886663893088e-18 
9.087091309130914 2.5496494459732747e-18 
9.088091209120913 2.5488105934169228e-18 
9.089091109110912 2.547972108518873e-18 
9.090091009100911 2.5471339910778823e-18 
9.09109090909091 2.546296240892833e-18 
9.09209080908091 2.5454588577627463e-18 
9.093090709070909 2.544621841486769e-18 
9.094090609060908 2.543785191864183e-18 
9.095090509050905 2.5429489086944036e-18 
9.096090409040904 2.5421129917769724e-18 
9.097090309030904 2.5412774409115656e-18 
9.098090209020903 2.5404422558979927e-18 
9.099090109010902 2.5396074365361904e-18 
9.100090009000901 2.5387729826262295e-18 
9.1010899089909 2.5379388939683106e-18 
9.1020898089809 2.5371051703627667e-18 
9.103089708970899 2.5362718116100587e-18 
9.104089608960898 2.5354388175107813e-18 
9.105089508950897 2.534606187865659e-18 
9.106089408940894 2.5337739224755477e-18 
9.107089308930894 2.532942021141429e-18 
9.108089208920893 2.53211048366442e-18 
9.109089108910892 2.5312793098457673e-18 
9.110089008900891 2.5304484994868462e-18 
9.11108890889089 2.5296180523891634e-18 
9.11208880888089 2.5287879683543545e-18 
9.113088708870889 2.5279582471841848e-18 
9.114088608860888 2.5271288886805516e-18 
9.115088508850887 2.5262998926454792e-18 
9.116088408840884 2.525471258881124e-18 
9.117088308830883 2.5246429871897673e-18 
9.118088208820883 2.5238150773738253e-18 
9.119088108810882 2.5229875292358395e-18 
9.12008800880088 2.5221603425784834e-18 
9.12108790879088 2.521333517204558e-18 
9.12208780878088 2.520507052916993e-18 
9.123087708770878 2.5196809495188484e-18 
9.124087608760878 2.5188552068133113e-18 
9.125087508750877 2.5180298246036995e-18 
9.126087408740876 2.517204802693457e-18 
9.127087308730873 2.5163801408861597e-18 
9.128087208720872 2.5155558389855057e-18 
9.129087108710872 2.514731896795328e-18 
9.13008700870087 2.5139083141195854e-18 
9.13108690869087 2.5130850907623627e-18 
9.132086808680869 2.5122622265278768e-18 
9.133086708670868 2.5114397212204693e-18 
9.134086608660867 2.51061757464461e-18 
9.135086508650867 2.5097957866048983e-18 
9.136086408640866 2.508974356906059e-18 
9.137086308630865 2.5081532853529455e-18 
9.138086208620862 2.5073325717505398e-18 
9.139086108610861 2.506512215903947e-18 
9.14008600860086 2.505692217618405e-18 
9.14108590859086 2.5048725766992733e-18 
9.142085808580859 2.504053292952043e-18 
9.143085708570858 2.5032343661823315e-18 
9.144085608560857 2.502415796195879e-18 
9.145085508550856 2.501597582798558e-18 
9.146085408540856 2.500779725796364e-18 
9.147085308530855 2.4999622249954186e-18 
9.148085208520854 2.4991450802019737e-18 
9.149085108510851 2.4983282912224055e-18 
9.15008500850085 2.497511857863213e-18 
9.15108490849085 2.496695779931027e-18 
9.152084808480849 2.4958800572326e-18 
9.153084708470848 2.495064689574813e-18 
9.154084608460847 2.4942496767646724e-18 
9.155084508450846 2.4934350186093104e-18 
9.156084408440845 2.492620714915984e-18 
9.157084308430845 2.4918067654920775e-18 
9.158084208420844 2.4909931701450992e-18 
9.159084108410841 2.4901799286826834e-18 
9.16008400840084 2.4893670409125883e-18 
9.16108390839084 2.488554506642698e-18 
9.162083808380839 2.487742325681025e-18 
9.163083708370838 2.4869304978357015e-18 
9.164083608360837 2.4861190229149877e-18 
9.165083508350836 2.48530790072727e-18 
9.166083408340835 2.484497131081056e-18 
9.167083308330835 2.4836867137849794e-18 
9.168083208320834 2.4828766486477987e-18 
9.169083108310833 2.482066935478398e-18 
9.17008300830083 2.481257574085784e-18 
9.17108290829083 2.4804485642790876e-18 
9.172082808280829 2.479639905867564e-18 
9.173082708270828 2.478831598660593e-18 
9.174082608260827 2.4780236424676793e-18 
9.175082508250826 2.4772160370984502e-18 
9.176082408240825 2.4764087823626563e-18 
9.177082308230824 2.4756018780701736e-18 
9.178082208220824 2.4747953240310004e-18 
9.179082108210823 2.4739891200552586e-18 
9.180082008200822 2.4731832659531955e-18 
9.18108190819082 2.4723777615351784e-18 
9.182081808180818 2.471572606611699e-18 
9.183081708170818 2.4707678009933725e-18 
9.184081608160817 2.469963344490939e-18 
9.185081508150816 2.4691592369152583e-18 
9.186081408140815 2.4683554780773144e-18 
9.187081308130814 2.4675520677882152e-18 
9.188081208120813 2.4667490058591905e-18 
9.189081108110813 2.4659462921015907e-18 
9.190081008100812 2.4651439263268913e-18 
9.191080908090811 2.4643419083466895e-18 
9.192080808080808 2.4635402379727073e-18 
9.193080708070807 2.462738915016781e-18 
9.194080608060807 2.4619379392908763e-18 
9.195080508050806 2.46113731060708e-18 
9.196080408040805 2.4603370287775984e-18 
9.197080308030804 2.4595370936147622e-18 
9.198080208020803 2.4587375049310213e-18 
9.199080108010802 2.4579382625389488e-18 
9.200080008000802 2.4571393662512395e-18 
9.2010799079908 2.456340815880709e-18 
9.2020798079808 2.4555426112402944e-18 
9.203079707970797 2.4547447521430557e-18 
9.204079607960796 2.4539472384021698e-18 
9.205079507950796 2.453150069830939e-18 
9.206079407940795 2.452353246242785e-18 
9.207079307930794 2.451556767451251e-18 
9.208079207920793 2.4507606332699997e-18 
9.209079107910792 2.4499648435128154e-18 
9.210079007900791 2.4491693979936038e-18 
9.21107890789079 2.4483742965263905e-18 
9.21207880788079 2.44757953892532e-18 
9.213078707870787 2.4467851250046612e-18 
9.214078607860786 2.445991054578799e-18 
9.215078507850786 2.4451973274622387e-18 
9.216078407840785 2.4444039434696088e-18 
9.217078307830784 2.4436109024156576e-18 
9.218078207820783 2.442818204115249e-18 
9.219078107810782 2.4420258483833717e-18 
9.220078007800781 2.4412338350351317e-18 
9.22107790779078 2.440442163885755e-18 
9.22207780778078 2.439650834750587e-18 
9.223077707770779 2.4388598474450924e-18 
9.224077607760776 2.438069201784858e-18 
9.225077507750775 2.4372788975855837e-18 
9.226077407740775 2.436488934663094e-18 
9.227077307730774 2.435699312833332e-18 
9.228077207720773 2.4349100319123577e-18 
9.229077107710772 2.434121091716351e-18 
9.230077007700771 2.4333324920616113e-18 
9.23107690769077 2.432544232764556e-18 
9.23207680768077 2.4317563136417212e-18 
9.233076707670769 2.4309687345097615e-18 
9.234076607660768 2.43018149518545e-18 
9.235076507650765 2.4293945954856807e-18 
9.236076407640764 2.42860803522746e-18 
9.237076307630764 2.427821814227918e-18 
9.238076207620763 2.4270359323042997e-18 
9.239076107610762 2.4262503892739713e-18 
9.240076007600761 2.425465184954413e-18 
9.24107590759076 2.4246803191632265e-18 
9.24207580758076 2.4238957917181298e-18 
9.243075707570759 2.423111602436957e-18 
9.244075607560758 2.4223277511376627e-18 
9.245075507550757 2.4215442376383167e-18 
9.246075407540754 2.4207610617571096e-18 
9.247075307530753 2.4199782233123426e-18 
9.248075207520753 2.4191957221224406e-18 
9.249075107510752 2.418413558005942e-18 
9.250075007500751 2.4176317307815064e-18 
9.25107490749075 2.416850240267905e-18 
9.25207480748075 2.4160690862840303e-18 
9.253074707470748 2.4152882686488884e-18 
9.254074607460748 2.414507787181605e-18 
9.255074507450747 2.413727641701419e-18 
9.256074407440746 2.4129478320276897e-18 
9.257074307430743 2.4121683579798915e-18 
9.258074207420742 2.4113892193776118e-18 
9.259074107410742 2.4106104160405578e-18 
9.26007400740074 2.4098319477885533e-18 
9.26107390739074 2.409053814441537e-18 
9.26207380738074 2.4082760158195627e-18 
9.263073707370738 2.4074985517428016e-18 
9.264073607360737 2.4067214220315403e-18 
9.265073507350737 2.40594462650618e-18 
9.266073407340736 2.40516816498724e-18 
9.267073307330733 2.4043920372953554e-18 
9.268073207320732 2.403616243251271e-18 
9.269073107310732 2.402840782675853e-18 
9.27007300730073 2.402065655390082e-18 
9.27107290729073 2.4012908612150518e-18 
9.272072807280729 2.4005163999719724e-18 
9.273072707270728 2.3997422714821706e-18 
9.274072607260727 2.398968475567085e-18 
9.275072507250727 2.3981950120482705e-18 
9.276072407240726 2.3974218807473975e-18 
9.277072307230725 2.39664908148625e-18 
9.278072207220722 2.3958766140867293e-18 
9.279072107210721 2.395104478370845e-18 
9.28007200720072 2.3943326741607274e-18 
9.28107190719072 2.393561201278619e-18 
9.282071807180719 2.3927900595468765e-18 
9.283071707170718 2.392019248787971e-18 
9.284071607160717 2.3912487688244866e-18 
9.285071507150716 2.390478619479123e-18 
9.286071407140716 2.389708800574694e-18 
9.287071307130715 2.3889393119341246e-18 
9.288071207120714 2.3881701533804573e-18 
9.289071107110711 2.3874013247368473e-18 
9.29007100710071 2.386632825826559e-18 
9.29107090709071 2.385864656472976e-18 
9.292070807080709 2.3850968164995924e-18 
9.293070707070708 2.384329305730017e-18 
9.294070607060707 2.3835621239879716e-18 
9.295070507050706 2.3827952710972904e-18 
9.296070407040705 2.3820287468819205e-18 
9.297070307030705 2.3812625511659235e-18 
9.298070207020704 2.3804966837734732e-18 
9.299070107010703 2.3797311445288547e-18 
9.3000700070007 2.37896593325647e-18 
9.3010699069907 2.378201049780828e-18 
9.302069806980699 2.377436493926554e-18 
9.303069706970698 2.3766722655183857e-18 
9.304069606960697 2.375908364381172e-18 
9.305069506950696 2.375144790339874e-18 
9.306069406940695 2.374381543219568e-18 
9.307069306930694 2.3736186228454373e-18 
9.308069206920694 2.372856029042782e-18 
9.309069106910693 2.3720937616370113e-18 
9.310069006900692 2.371331820453648e-18 
9.31106890689069 2.370570205318327e-18 
9.312068806880688 2.369808916056791e-18 
9.313068706870688 2.3690479524948995e-18 
9.314068606860687 2.3682873144586208e-18 
9.315068506850686 2.3675270017740355e-18 
9.316068406840685 2.3667670142673348e-18 
9.317068306830684 2.3660073517648235e-18 
9.318068206820683 2.3652480140929153e-18 
9.319068106810683 2.364489001078134e-18 
9.320068006800682 2.3637303125471186e-18 
9.32106790679068 2.362971948326617e-18 
9.322067806780678 2.362213908243485e-18 
9.323067706770678 2.3614561921246938e-18 
9.324067606760677 2.360698799797323e-18 
9.325067506750676 2.359941731088564e-18 
9.326067406740675 2.3591849858257173e-18 
9.327067306730674 2.3584285638361957e-18 
9.328067206720673 2.3576724649475212e-18 
9.329067106710673 2.3569166889873256e-18 
9.330067006700672 2.3561612357833528e-18 
9.33106690669067 2.355406105163456e-18 
9.332066806680668 2.3546512969555978e-18 
9.333066706670667 2.353896810987851e-18 
9.334066606660667 2.3531426470883985e-18 
9.335066506650666 2.352388805085534e-18 
9.336066406640665 2.3516352848076597e-18 
9.337066306630664 2.3508820860832883e-18 
9.338066206620663 2.350129208741041e-18 
9.339066106610662 2.3493766526096502e-18 
9.340066006600662 2.3486244175179556e-18 
9.34106590659066 2.3478725032949087e-18 
9.34206580658066 2.3471209097695683e-18 
9.343065706570657 2.3463696367711044e-18 
9.344065606560656 2.3456186841287922e-18 
9.345065506550656 2.34486805167202e-18 
9.346065406540655 2.344117739230284e-18 
9.347065306530654 2.343367746633188e-18 
9.348065206520653 2.3426180737104452e-18 
9.349065106510652 2.3418687202918793e-18 
9.350065006500651 2.341119686207419e-18 
9.35106490649065 2.340370971287105e-18 
9.35206480648065 2.339622575361084e-18 
9.353064706470649 2.338874498259614e-18 
9.354064606460646 2.3381267398130585e-18 
9.355064506450645 2.3373792998518882e-18 
9.356064406440645 2.3366321782066854e-18 
9.357064306430644 2.33588537470814e-18 
9.358064206420643 2.3351388891870468e-18 
9.359064106410642 2.3343927214743114e-18 
9.360064006400641 2.333646871400947e-18 
9.36106390639064 2.332901338798073e-18 
9.36206380638064 2.332156123496917e-18 
9.363063706370639 2.331411225328815e-18 
9.364063606360638 2.3306666441252102e-18 
9.365063506350635 2.3299223797176546e-18 
9.366063406340635 2.3291784319378018e-18 
9.367063306330634 2.32843480061742e-18 
9.368063206320633 2.3276914855883797e-18 
9.369063106310632 2.326948486682661e-18 
9.370063006300631 2.3262058037323495e-18 
9.37106290629063 2.3254634365696404e-18 
9.37206280628063 2.324721385026831e-18 
9.373062706270629 2.32397964893633e-18 
9.374062606260628 2.3232382281306505e-18 
9.375062506250625 2.3224971224424138e-18 
9.376062406240624 2.3217563317043443e-18 
9.377062306230624 2.3210158557492755e-18 
9.378062206220623 2.3202756944101485e-18 
9.379062106210622 2.3195358475200083e-18 
9.380062006200621 2.3187963149120072e-18 
9.38106190619062 2.3180570964194033e-18 
9.38206180618062 2.3173181918755613e-18 
9.383061706170619 2.3165796011139506e-18 
9.384061606160618 2.3158413239681486e-18 
9.385061506150617 2.3151033602718365e-18 
9.386061406140614 2.314365709858803e-18 
9.387061306130613 2.31362837256294e-18 
9.388061206120613 2.312891348218248e-18 
9.389061106110612 2.312154636658831e-18 
9.390061006100611 2.311418237718899e-18 
9.39106090609061 2.3106821512327663e-18 
9.39206080608061 2.3099463770348557e-18 
9.393060706070608 2.309210914959692e-18 
9.394060606060608 2.308475764841907e-18 
9.395060506050607 2.3077409265162355e-18 
9.396060406040606 2.3070063998175193e-18 
9.397060306030603 2.3062721845807056e-18 
9.398060206020602 2.305538280640843e-18 
9.399060106010602 2.3048046878330867e-18 
9.4000600060006 2.3040714059926985e-18 
9.4010599059906 2.3033384349550426e-18 
9.402059805980599 2.3026057745555878e-18 
9.403059705970598 2.301873424629909e-18 
9.404059605960597 2.3011413850136825e-18 
9.405059505950597 2.3004096555426923e-18 
9.406059405940596 2.299678236052824e-18 
9.407059305930595 2.298947126380069e-18 
9.408059205920592 2.2982163263605223e-18 
9.409059105910591 2.2974858358303795e-18 
9.41005900590059 2.2967556546259462e-18 
9.41105890589059 2.296025782583627e-18 
9.412058805880589 2.2952962195399337e-18 
9.413058705870588 2.2945669653314788e-18 
9.414058605860587 2.2938380197949803e-18 
9.415058505850586 2.2931093827672585e-18 
9.416058405840586 2.292381054085238e-18 
9.417058305830585 2.2916530335859458e-18 
9.418058205820584 2.290925321106514e-18 
9.419058105810581 2.290197916484178e-18 
9.42005800580058 2.289470819556271e-18 
9.42105790579058 2.2887440301602356e-18 
9.422057805780579 2.288017548133615e-18 
9.423057705770578 2.287291373314055e-18 
9.424057605760577 2.286565505539305e-18 
9.425057505750576 2.2858399446472164e-18 
9.426057405740575 2.285114690475744e-18 
9.427057305730575 2.2843897428629446e-18 
9.428057205720574 2.2836651016469773e-18 
9.429057105710571 2.2829407666661058e-18 
9.43005700570057 2.282216737758692e-18 
9.43105690569057 2.2814930147632034e-18 
9.432056805680569 2.280769597518209e-18 
9.433056705670568 2.2800464858623794e-18 
9.434056605660567 2.2793236796344884e-18 
9.435056505650566 2.2786011786734103e-18 
9.436056405640565 2.2778789828181233e-18 
9.437056305630565 2.277157091907704e-18 
9.438056205620564 2.276435505781335e-18 
9.439056105610563 2.2757142242782974e-18 
9.44005600560056 2.2749932472379765e-18 
9.44105590559056 2.2742725744998558e-18 
9.442055805580559 2.2735522059035226e-18 
9.443055705570558 2.2728321412886656e-18 
9.444055605560557 2.2721123804950744e-18 
9.445055505550556 2.2713929233626392e-18 
9.446055405540555 2.2706737697313525e-18 
9.447055305530554 2.269954919441308e-18 
9.448055205520554 2.269236372332698e-18 
9.449055105510553 2.2685181282458195e-18 
9.450055005500552 2.2678001870210665e-18 
9.45105490549055 2.2670825484989382e-18 
9.452054805480548 2.26636521252003e-18 
9.453054705470548 2.2656481789250396e-18 
9.454054605460547 2.2649314475547665e-18 
9.455054505450546 2.26421501825011e-18 
9.456054405440545 2.2634988908520693e-18 
9.457054305430544 2.2627830652017445e-18 
9.458054205420543 2.2620675411403355e-18 
9.459054105410543 2.2613523185091434e-18 
9.460054005400542 2.2606373971495673e-18 
9.461053905390541 2.2599227769031096e-18 
9.462053805380538 2.259208457611371e-18 
9.463053705370537 2.258494439116049e-18 
9.464053605360537 2.2577807212589455e-18 
9.465053505350536 2.257067303881962e-18 
9.466053405340535 2.2563541868270956e-18 
9.467053305330534 2.255641369936448e-18 
9.468053205320533 2.2549288530522166e-18 
9.469053105310532 2.2542166360167007e-18 
9.470053005300532 2.2535047186722977e-18 
9.47105290529053 2.2527931008615043e-18 
9.472052805280528 2.252081782426919e-18 
9.473052705270527 2.2513707632112337e-18 
9.474052605260527 2.2506600430572444e-18 
9.475052505250526 2.249949621807846e-18 
9.476052405240525 2.2492394993060296e-18 
9.477052305230524 2.248529675394888e-18 
9.478052205220523 2.24782014991761e-18 
9.479052105210522 2.2471109227174863e-18 
9.480052005200521 2.2464019936379027e-18 
9.48105190519052 2.245693362522347e-18 
9.48205180518052 2.2449850292144036e-18 
9.483051705170517 2.244276993557757e-18 
9.484051605160516 2.2435692553961862e-18 
9.485051505150516 2.242861814573573e-18 
9.486051405140515 2.2421546709338948e-18 
9.487051305130514 2.241447824321228e-18 
9.488051205120513 2.2407412745797478e-18 
9.489051105110512 2.240035021553726e-18 
9.490051005100511 2.239329065087533e-18 
9.49105090509051 2.2386234050256378e-18 
9.49205080508051 2.2379180412126058e-18 
9.493050705070509 2.237212973493101e-18 
9.494050605060506 2.236508201711886e-18 
9.495050505050505 2.2358037257138175e-18 
9.496050405040505 2.235099545343853e-18 
9.497050305030504 2.2343956604470475e-18 
9.498050205020503 2.233692070868551e-18 
9.499050105010502 2.2329887764536128e-18 
9.500050005000501 2.23228577704758e-18 
9.5010499049905 2.2315830724958942e-18 
9.5020498049805 2.230880662644096e-18 
9.503049704970499 2.2301785473378223e-18 
9.504049604960498 2.229476726422808e-18 
9.505049504950495 2.228775199744885e-18 
9.506049404940494 2.228073967149978e-18 
9.507049304930494 2.227373028484114e-18 
9.508049204920493 2.2266723835934136e-18 
9.509049104910492 2.2259720323240946e-18 
9.510049004900491 2.225271974522471e-18 
9.51104890489049 2.2245722100349543e-18 
9.51204880488049 2.2238727387080512e-18 
9.513048704870489 2.223173560388365e-18 
9.514048604860488 2.222474674922596e-18 
9.515048504850487 2.22177608215754e-18 
9.516048404840484 2.22107778194009e-18 
9.517048304830483 2.2203797741172313e-18 
9.518048204820483 2.219682058536049e-18 
9.519048104810482 2.2189846350437238e-18 
9.520048004800481 2.218287503487531e-18 
9.52104790479048 2.2175906637148417e-18 
9.52204780478048 2.216894115573123e-18 
9.523047704770478 2.2161978589099383e-18 
9.524047604760478 2.215501893572945e-18 
9.525047504750477 2.214806219409897e-18 
9.526047404740474 2.2141108362686455e-18 
9.527047304730473 2.2134157439971315e-18 
9.528047204720473 2.212720942443396e-18 
9.529047104710472 2.2120264314555744e-18 
9.53004700470047 2.2113322108818965e-18 
9.53104690469047 2.210638280570687e-18 
9.53204680468047 2.2099446403703662e-18 
9.533046704670468 2.20925129012945e-18 
9.534046604660467 2.2085582296965464e-18 
9.535046504650467 2.2078654589203606e-18 
9.536046404640466 2.207172977649693e-18 
9.537046304630463 2.206480785733438e-18 
9.538046204620462 2.205788883020581e-18 
9.539046104610462 2.2050972693602067e-18 
9.54004600460046 2.2044059446014927e-18 
9.54104590459046 2.203714908593711e-18 
9.542045804580459 2.2030241611862266e-18 
9.543045704570458 2.2023337022285006e-18 
9.544045604560457 2.2016435315700873e-18 
9.545045504550457 2.200953649060635e-18 
9.546045404540456 2.2002640545498872e-18 
9.547045304530455 2.1995747478876788e-18 
9.548045204520452 2.1988857289239423e-18 
9.549045104510451 2.198196997508699e-18 
9.55004500450045 2.1975085534920688e-18 
9.55104490449045 2.196820396724262e-18 
9.552044804480449 2.196132527055586e-18 
9.553044704470448 2.1954449443364375e-18 
9.554044604460447 2.1947576484173084e-18 
9.555044504450446 2.1940706391487862e-18 
9.556044404440446 2.1933839163815482e-18 
9.557044304430445 2.1926974799663684e-18 
9.558044204420444 2.1920113297541097e-18 
9.559044104410441 2.1913254655957332e-18 
9.56004400440044 2.1906398873422883e-18 
9.56104390439044 2.189954594844921e-18 
9.562043804380439 2.1892695879548677e-18 
9.563043704370438 2.1885848665234595e-18 
9.564043604360437 2.1879004304021194e-18 
9.565043504350436 2.1872162794423636e-18 
9.566043404340435 2.1865324134957998e-18 
9.567043304330435 2.18584883241413e-18 
9.568043204320434 2.1851655360491473e-18 
9.569043104310433 2.1844825242527376e-18 
9.57004300430043 2.183799796876881e-18 
9.57104290429043 2.1831173537736464e-18 
9.572042804280429 2.182435194795197e-18 
9.573042704270428 2.181753319793789e-18 
9.574042604260427 2.181071728621769e-18 
9.575042504250426 2.1803904211315768e-18 
9.576042404240425 2.179709397175744e-18 
9.577042304230424 2.179028656606893e-18 
9.578042204220424 2.17834819927774e-18 
9.579042104210423 2.1776680250410915e-18 
9.58004200420042 2.1769881337498474e-18 
9.58104190419042 2.1763085252569952e-18 
9.582041804180419 2.175629199415618e-18 
9.583041704170418 2.1749501560788912e-18 
9.584041604160417 2.174271395100077e-18 
9.585041504150416 2.173592916332533e-18 
9.586041404140415 2.1729147196297067e-18 
9.587041304130414 2.1722368048451366e-18 
9.588041204120413 2.1715591718324527e-18 
9.589041104110413 2.170881820445376e-18 
9.590041004100412 2.1702047505377195e-18 
9.59104090409041 2.1695279619633867e-18 
9.592040804080408 2.16885145457637e-18 
9.593040704070408 2.1681752282307546e-18 
9.594040604060407 2.1674992827807176e-18 
9.595040504050406 2.166823618080524e-18 
9.596040404040405 2.1661482339845327e-18 
9.597040304030404 2.165473130347189e-18 
9.598040204020403 2.164798307023033e-18 
9.599040104010403 2.1641237638666928e-18 
9.600040004000402 2.163449500732888e-18 
9.6010399039904 2.1627755174764266e-18 
9.602039803980398 2.1621018139522115e-18 
9.603039703970397 2.1614283900152287e-18 
9.604039603960397 2.16075524552056e-18 
9.605039503950396 2.1600823803233752e-18 
9.606039403940395 2.1594097942789353e-18 
9.607039303930394 2.1587374872425885e-18 
9.608039203920393 2.1580654590697767e-18 
9.609039103910392 2.1573937096160287e-18 
9.610039003900392 2.1567222387369635e-18 
9.61103890389039 2.1560510462882907e-18 
9.61203880388039 2.1553801321258094e-18 
9.613038703870387 2.154709496105409e-18 
9.614038603860386 2.154039138083065e-18 
9.615038503850386 2.1533690579148444e-18 
9.616038403840385 2.1526992554569053e-18 
9.617038303830384 2.1520297305654932e-18 
9.618038203820383 2.151360483096943e-18 
9.619038103810382 2.150691512907679e-18 
9.620038003800381 2.150022819854214e-18 
9.62103790379038 2.1493544037931515e-18 
9.62203780378038 2.1486862645811815e-18 
9.623037703770379 2.1480184020750846e-18 
9.624037603760376 2.1473508161317316e-18 
9.625037503750375 2.1466835066080778e-18 
9.626037403740375 2.146016473361171e-18 
9.627037303730374 2.1453497162481456e-18 
9.628037203720373 2.144683235126227e-18 
9.629037103710372 2.1440170298527254e-18 
9.630037003700371 2.1433511002850428e-18 
9.63103690369037 2.142685446280668e-18 
9.63203680368037 2.1420200676971784e-18 
9.633036703670369 2.1413549643922405e-18 
9.634036603660366 2.1406901362236084e-18 
9.635036503650365 2.1400255830491214e-18 
9.636036403640365 2.139361304726712e-18 
9.637036303630364 2.138697301114398e-18 
9.638036203620363 2.1380335720702852e-18 
9.639036103610362 2.1373701174525675e-18 
9.640036003600361 2.136706937119527e-18 
9.64103590359036 2.1360440309295325e-18 
9.64203580358036 2.1353813987410423e-18 
9.643035703570359 2.1347190404126002e-18 
9.644035603560358 2.1340569558028397e-18 
9.645035503550355 2.13339514477048e-18 
9.646035403540354 2.1327336071743287e-18 
9.647035303530354 2.1320723428732793e-18 
9.648035203520353 2.1314113517263146e-18 
9.649035103510352 2.1307506335925044e-18 
9.650035003500351 2.130090188331005e-18 
9.65103490349035 2.1294300158010596e-18 
9.65203480348035 2.128770115861999e-18 
9.653034703470349 2.1281104883732404e-18 
9.654034603460348 2.1274511331942894e-18 
9.655034503450347 2.126792050184736e-18 
9.656034403440344 2.1261332392042603e-18 
9.657034303430343 2.1254747001126255e-18 
9.658034203420343 2.124816432769684e-18 
9.659034103410342 2.124158437035374e-18 
9.660034003400341 2.1235007127697203e-18 
9.66103390339034 2.1228432598328346e-18 
9.66203380338034 2.1221860780849137e-18 
9.663033703370338 2.121529167386243e-18 
9.664033603360338 2.1208725275971917e-18 
9.665033503350337 2.120216158578218e-18 
9.666033403340336 2.1195600601898638e-18 
9.667033303330333 2.118904232292759e-18 
9.668033203320332 2.1182486747476167e-18 
9.669033103310332 2.1175933874152402e-18 
9.67003300330033 2.116938370156514e-18 
9.67103290329033 2.1162836228324138e-18 
9.672032803280329 2.1156291453039962e-18 
9.673032703270328 2.1149749374324073e-18 
9.674032603260327 2.1143209990788756e-18 
9.675032503250327 2.113667330104718e-18 
9.676032403240326 2.113013930371335e-18 
9.677032303230325 2.112360799740214e-18 
9.678032203220322 2.1117079380729287e-18 
9.679032103210321 2.111055345231134e-18 
9.68003200320032 2.110403021076574e-18 
9.68103190319032 2.109750965471077e-18 
9.682031803180319 2.1090991782765564e-18 
9.683031703170318 2.108447659355011e-18 
9.684031603160317 2.1077964085685245e-18 
9.685031503150316 2.1071454257792647e-18 
9.686031403140316 2.1064947108494863e-18 
9.687031303130315 2.1058442636415274e-18 
9.688031203120312 2.1051940840178125e-18 
9.689031103110311 2.1045441718408473e-18 
9.69003100310031 2.1038945269732263e-18 
9.69103090309031 2.1032451492776264e-18 
9.692030803080309 2.1025960386168097e-18 
9.693030703070308 2.101947194853623e-18 
9.694030603060307 2.101298617850997e-18 
9.695030503050306 2.1006503074719474e-18 
9.696030403040306 2.1000022635795738e-18 
9.697030303030305 2.0993544860370615e-18 
9.698030203020304 2.0987069747076768e-18 
9.699030103010301 2.0980597294547745e-18 
9.7000300030003 2.0974127501417893e-18 
9.7010299029903 2.096766036632242e-18 
9.702029802980299 2.0961195887897377e-18 
9.703029702970298 2.0954734064779647e-18 
9.704029602960297 2.094827489560696e-18 
9.705029502950296 2.094181837901787e-18 
9.706029402940295 2.093536451365178e-18 
9.707029302930295 2.0928913298148925e-18 
9.708029202920294 2.0922464731150375e-18 
9.709029102910293 2.0916018811298053e-18 
9.71002900290029 2.090957553723469e-18 
9.71102890289029 2.0903134907603857e-18 
9.712028802880289 2.0896696921049973e-18 
9.713028702870288 2.089026157621828e-18 
9.714028602860287 2.0883828871754854e-18 
9.715028502850286 2.087739880630661e-18 
9.716028402840285 2.0870971378521283e-18 
9.717028302830284 2.0864546587047447e-18 
9.718028202820284 2.0858124430534514e-18 
9.719028102810283 2.085170490763269e-18 
9.720028002800282 2.084528801699306e-18 
9.72102790279028 2.083887375726752e-18 
9.722027802780278 2.0832462127108747e-18 
9.723027702770278 2.0826053125170316e-18 
9.724027602760277 2.081964675010658e-18 
9.725027502750276 2.0813243000572758e-18 
9.726027402740275 2.080684187522486e-18 
9.727027302730274 2.0800443372719724e-18 
9.728027202720273 2.0794047491715037e-18 
9.729027102710273 2.0787654230869288e-18 
9.730027002700272 2.0781263588841797e-18 
9.731026902690271 2.07748755642927e-18 
9.732026802680268 2.076849015588298e-18 
9.733026702670267 2.076210736227439e-18 
9.734026602660267 2.0755727182129555e-18 
9.735026502650266 2.074934961411189e-18 
9.736026402640265 2.074297465688565e-18 
9.737026302630264 2.0736602309115892e-18 
9.738026202620263 2.0730232569468508e-18 
9.739026102610262 2.072386543661018e-18 
9.740026002600262 2.0717500909208448e-18 
9.74102590259026 2.071113898593163e-18 
9.742025802580258 2.070477966544889e-18 
9.743025702570257 2.069842294643018e-18 
9.744025602560257 2.069206882754629e-18 
9.745025502550256 2.0685717307468803e-18 
9.746025402540255 2.067936838487014e-18 
9.747025302530254 2.067302205842352e-18 
9.748025202520253 2.0666678326802988e-18 
9.749025102510252 2.066033718868337e-18 
9.750025002500252 2.065399864274034e-18 
9.75102490249025 2.064766268765036e-18 
9.75202480248025 2.064132932209071e-18 
9.753024702470247 2.0634998544739495e-18 
9.754024602460246 2.0628670354275587e-18 
9.755024502450246 2.0622344749378707e-18 
9.756024402440245 2.061602172872937e-18 
9.757024302430244 2.0609701291008894e-18 
9.758024202420243 2.060338343489941e-18 
9.759024102410242 2.059706815908386e-18 
9.760024002400241 2.059075546224598e-18 
9.76102390239024 2.0584445343070308e-18 
9.76202380238024 2.057813780024221e-18 
9.763023702370239 2.057183283244783e-18 
9.764023602360236 2.056553043837414e-18 
9.765023502350235 2.0559230616708883e-18 
9.766023402340235 2.055293336614063e-18 
9.767023302330234 2.0546638685358746e-18 
9.768023202320233 2.0540346573053396e-18 
9.769023102310232 2.053405702791554e-18 
9.770023002300231 2.052777004863697e-18 
9.77102290229023 2.0521485633910218e-18 
9.77202280228023 2.0515203782428667e-18 
9.773022702270229 2.050892449288648e-18 
9.774022602260228 2.0502647763978624e-18 
9.775022502250225 2.049637359440085e-18 
9.776022402240224 2.0490101982849696e-18 
9.777022302230224 2.048383292802253e-18 
9.778022202220223 2.04775664286175e-18 
9.779022102210222 2.0471302483333537e-18 
9.780022002200221 2.046504109087038e-18 
9.78102190219022 2.045878224992856e-18 
9.78202180218022 2.0452525959209392e-18 
9.783021702170219 2.0446272217415e-18 
9.784021602160218 2.0440021023248277e-18 
9.785021502150215 2.0433772375412953e-18 
9.786021402140214 2.042752627261347e-18 
9.787021302130213 2.0421282713555134e-18 
9.788021202120213 2.041504169694401e-18 
9.789021102110212 2.0408803221486954e-18 
9.790021002100211 2.040256728589162e-18 
9.79102090209021 2.0396333888866432e-18 
9.79202080208021 2.0390103029120615e-18 
9.793020702070208 2.0383874705364186e-18 
9.794020602060208 2.0377648916307938e-18 
9.795020502050207 2.0371425660663445e-18 
9.796020402040204 2.0365204937143092e-18 
9.797020302030203 2.0358986744460005e-18 
9.798020202020203 2.0352771081328135e-18 
9.799020102010202 2.0346557946462197e-18 
9.8000200020002 2.0340347338577697e-18 
9.8010199019902 2.033413925639092e-18 
9.8020198019802 2.0327933698618924e-18 
9.803019701970198 2.0321730663979574e-18 
9.804019601960198 2.0315530151191485e-18 
9.805019501950197 2.030933215897408e-18 
9.806019401940196 2.030313668604753e-18 
9.807019301930193 2.0296943731132823e-18 
9.808019201920192 2.0290753292951692e-18 
9.809019101910192 2.028456537022666e-18 
9.81001900190019 2.0278379961681043e-18 
9.81101890189019 2.027219706603891e-18 
9.812018801880189 2.0266016682025116e-18 
9.813018701870188 2.0259838808365305e-18 
9.814018601860187 2.025366344378587e-18 
9.815018501850187 2.0247490587014003e-18 
9.816018401840186 2.0241320236777664e-18 
9.817018301830185 2.023515239180557e-18 
9.818018201820182 2.022898705082724e-18 
9.819018101810181 2.0222824212572924e-18 
9.82001800180018 2.0216663875773686e-18 
9.82101790179018 2.0210506039161354e-18 
9.822017801780179 2.0204350701468497e-18 
9.823017701770178 2.0198197861428497e-18 
9.824017601760177 2.0192047517775467e-18 
9.825017501750176 2.0185899669244313e-18 
9.826017401740176 2.0179754314570708e-18 
9.827017301730175 2.0173611452491085e-18 
9.828017201720174 2.0167471081742645e-18 
9.829017101710171 2.016133320106337e-18 
9.83001700170017 2.0155197809191984e-18 
9.83101690169017 2.014906490486799e-18 
9.832016801680169 2.014293448683167e-18 
9.833016701670168 2.013680655382405e-18 
9.834016601660167 2.0130681104586936e-18 
9.835016501650166 2.0124558137862878e-18 
9.836016401640165 2.011843765239521e-18 
9.837016301630165 2.0112319646928025e-18 
9.838016201620164 2.0106204120206173e-18 
9.839016101610161 2.0100091070975264e-18 
9.84001600160016 2.0093980497981667e-18 
9.84101590159016 2.008787239997252e-18 
9.842015801580159 2.0081766775695716e-18 
9.843015701570158 2.007566362389991e-18 
9.844015601560157 2.006956294333452e-18 
9.845015501550156 2.0063464732749713e-18 
9.846015401540155 2.005736899089642e-18 
9.847015301530154 2.005127571652633e-18 
9.848015201520154 2.0045184908391877e-18 
9.849015101510153 2.003909656524627e-18 
9.85001500150015 2.003301068584348e-18 
9.85101490149015 2.002692726893819e-18 
9.852014801480149 2.0020846313285876e-18 
9.853014701470148 2.0014767817642758e-18 
9.854014601460147 2.000869178076581e-18 
9.855014501450146 2.000261820141277e-18 
9.856014401440145 1.9996547078342098e-18 
9.857014301430144 1.9990478410313045e-18 
9.858014201420144 1.998441219608558e-18 
9.859014101410143 1.9978348434420443e-18 
9.860014001400142 1.997228712407912e-18 
9.86101390139014 1.9966228263823853e-18 
9.862013801380138 1.996017185241761e-18 
9.863013701370138 1.9954117888624127e-18 
9.864013601360137 1.994806637120789e-18 
9.865013501350136 1.994201729893413e-18 
9.866013401340135 1.993597067056882e-18 
9.867013301330134 1.9929926484878682e-18 
9.868013201320133 1.992388474063119e-18 
9.869013101310133 1.991784543659456e-18 
9.870013001300132 1.9911808571537744e-18 
9.87101290129013 1.9905774144230453e-18 
9.872012801280128 1.9899742153443147e-18 
9.873012701270127 1.9893712597946998e-18 
9.874012601260127 1.988768547651395e-18 
9.875012501250126 1.9881660787916687e-18 
9.876012401240125 1.987563853092862e-18 
9.877012301230124 1.9869618704323923e-18 
9.878012201220123 1.9863601306877492e-18 
9.879012101210122 1.9857586337364972e-18 
9.880012001200122 1.9851573794562747e-18 
9.88101190119012 1.9845563677247936e-18 
9.88201180118012 1.983955598419841e-18 
9.883011701170117 1.9833550714192773e-18 
9.884011601160116 1.982754786601034e-18 
9.885011501150116 1.9821547438431204e-18 
9.886011401140115 1.9815549430236178e-18 
9.887011301130114 1.9809553840206804e-18 
9.888011201120113 1.9803560667125367e-18 
9.889011101110112 1.979756990977489e-18 
9.890011001100111 1.979158156693913e-18 
9.89101090109011 1.9785595637402575e-18 
9.89201080108011 1.9779612119950445e-18 
9.893010701070107 1.9773631013368707e-18 
9.894010601060106 1.976765231644403e-18 
9.895010501050105 1.9761676027963837e-18 
9.896010401040105 1.9755702146716293e-18 
9.897010301030104 1.974973067149028e-18 
9.898010201020103 1.9743761601075404e-18 
9.899010101010102 1.9737794934262016e-18 
9.900010001000101 1.973183066984119e-18 
9.9010099009901 1.9725868806604724e-18 
9.9020098009801 1.9719909343345154e-18 
9.903009700970099 1.9713952278855735e-18 
9.904009600960096 1.970799761193047e-18 
9.905009500950095 1.970204534136405e-18 
9.906009400940095 1.969609546595193e-18 
9.907009300930094 1.969014798449028e-18 
9.908009200920093 1.9684202895775973e-18 
9.909009100910092 1.9678260198606646e-18 
9.910009000900091 1.9672319891780633e-18 
9.91100890089009 1.9666381974097005e-18 
9.91200880088009 1.9660446444355553e-18 
9.913008700870089 1.9654513301356778e-18 
9.914008600860088 1.964858254390193e-18 
9.915008500850085 1.964265417079296e-18 
9.916008400840084 1.9636728180832537e-18 
9.917008300830084 1.963080457282407e-18 
9.918008200820083 1.9624883345571674e-18 
9.919008100810082 1.9618964497880193e-18 
9.920008000800081 1.961304802855518e-18 
9.92100790079008 1.9607133936402926e-18 
9.92200780078008 1.9601222220230414e-18 
9.923007700770079 1.9595312878845358e-18 
9.924007600760078 1.9589405911056206e-18 
9.925007500750077 1.9583501315672087e-18 
9.926007400740074 1.957759909150289e-18 
9.927007300730073 1.957169923735917e-18 
9.928007200720073 1.9565801752052234e-18 
9.929007100710072 1.9559906634394093e-18 
9.930007000700071 1.955401388319748e-18 
9.93100690069007 1.954812349727582e-18 
9.93200680068007 1.9542235475443283e-18 
9.933006700670068 1.953634981651472e-18 
9.934006600660068 1.953046651930572e-18 
9.935006500650067 1.9524585582632566e-18 
9.936006400640066 1.9518707005312268e-18 
9.937006300630063 1.9512830786162542e-18 
9.938006200620062 1.9506956924001794e-18 
9.939006100610062 1.950108541764916e-18 
9.94000600060006 1.949521626592449e-18 
9.94100590059006 1.9489349467648338e-18 
9.94200580058006 1.9483485021641957e-18 
9.943005700570058 1.9477622926727313e-18 
9.944005600560057 1.9471763181727084e-18 
9.945005500550057 1.946590578546466e-18 
9.946005400540056 1.9460050736764117e-18 
9.947005300530053 1.9454198034450267e-18 
9.948005200520052 1.9448347677348583e-18 
9.949005100510051 1.9442499664285284e-18 
9.95000500050005 1.943665399408728e-18 
9.95100490049005 1.9430810665582192e-18 
9.952004800480049 1.942496967759832e-18 
9.953004700470048 1.941913102896469e-18 
9.954004600460047 1.9413294718511033e-18 
9.955004500450046 1.9407460745067753e-18 
9.956004400440046 1.9401629107466003e-18 
9.957004300430045 1.9395799804537588e-18 
9.958004200420042 1.9389972835115054e-18 
9.959004100410041 1.938414819803161e-18 
9.96000400040004 1.9378325892121185e-18 
9.96100390039004 1.937250591621841e-18 
9.962003800380039 1.9366688269158616e-18 
9.963003700370038 1.9360872949777805e-18 
9.964003600360037 1.935505995691272e-18 
9.965003500350036 1.9349249289400773e-18 
9.966003400340036 1.9343440946080066e-18 
9.967003300330035 1.9337634925789414e-18 
9.968003200320034 1.9331831227368334e-18 
9.969003100310031 1.932602984965702e-18 
9.97000300030003 1.9320230791496365e-18 
9.97100290029003 1.931443405172795e-18 
9.972002800280029 1.9308639629194076e-18 
9.973002700270028 1.9302847522737708e-18 
9.974002600260027 1.9297057731202518e-18 
9.975002500250026 1.9291270253432866e-18 
9.976002400240025 1.928548508827381e-18 
9.977002300230025 1.9279702234571096e-18 
9.978002200220024 1.927392169117115e-18 
9.979002100210023 1.926814345692111e-18 
9.98000200020002 1.9262367530668793e-18 
9.98100190019002 1.9256593911262683e-18 
9.982001800180019 1.9250822597551996e-18 
9.983001700170018 1.9245053588386597e-18 
9.984001600160017 1.923928688261707e-18 
9.985001500150016 1.9233522479094665e-18 
9.986001400140015 1.922776037667133e-18 
9.987001300130014 1.9222000574199697e-18 
9.988001200120014 1.9216243070533084e-18 
9.989001100110013 1.921048786452549e-18 
9.990001000100012 1.9204734955031598e-18 
9.99100090009001 1.9198984340906807e-18 
9.992000800080008 1.919323602100714e-18 
9.993000700070008 1.9187489994189342e-18 
9.994000600060007 1.9181746259310852e-18 
9.995000500050006 1.9176004815229766e-18 
9.996000400040005 1.9170265660804872e-18 
9.997000300030004 1.9164528794895644e-18 
9.998000200020003 1.9158794216362235e-18 
9.999000100010003 1.9153061924065466e-18 
