1e-08 1.1869e-10
1.0044e-08 1.1869e-10
1.0088e-08 1.1869e-10
1.0132e-08 1.1869e-10
1.0177e-08 1.1869e-10
1.0221e-08 1.1869e-10
1.0266e-08 1.1869e-10
1.0311e-08 1.1869e-10
1.0356e-08 1.1869e-10
1.0402e-08 1.1869e-10
1.0447e-08 1.1869e-10
1.0493e-08 1.1869e-10
1.0539e-08 1.1869e-10
1.0586e-08 1.1869e-10
1.0632e-08 1.1869e-10
1.0679e-08 1.1869e-10
1.0725e-08 1.1869e-10
1.0773e-08 1.1869e-10
1.082e-08 1.1869e-10
1.0867e-08 1.1869e-10
1.0915e-08 1.1869e-10
1.0963e-08 1.1869e-10
1.1011e-08 1.1869e-10
1.1059e-08 1.1869e-10
1.1108e-08 1.1869e-10
1.1156e-08 1.1869e-10
1.1205e-08 1.1869e-10
1.1255e-08 1.1869e-10
1.1304e-08 1.1869e-10
1.1353e-08 1.1869e-10
1.1403e-08 1.1869e-10
1.1453e-08 1.1869e-10
1.1504e-08 1.1869e-10
1.1554e-08 1.1869e-10
1.1605e-08 1.1869e-10
1.1656e-08 1.1869e-10
1.1707e-08 1.1869e-10
1.1758e-08 1.1869e-10
1.181e-08 1.1869e-10
1.1861e-08 1.1869e-10
1.1914e-08 1.1869e-10
1.1966e-08 1.1869e-10
1.2018e-08 1.1869e-10
1.2071e-08 1.1869e-10
1.2124e-08 1.1869e-10
1.2177e-08 1.1869e-10
1.2231e-08 1.1869e-10
1.2284e-08 1.1869e-10
1.2338e-08 1.1869e-10
1.2392e-08 1.1869e-10
1.2447e-08 1.1869e-10
1.2501e-08 1.1869e-10
1.2556e-08 1.1869e-10
1.2611e-08 1.1869e-10
1.2666e-08 1.1869e-10
1.2722e-08 1.1869e-10
1.2778e-08 1.1869e-10
1.2834e-08 1.1869e-10
1.289e-08 1.1869e-10
1.2947e-08 1.1869e-10
1.3003e-08 1.1869e-10
1.3061e-08 1.1869e-10
1.3118e-08 1.1869e-10
1.3175e-08 1.1869e-10
1.3233e-08 1.1869e-10
1.3291e-08 1.1869e-10
1.335e-08 1.1869e-10
1.3408e-08 1.1869e-10
1.3467e-08 1.1869e-10
1.3526e-08 1.1869e-10
1.3585e-08 1.1869e-10
1.3645e-08 1.1869e-10
1.3705e-08 1.1869e-10
1.3765e-08 1.1869e-10
1.3825e-08 1.1869e-10
1.3886e-08 1.1869e-10
1.3947e-08 1.1869e-10
1.4008e-08 1.1869e-10
1.4069e-08 1.1869e-10
1.4131e-08 1.1869e-10
1.4193e-08 1.1869e-10
1.4255e-08 1.1869e-10
1.4318e-08 1.1869e-10
1.4381e-08 1.1869e-10
1.4444e-08 1.1869e-10
1.4507e-08 1.1869e-10
1.4571e-08 1.1869e-10
1.4635e-08 1.1869e-10
1.4699e-08 1.1869e-10
1.4763e-08 1.1869e-10
1.4828e-08 1.1869e-10
1.4893e-08 1.1869e-10
1.4959e-08 1.1869e-10
1.5024e-08 1.1869e-10
1.509e-08 1.1869e-10
1.5156e-08 1.1869e-10
1.5223e-08 1.1869e-10
1.529e-08 1.1869e-10
1.5357e-08 1.1869e-10
1.5424e-08 1.1869e-10
1.5492e-08 1.1869e-10
1.556e-08 1.1869e-10
1.5628e-08 1.1869e-10
1.5696e-08 1.1869e-10
1.5765e-08 1.1869e-10
1.5834e-08 1.1869e-10
1.5904e-08 1.1869e-10
1.5974e-08 1.1869e-10
1.6044e-08 1.1869e-10
1.6114e-08 1.1869e-10
1.6185e-08 1.1869e-10
1.6256e-08 1.1869e-10
1.6327e-08 1.1869e-10
1.6399e-08 1.1869e-10
1.6471e-08 1.1869e-10
1.6543e-08 1.1869e-10
1.6616e-08 1.1869e-10
1.6688e-08 1.1869e-10
1.6762e-08 1.1869e-10
1.6835e-08 1.1869e-10
1.6909e-08 1.1869e-10
1.6983e-08 1.1869e-10
1.7058e-08 1.1869e-10
1.7133e-08 1.1869e-10
1.7208e-08 1.1869e-10
1.7283e-08 1.1869e-10
1.7359e-08 1.1869e-10
1.7435e-08 1.1869e-10
1.7512e-08 1.1869e-10
1.7588e-08 1.1869e-10
1.7666e-08 1.1869e-10
1.7743e-08 1.1869e-10
1.7821e-08 1.1869e-10
1.7899e-08 1.1869e-10
1.7978e-08 1.1869e-10
1.8057e-08 1.1869e-10
1.8136e-08 1.1869e-10
1.8215e-08 1.1869e-10
1.8295e-08 1.1869e-10
1.8375e-08 1.1869e-10
1.8456e-08 1.1869e-10
1.8537e-08 1.1869e-10
1.8618e-08 1.1869e-10
1.87e-08 1.1869e-10
1.8782e-08 1.1869e-10
1.8864e-08 1.1869e-10
1.8947e-08 1.1869e-10
1.903e-08 1.1869e-10
1.9114e-08 1.1869e-10
1.9198e-08 1.1869e-10
1.9282e-08 1.1869e-10
1.9366e-08 1.1869e-10
1.9451e-08 1.1869e-10
1.9537e-08 1.1869e-10
1.9622e-08 1.1869e-10
1.9708e-08 1.1869e-10
1.9795e-08 1.1869e-10
1.9882e-08 1.1869e-10
1.9969e-08 1.1869e-10
2.0057e-08 1.1869e-10
2.0145e-08 1.1869e-10
2.0233e-08 1.1869e-10
2.0322e-08 1.1869e-10
2.0411e-08 1.1869e-10
2.05e-08 1.1869e-10
2.059e-08 1.1869e-10
2.0681e-08 1.1869e-10
2.0771e-08 1.1869e-10
2.0863e-08 1.1869e-10
2.0954e-08 1.1869e-10
2.1046e-08 1.1869e-10
2.1138e-08 1.1869e-10
2.1231e-08 1.1869e-10
2.1324e-08 1.1869e-10
2.1418e-08 1.1869e-10
2.1512e-08 1.1869e-10
2.1606e-08 1.1869e-10
2.1701e-08 1.1869e-10
2.1796e-08 1.1869e-10
2.1892e-08 1.1869e-10
2.1988e-08 1.1869e-10
2.2084e-08 1.1869e-10
2.2181e-08 1.1869e-10
2.2278e-08 1.1869e-10
2.2376e-08 1.1869e-10
2.2474e-08 1.1869e-10
2.2573e-08 1.1869e-10
2.2672e-08 1.1869e-10
2.2771e-08 1.1869e-10
2.2871e-08 1.1869e-10
2.2971e-08 1.1869e-10
2.3072e-08 1.1869e-10
2.3173e-08 1.1869e-10
2.3275e-08 1.1869e-10
2.3377e-08 1.1869e-10
2.348e-08 1.1869e-10
2.3583e-08 1.1869e-10
2.3686e-08 1.1869e-10
2.379e-08 1.1869e-10
2.3894e-08 1.1869e-10
2.3999e-08 1.1869e-10
2.4105e-08 1.1869e-10
2.421e-08 1.1869e-10
2.4316e-08 1.1869e-10
2.4423e-08 1.1869e-10
2.453e-08 1.1869e-10
2.4638e-08 1.1869e-10
2.4746e-08 1.1869e-10
2.4855e-08 1.1869e-10
2.4964e-08 1.1869e-10
2.5073e-08 1.1869e-10
2.5183e-08 1.1869e-10
2.5294e-08 1.1869e-10
2.5405e-08 1.1869e-10
2.5516e-08 1.1869e-10
2.5628e-08 1.1869e-10
2.574e-08 1.1869e-10
2.5853e-08 1.1869e-10
2.5967e-08 1.1869e-10
2.6081e-08 1.1869e-10
2.6195e-08 1.1869e-10
2.631e-08 1.1869e-10
2.6425e-08 1.1869e-10
2.6541e-08 1.1869e-10
2.6658e-08 1.1869e-10
2.6775e-08 1.1869e-10
2.6892e-08 1.1869e-10
2.701e-08 1.1869e-10
2.7128e-08 1.1869e-10
2.7248e-08 1.1869e-10
2.7367e-08 1.1869e-10
2.7487e-08 1.1869e-10
2.7608e-08 1.1869e-10
2.7729e-08 1.1869e-10
2.785e-08 1.1869e-10
2.7973e-08 1.1869e-10
2.8095e-08 1.1869e-10
2.8219e-08 1.1869e-10
2.8342e-08 1.1869e-10
2.8467e-08 1.1869e-10
2.8592e-08 1.1869e-10
2.8717e-08 1.1869e-10
2.8843e-08 1.1869e-10
2.8969e-08 1.1869e-10
2.9097e-08 1.1869e-10
2.9224e-08 1.1869e-10
2.9352e-08 1.1869e-10
2.9481e-08 1.1869e-10
2.961e-08 1.1869e-10
2.974e-08 1.1869e-10
2.9871e-08 1.1869e-10
3.0002e-08 1.1869e-10
3.0133e-08 1.1869e-10
3.0266e-08 1.1869e-10
3.0398e-08 1.1869e-10
3.0532e-08 1.1869e-10
3.0666e-08 1.1869e-10
3.08e-08 1.1869e-10
3.0935e-08 1.1869e-10
3.1071e-08 1.1869e-10
3.1207e-08 1.1869e-10
3.1344e-08 1.1869e-10
3.1482e-08 1.1869e-10
3.162e-08 1.1869e-10
3.1759e-08 1.1869e-10
3.1898e-08 1.1869e-10
3.2038e-08 1.1869e-10
3.2178e-08 1.1869e-10
3.232e-08 1.1869e-10
3.2461e-08 1.1869e-10
3.2604e-08 1.1869e-10
3.2747e-08 1.1869e-10
3.289e-08 1.1869e-10
3.3035e-08 1.1869e-10
3.318e-08 1.1869e-10
3.3325e-08 1.1869e-10
3.3471e-08 1.1869e-10
3.3618e-08 1.1869e-10
3.3766e-08 1.1869e-10
3.3914e-08 1.1869e-10
3.4063e-08 1.1869e-10
3.4212e-08 1.1869e-10
3.4362e-08 1.1869e-10
3.4513e-08 1.1869e-10
3.4664e-08 1.1869e-10
3.4816e-08 1.1869e-10
3.4969e-08 1.1869e-10
3.5122e-08 1.1869e-10
3.5276e-08 1.1869e-10
3.5431e-08 1.1869e-10
3.5587e-08 1.1869e-10
3.5743e-08 1.1869e-10
3.59e-08 1.1869e-10
3.6057e-08 1.1869e-10
3.6215e-08 1.1869e-10
3.6374e-08 1.1869e-10
3.6534e-08 1.1869e-10
3.6694e-08 1.1869e-10
3.6855e-08 1.1869e-10
3.7017e-08 1.1869e-10
3.7179e-08 1.1869e-10
3.7342e-08 1.1869e-10
3.7506e-08 1.1869e-10
3.767e-08 1.1869e-10
3.7836e-08 1.1869e-10
3.8002e-08 1.1869e-10
3.8168e-08 1.1869e-10
3.8336e-08 1.1869e-10
3.8504e-08 1.1869e-10
3.8673e-08 1.1869e-10
3.8842e-08 1.1869e-10
3.9013e-08 1.1869e-10
3.9184e-08 1.1869e-10
3.9356e-08 1.1869e-10
3.9529e-08 1.1869e-10
3.9702e-08 1.1869e-10
3.9876e-08 1.1869e-10
4.0051e-08 1.1869e-10
4.0227e-08 1.1869e-10
4.0403e-08 1.1869e-10
4.058e-08 1.1869e-10
4.0758e-08 1.1869e-10
4.0937e-08 1.1869e-10
4.1117e-08 1.1869e-10
4.1297e-08 1.1869e-10
4.1478e-08 1.1869e-10
4.166e-08 1.1869e-10
4.1843e-08 1.1869e-10
4.2027e-08 1.1869e-10
4.2211e-08 1.1869e-10
4.2396e-08 1.1869e-10
4.2582e-08 1.1869e-10
4.2769e-08 1.1869e-10
4.2957e-08 1.1869e-10
4.3145e-08 1.1869e-10
4.3334e-08 1.1869e-10
4.3524e-08 1.1869e-10
4.3715e-08 1.1869e-10
4.3907e-08 1.1869e-10
4.41e-08 1.1869e-10
4.4293e-08 1.1869e-10
4.4487e-08 1.1869e-10
4.4683e-08 1.1869e-10
4.4879e-08 1.1869e-10
4.5076e-08 1.1869e-10
4.5273e-08 1.1869e-10
4.5472e-08 1.1869e-10
4.5671e-08 1.1869e-10
4.5872e-08 1.1869e-10
4.6073e-08 1.1869e-10
4.6275e-08 1.1869e-10
4.6478e-08 1.1869e-10
4.6682e-08 1.1869e-10
4.6887e-08 1.1869e-10
4.7092e-08 1.1869e-10
4.7299e-08 1.1869e-10
4.7506e-08 1.1869e-10
4.7715e-08 1.1869e-10
4.7924e-08 1.1869e-10
4.8134e-08 1.1869e-10
4.8346e-08 1.1869e-10
4.8558e-08 1.1869e-10
4.8771e-08 1.1869e-10
4.8985e-08 1.1869e-10
4.9199e-08 1.1869e-10
4.9415e-08 1.1869e-10
4.9632e-08 1.1869e-10
4.985e-08 1.1869e-10
5.0068e-08 1.1869e-10
5.0288e-08 1.1869e-10
5.0509e-08 1.1869e-10
5.073e-08 1.1869e-10
5.0953e-08 1.1869e-10
5.1176e-08 1.1869e-10
5.1401e-08 1.1869e-10
5.1626e-08 1.1869e-10
5.1853e-08 1.1869e-10
5.208e-08 1.1869e-10
5.2309e-08 1.1869e-10
5.2538e-08 1.1869e-10
5.2769e-08 1.1869e-10
5.3e-08 1.1869e-10
5.3233e-08 1.1869e-10
5.3466e-08 1.1869e-10
5.3701e-08 1.1869e-10
5.3936e-08 1.1869e-10
5.4173e-08 1.1869e-10
5.4411e-08 1.1869e-10
5.4649e-08 1.1869e-10
5.4889e-08 1.1869e-10
5.513e-08 1.1869e-10
5.5372e-08 1.1869e-10
5.5615e-08 1.1869e-10
5.5858e-08 1.1869e-10
5.6104e-08 1.1869e-10
5.635e-08 1.1869e-10
5.6597e-08 1.1869e-10
5.6845e-08 1.1869e-10
5.7094e-08 1.1869e-10
5.7345e-08 1.1869e-10
5.7597e-08 1.1869e-10
5.7849e-08 1.1869e-10
5.8103e-08 1.1869e-10
5.8358e-08 1.1869e-10
5.8614e-08 1.1869e-10
5.8871e-08 1.1869e-10
5.9129e-08 1.1869e-10
5.9389e-08 1.1869e-10
5.9649e-08 1.1869e-10
5.9911e-08 1.1869e-10
6.0174e-08 1.1869e-10
6.0438e-08 1.1869e-10
6.0703e-08 1.1869e-10
6.0969e-08 1.1869e-10
6.1236e-08 1.1869e-10
6.1505e-08 1.1869e-10
6.1775e-08 1.1869e-10
6.2046e-08 1.1869e-10
6.2318e-08 1.1869e-10
6.2591e-08 1.1869e-10
6.2866e-08 1.1869e-10
6.3142e-08 1.1869e-10
6.3419e-08 1.1869e-10
6.3697e-08 1.1869e-10
6.3976e-08 1.1869e-10
6.4257e-08 1.1869e-10
6.4539e-08 1.1869e-10
6.4822e-08 1.1869e-10
6.5106e-08 1.1869e-10
6.5392e-08 1.1869e-10
6.5679e-08 1.1869e-10
6.5967e-08 1.1869e-10
6.6256e-08 1.1869e-10
6.6547e-08 1.1869e-10
6.6839e-08 1.1869e-10
6.7132e-08 1.1869e-10
6.7427e-08 1.1869e-10
6.7722e-08 1.1869e-10
6.802e-08 1.1869e-10
6.8318e-08 1.1869e-10
6.8618e-08 1.1869e-10
6.8919e-08 1.1869e-10
6.9221e-08 1.1869e-10
6.9525e-08 1.1869e-10
6.983e-08 1.1869e-10
7.0136e-08 1.1869e-10
7.0444e-08 1.1869e-10
7.0753e-08 1.1869e-10
7.1063e-08 1.1869e-10
7.1375e-08 1.1869e-10
7.1688e-08 1.1869e-10
7.2002e-08 1.1869e-10
7.2318e-08 1.1869e-10
7.2635e-08 1.1869e-10
7.2954e-08 1.1869e-10
7.3274e-08 1.1869e-10
7.3596e-08 1.1869e-10
7.3918e-08 1.1869e-10
7.4243e-08 1.1869e-10
7.4568e-08 1.1869e-10
7.4895e-08 1.1869e-10
7.5224e-08 1.1869e-10
7.5554e-08 1.1869e-10
7.5885e-08 1.1869e-10
7.6218e-08 1.1869e-10
7.6553e-08 1.1869e-10
7.6889e-08 1.1869e-10
7.7226e-08 1.1869e-10
7.7565e-08 1.1869e-10
7.7905e-08 1.1869e-10
7.8247e-08 1.1869e-10
7.859e-08 1.1869e-10
7.8935e-08 1.1869e-10
7.9281e-08 1.1869e-10
7.9629e-08 1.1869e-10
7.9978e-08 1.1869e-10
8.0329e-08 1.1869e-10
8.0681e-08 1.1869e-10
8.1035e-08 1.1869e-10
8.1391e-08 1.1869e-10
8.1748e-08 1.1869e-10
8.2106e-08 1.1869e-10
8.2466e-08 1.1869e-10
8.2828e-08 1.1869e-10
8.3192e-08 1.1869e-10
8.3557e-08 1.1869e-10
8.3923e-08 1.1869e-10
8.4291e-08 1.1869e-10
8.4661e-08 1.1869e-10
8.5032e-08 1.1869e-10
8.5405e-08 1.1869e-10
8.578e-08 1.1869e-10
8.6156e-08 1.1869e-10
8.6534e-08 1.1869e-10
8.6914e-08 1.1869e-10
8.7295e-08 1.1869e-10
8.7678e-08 1.1869e-10
8.8063e-08 1.1869e-10
8.8449e-08 1.1869e-10
8.8837e-08 1.1869e-10
8.9227e-08 1.1869e-10
8.9618e-08 1.1869e-10
9.0011e-08 1.1869e-10
9.0406e-08 1.1869e-10
9.0803e-08 1.1869e-10
9.1201e-08 1.1869e-10
9.1601e-08 1.1869e-10
9.2003e-08 1.1869e-10
9.2407e-08 1.1869e-10
9.2812e-08 1.1869e-10
9.3219e-08 1.1869e-10
9.3628e-08 1.1869e-10
9.4039e-08 1.1869e-10
9.4451e-08 1.1869e-10
9.4866e-08 1.1869e-10
9.5282e-08 1.1869e-10
9.57e-08 1.1869e-10
9.612e-08 1.1869e-10
9.6541e-08 1.1869e-10
9.6965e-08 1.1869e-10
9.739e-08 1.1869e-10
9.7817e-08 1.1869e-10
9.8246e-08 1.1869e-10
9.8677e-08 1.1869e-10
9.911e-08 1.1869e-10
9.9545e-08 1.1869e-10
9.9982e-08 1.1869e-10
1.0042e-07 1.1869e-10
1.0086e-07 1.1869e-10
1.013e-07 1.1869e-10
1.0175e-07 1.1869e-10
1.0219e-07 1.1869e-10
1.0264e-07 1.1869e-10
1.0309e-07 1.1869e-10
1.0354e-07 1.1869e-10
1.04e-07 1.1869e-10
1.0446e-07 1.1869e-10
1.0491e-07 1.1869e-10
1.0537e-07 1.1869e-10
1.0584e-07 1.1869e-10
1.063e-07 1.1869e-10
1.0677e-07 1.1869e-10
1.0724e-07 1.1869e-10
1.0771e-07 1.1869e-10
1.0818e-07 1.1869e-10
1.0865e-07 1.1869e-10
1.0913e-07 1.1869e-10
1.0961e-07 1.1869e-10
1.1009e-07 1.1869e-10
1.1057e-07 1.1869e-10
1.1106e-07 1.1869e-10
1.1154e-07 1.1869e-10
1.1203e-07 1.1869e-10
1.1252e-07 1.1869e-10
1.1302e-07 1.1869e-10
1.1351e-07 1.1869e-10
1.1401e-07 1.1869e-10
1.1451e-07 1.1869e-10
1.1501e-07 1.1869e-10
1.1552e-07 1.1869e-10
1.1603e-07 1.1869e-10
1.1653e-07 1.1869e-10
1.1705e-07 1.1869e-10
1.1756e-07 1.1869e-10
1.1808e-07 1.1869e-10
1.1859e-07 1.1869e-10
1.1911e-07 1.1869e-10
1.1964e-07 1.1869e-10
1.2016e-07 1.1869e-10
1.2069e-07 1.1869e-10
1.2122e-07 1.1869e-10
1.2175e-07 1.1869e-10
1.2228e-07 1.1869e-10
1.2282e-07 1.1869e-10
1.2336e-07 1.1869e-10
1.239e-07 1.1869e-10
1.2444e-07 1.1869e-10
1.2499e-07 1.1869e-10
1.2554e-07 1.1869e-10
1.2609e-07 1.1869e-10
1.2664e-07 1.1869e-10
1.272e-07 1.1869e-10
1.2775e-07 1.1869e-10
1.2831e-07 1.1869e-10
1.2888e-07 1.1869e-10
1.2944e-07 1.1869e-10
1.3001e-07 1.1869e-10
1.3058e-07 1.1869e-10
1.3115e-07 1.1869e-10
1.3173e-07 1.1869e-10
1.3231e-07 1.1869e-10
1.3289e-07 1.1869e-10
1.3347e-07 1.1869e-10
1.3406e-07 1.1869e-10
1.3464e-07 1.1869e-10
1.3524e-07 1.1869e-10
1.3583e-07 1.1869e-10
1.3642e-07 1.1869e-10
1.3702e-07 1.1869e-10
1.3762e-07 1.1869e-10
1.3823e-07 1.1869e-10
1.3883e-07 1.1869e-10
1.3944e-07 1.1869e-10
1.4005e-07 1.1869e-10
1.4067e-07 1.1869e-10
1.4129e-07 1.1869e-10
1.4191e-07 1.1869e-10
1.4253e-07 1.1869e-10
1.4315e-07 1.1869e-10
1.4378e-07 1.1869e-10
1.4441e-07 1.1869e-10
1.4505e-07 1.1869e-10
1.4568e-07 1.1869e-10
1.4632e-07 1.1869e-10
1.4696e-07 1.1869e-10
1.4761e-07 1.1869e-10
1.4826e-07 1.1869e-10
1.4891e-07 1.1869e-10
1.4956e-07 1.1869e-10
1.5021e-07 1.1869e-10
1.5087e-07 1.1869e-10
1.5154e-07 1.1869e-10
1.522e-07 1.1869e-10
1.5287e-07 1.1869e-10
1.5354e-07 1.1869e-10
1.5421e-07 1.1869e-10
1.5489e-07 1.1869e-10
1.5557e-07 1.1869e-10
1.5625e-07 1.1869e-10
1.5694e-07 1.1869e-10
1.5762e-07 1.1869e-10
1.5832e-07 1.1869e-10
1.5901e-07 1.1869e-10
1.5971e-07 1.1869e-10
1.6041e-07 1.1869e-10
1.6111e-07 1.1869e-10
1.6182e-07 1.1869e-10
1.6253e-07 1.1869e-10
1.6324e-07 1.1869e-10
1.6396e-07 1.1869e-10
1.6468e-07 1.1869e-10
1.654e-07 1.1869e-10
1.6613e-07 1.1869e-10
1.6685e-07 1.1869e-10
1.6759e-07 1.1869e-10
1.6832e-07 1.1869e-10
1.6906e-07 1.1869e-10
1.698e-07 1.1869e-10
1.7055e-07 1.1869e-10
1.7129e-07 1.1869e-10
1.7205e-07 1.1869e-10
1.728e-07 1.1869e-10
1.7356e-07 1.1869e-10
1.7432e-07 1.1869e-10
1.7508e-07 1.1869e-10
1.7585e-07 1.1869e-10
1.7662e-07 1.1869e-10
1.774e-07 1.1869e-10
1.7818e-07 1.1869e-10
1.7896e-07 1.1869e-10
1.7974e-07 1.1869e-10
1.8053e-07 1.1869e-10
1.8132e-07 1.1869e-10
1.8212e-07 1.1869e-10
1.8292e-07 1.1869e-10
1.8372e-07 1.1869e-10
1.8453e-07 1.1869e-10
1.8534e-07 1.1869e-10
1.8615e-07 1.1869e-10
1.8697e-07 1.1869e-10
1.8779e-07 1.1869e-10
1.8861e-07 1.1869e-10
1.8944e-07 1.1869e-10
1.9027e-07 1.1869e-10
1.911e-07 1.1869e-10
1.9194e-07 1.1869e-10
1.9278e-07 1.1869e-10
1.9363e-07 1.1869e-10
1.9448e-07 1.1869e-10
1.9533e-07 1.1869e-10
1.9619e-07 1.1869e-10
1.9705e-07 1.1869e-10
1.9791e-07 1.1869e-10
1.9878e-07 1.1869e-10
1.9965e-07 1.1869e-10
2.0053e-07 1.1869e-10
2.0141e-07 1.1869e-10
2.0229e-07 1.1869e-10
2.0318e-07 1.1869e-10
2.0407e-07 1.1869e-10
2.0497e-07 1.1869e-10
2.0587e-07 1.1869e-10
2.0677e-07 1.1869e-10
2.0768e-07 1.1869e-10
2.0859e-07 1.1869e-10
2.095e-07 1.1869e-10
2.1042e-07 1.1869e-10
2.1134e-07 1.1869e-10
2.1227e-07 1.1869e-10
2.132e-07 1.1869e-10
2.1414e-07 1.1869e-10
2.1508e-07 1.1869e-10
2.1602e-07 1.1869e-10
2.1697e-07 1.1869e-10
2.1792e-07 1.1869e-10
2.1888e-07 1.1869e-10
2.1984e-07 1.1869e-10
2.208e-07 1.1869e-10
2.2177e-07 1.1869e-10
2.2274e-07 1.1869e-10
2.2372e-07 1.1869e-10
2.247e-07 1.1869e-10
2.2569e-07 1.1869e-10
2.2668e-07 1.1869e-10
2.2767e-07 1.1869e-10
2.2867e-07 1.1869e-10
2.2967e-07 1.1869e-10
2.3068e-07 1.1869e-10
2.3169e-07 1.1869e-10
2.3271e-07 1.1869e-10
2.3373e-07 1.1869e-10
2.3475e-07 1.1869e-10
2.3578e-07 1.1869e-10
2.3682e-07 1.1869e-10
2.3786e-07 1.1869e-10
2.389e-07 1.1869e-10
2.3995e-07 1.1869e-10
2.41e-07 1.1869e-10
2.4206e-07 1.1869e-10
2.4312e-07 1.1869e-10
2.4419e-07 1.1869e-10
2.4526e-07 1.1869e-10
2.4633e-07 1.1869e-10
2.4741e-07 1.1869e-10
2.485e-07 1.1869e-10
2.4959e-07 1.1869e-10
2.5069e-07 1.1869e-10
2.5178e-07 1.1869e-10
2.5289e-07 1.1869e-10
2.54e-07 1.1869e-10
2.5511e-07 1.1869e-10
2.5623e-07 1.1869e-10
2.5736e-07 1.1869e-10
2.5849e-07 1.1869e-10
2.5962e-07 1.1869e-10
2.6076e-07 1.1869e-10
2.619e-07 1.1869e-10
2.6305e-07 1.1869e-10
2.642e-07 1.1869e-10
2.6536e-07 1.1869e-10
2.6653e-07 1.1869e-10
2.677e-07 1.1869e-10
2.6887e-07 1.1869e-10
2.7005e-07 1.1869e-10
2.7124e-07 1.1869e-10
2.7243e-07 1.1869e-10
2.7362e-07 1.1869e-10
2.7482e-07 1.1869e-10
2.7603e-07 1.1869e-10
2.7724e-07 1.1869e-10
2.7845e-07 1.1869e-10
2.7967e-07 1.1869e-10
2.809e-07 1.1869e-10
2.8213e-07 1.1869e-10
2.8337e-07 1.1869e-10
2.8461e-07 1.1869e-10
2.8586e-07 1.1869e-10
2.8712e-07 1.1869e-10
2.8838e-07 1.1869e-10
2.8964e-07 1.1869e-10
2.9091e-07 1.1869e-10
2.9219e-07 1.1869e-10
2.9347e-07 1.1869e-10
2.9476e-07 1.1869e-10
2.9605e-07 1.1869e-10
2.9735e-07 1.1869e-10
2.9865e-07 1.1869e-10
2.9996e-07 1.1869e-10
3.0128e-07 1.1869e-10
3.026e-07 1.1869e-10
3.0393e-07 1.1869e-10
3.0526e-07 1.1869e-10
3.066e-07 1.1869e-10
3.0795e-07 1.1869e-10
3.093e-07 1.1869e-10
3.1065e-07 1.1869e-10
3.1202e-07 1.1869e-10
3.1339e-07 1.1869e-10
3.1476e-07 1.1869e-10
3.1614e-07 1.1869e-10
3.1753e-07 1.1869e-10
3.1892e-07 1.1869e-10
3.2032e-07 1.1869e-10
3.2173e-07 1.1869e-10
3.2314e-07 1.1869e-10
3.2455e-07 1.1869e-10
3.2598e-07 1.1869e-10
3.2741e-07 1.1869e-10
3.2884e-07 1.1869e-10
3.3029e-07 1.1869e-10
3.3174e-07 1.1869e-10
3.3319e-07 1.1869e-10
3.3465e-07 1.1869e-10
3.3612e-07 1.1869e-10
3.376e-07 1.1869e-10
3.3908e-07 1.1869e-10
3.4056e-07 1.1869e-10
3.4206e-07 1.1869e-10
3.4356e-07 1.1869e-10
3.4507e-07 1.1869e-10
3.4658e-07 1.1869e-10
3.481e-07 1.1869e-10
3.4963e-07 1.1869e-10
3.5116e-07 1.1869e-10
3.527e-07 1.1869e-10
3.5425e-07 1.1869e-10
3.558e-07 1.1869e-10
3.5736e-07 1.1869e-10
3.5893e-07 1.1869e-10
3.605e-07 1.1869e-10
3.6209e-07 1.1869e-10
3.6367e-07 1.1869e-10
3.6527e-07 1.1869e-10
3.6687e-07 1.1869e-10
3.6848e-07 1.1869e-10
3.701e-07 1.1869e-10
3.7172e-07 1.1869e-10
3.7335e-07 1.1869e-10
3.7499e-07 1.1869e-10
3.7664e-07 1.1869e-10
3.7829e-07 1.1869e-10
3.7995e-07 1.1869e-10
3.8161e-07 1.1869e-10
3.8329e-07 1.1869e-10
3.8497e-07 1.1869e-10
3.8666e-07 1.1869e-10
3.8835e-07 1.1869e-10
3.9006e-07 1.1869e-10
3.9177e-07 1.1869e-10
3.9349e-07 1.1869e-10
3.9521e-07 1.1869e-10
3.9695e-07 1.1869e-10
3.9869e-07 1.1869e-10
4.0044e-07 1.1869e-10
4.0219e-07 1.1869e-10
4.0396e-07 1.1869e-10
4.0573e-07 1.1869e-10
4.0751e-07 1.1869e-10
4.093e-07 1.1869e-10
4.1109e-07 1.1869e-10
4.129e-07 1.1869e-10
4.1471e-07 1.1869e-10
4.1653e-07 1.1869e-10
4.1835e-07 1.1869e-10
4.2019e-07 1.1869e-10
4.2203e-07 1.1869e-10
4.2388e-07 1.1869e-10
4.2574e-07 1.1869e-10
4.2761e-07 1.1869e-10
4.2949e-07 1.1869e-10
4.3137e-07 1.1869e-10
4.3326e-07 1.1869e-10
4.3516e-07 1.1869e-10
4.3707e-07 1.1869e-10
4.3899e-07 1.1869e-10
4.4092e-07 1.1869e-10
4.4285e-07 1.1869e-10
4.4479e-07 1.1869e-10
4.4674e-07 1.1869e-10
4.487e-07 1.1869e-10
4.5067e-07 1.1869e-10
4.5265e-07 1.1869e-10
4.5464e-07 1.1869e-10
4.5663e-07 1.1869e-10
4.5863e-07 1.1869e-10
4.6065e-07 1.1869e-10
4.6267e-07 1.1869e-10
4.647e-07 1.1869e-10
4.6673e-07 1.1869e-10
4.6878e-07 1.1869e-10
4.7084e-07 1.1869e-10
4.729e-07 1.1869e-10
4.7498e-07 1.1869e-10
4.7706e-07 1.1869e-10
4.7915e-07 1.1869e-10
4.8126e-07 1.1869e-10
4.8337e-07 1.1869e-10
4.8549e-07 1.1869e-10
4.8762e-07 1.1869e-10
4.8976e-07 1.1869e-10
4.9191e-07 1.1869e-10
4.9406e-07 1.1869e-10
4.9623e-07 1.1869e-10
4.9841e-07 1.1869e-10
5.0059e-07 1.1869e-10
5.0279e-07 1.1869e-10
5.05e-07 1.1869e-10
5.0721e-07 1.1869e-10
5.0944e-07 1.1869e-10
5.1167e-07 1.1869e-10
5.1391e-07 1.1869e-10
5.1617e-07 1.1869e-10
5.1843e-07 1.1869e-10
5.2071e-07 1.1869e-10
5.2299e-07 1.1869e-10
5.2529e-07 1.1869e-10
5.2759e-07 1.1869e-10
5.2991e-07 1.1869e-10
5.3223e-07 1.1869e-10
5.3456e-07 1.1869e-10
5.3691e-07 1.1869e-10
5.3926e-07 1.1869e-10
5.4163e-07 1.1869e-10
5.4401e-07 1.1869e-10
5.4639e-07 1.1869e-10
5.4879e-07 1.1869e-10
5.512e-07 1.1869e-10
5.5362e-07 1.1869e-10
5.5604e-07 1.1869e-10
5.5848e-07 1.1869e-10
5.6093e-07 1.1869e-10
5.6339e-07 1.1869e-10
5.6587e-07 1.1869e-10
5.6835e-07 1.1869e-10
5.7084e-07 1.1869e-10
5.7334e-07 1.1869e-10
5.7586e-07 1.1869e-10
5.7839e-07 1.1869e-10
5.8092e-07 1.1869e-10
5.8347e-07 1.1869e-10
5.8603e-07 1.1869e-10
5.886e-07 1.1869e-10
5.9118e-07 1.1869e-10
5.9378e-07 1.1869e-10
5.9638e-07 1.1869e-10
5.99e-07 1.1869e-10
6.0163e-07 1.1869e-10
6.0427e-07 1.1869e-10
6.0692e-07 1.1869e-10
6.0958e-07 1.1869e-10
6.1225e-07 1.1869e-10
6.1494e-07 1.1869e-10
6.1764e-07 1.1869e-10
6.2035e-07 1.1869e-10
6.2307e-07 1.1869e-10
6.258e-07 1.1869e-10
6.2855e-07 1.1869e-10
6.313e-07 1.1869e-10
6.3407e-07 1.1869e-10
6.3685e-07 1.1869e-10
6.3965e-07 1.1869e-10
6.4245e-07 1.1869e-10
6.4527e-07 1.1869e-10
6.481e-07 1.1869e-10
6.5095e-07 1.1869e-10
6.538e-07 1.1869e-10
6.5667e-07 1.1869e-10
6.5955e-07 1.1869e-10
6.6244e-07 1.1869e-10
6.6535e-07 1.1869e-10
6.6827e-07 1.1869e-10
6.712e-07 1.1869e-10
6.7414e-07 1.1869e-10
6.771e-07 1.1869e-10
6.8007e-07 1.1869e-10
6.8305e-07 1.1869e-10
6.8605e-07 1.1869e-10
6.8906e-07 1.1869e-10
6.9208e-07 1.1869e-10
6.9512e-07 1.1869e-10
6.9817e-07 1.1869e-10
7.0123e-07 1.1869e-10
7.0431e-07 1.1869e-10
7.074e-07 1.1869e-10
7.105e-07 1.1869e-10
7.1362e-07 1.1869e-10
7.1675e-07 1.1869e-10
7.1989e-07 1.1869e-10
7.2305e-07 1.1869e-10
7.2622e-07 1.1869e-10
7.2941e-07 1.1869e-10
7.3261e-07 1.1869e-10
7.3582e-07 1.1869e-10
7.3905e-07 1.1869e-10
7.4229e-07 1.1869e-10
7.4555e-07 1.1869e-10
7.4882e-07 1.1869e-10
7.521e-07 1.1869e-10
7.554e-07 1.1869e-10
7.5872e-07 1.1869e-10
7.6204e-07 1.1869e-10
7.6539e-07 1.1869e-10
7.6875e-07 1.1869e-10
7.7212e-07 1.1869e-10
7.755e-07 1.1869e-10
7.7891e-07 1.1869e-10
7.8232e-07 1.1869e-10
7.8576e-07 1.1869e-10
7.892e-07 1.1869e-10
7.9266e-07 1.1869e-10
7.9614e-07 1.1869e-10
7.9963e-07 1.1869e-10
8.0314e-07 1.1869e-10
8.0667e-07 1.1869e-10
8.102e-07 1.1869e-10
8.1376e-07 1.1869e-10
8.1733e-07 1.1869e-10
8.2091e-07 1.1869e-10
8.2451e-07 1.1869e-10
8.2813e-07 1.1869e-10
8.3176e-07 1.1869e-10
8.3541e-07 1.1869e-10
8.3908e-07 1.1869e-10
8.4276e-07 1.1869e-10
8.4646e-07 1.1869e-10
8.5017e-07 1.1869e-10
8.539e-07 1.1869e-10
8.5764e-07 1.1869e-10
8.6141e-07 1.1869e-10
8.6519e-07 1.1869e-10
8.6898e-07 1.1869e-10
8.7279e-07 1.1869e-10
8.7662e-07 1.1869e-10
8.8047e-07 1.1869e-10
8.8433e-07 1.1869e-10
8.8821e-07 1.1869e-10
8.9211e-07 1.1869e-10
8.9602e-07 1.1869e-10
8.9995e-07 1.1869e-10
9.039e-07 1.1869e-10
9.0786e-07 1.1869e-10
9.1184e-07 1.1869e-10
9.1584e-07 1.1869e-10
9.1986e-07 1.1869e-10
9.239e-07 1.1869e-10
9.2795e-07 1.1869e-10
9.3202e-07 1.1869e-10
9.3611e-07 1.1869e-10
9.4022e-07 1.1869e-10
9.4434e-07 1.1869e-10
9.4848e-07 1.1869e-10
9.5264e-07 1.1869e-10
9.5682e-07 1.1869e-10
9.6102e-07 1.1869e-10
9.6524e-07 1.1869e-10
9.6947e-07 1.1869e-10
9.7372e-07 1.1869e-10
9.78e-07 1.1869e-10
9.8229e-07 1.1869e-10
9.8659e-07 1.1869e-10
9.9092e-07 1.1869e-10
9.9527e-07 1.1869e-10
9.9964e-07 1.1869e-10
1.004e-06 1.1869e-10
1.0084e-06 1.1869e-10
1.0128e-06 1.1869e-10
1.0173e-06 1.1869e-10
1.0218e-06 1.1869e-10
1.0262e-06 1.1869e-10
1.0307e-06 1.1869e-10
1.0353e-06 1.1869e-10
1.0398e-06 1.1869e-10
1.0444e-06 1.1869e-10
1.0489e-06 1.1869e-10
1.0535e-06 1.1869e-10
1.0582e-06 1.1869e-10
1.0628e-06 1.1869e-10
1.0675e-06 1.1869e-10
1.0722e-06 1.1869e-10
1.0769e-06 1.1869e-10
1.0816e-06 1.1869e-10
1.0863e-06 1.1869e-10
1.0911e-06 1.1869e-10
1.0959e-06 1.1869e-10
1.1007e-06 1.1869e-10
1.1055e-06 1.1869e-10
1.1104e-06 1.1869e-10
1.1152e-06 1.1869e-10
1.1201e-06 1.1869e-10
1.125e-06 1.1869e-10
1.13e-06 1.1869e-10
1.1349e-06 1.1869e-10
1.1399e-06 1.1869e-10
1.1449e-06 1.1869e-10
1.1499e-06 1.1869e-10
1.155e-06 1.1869e-10
1.16e-06 1.1869e-10
1.1651e-06 1.1869e-10
1.1702e-06 1.1869e-10
1.1754e-06 1.1869e-10
1.1805e-06 1.1869e-10
1.1857e-06 1.1869e-10
1.1909e-06 1.1869e-10
1.1961e-06 1.1869e-10
1.2014e-06 1.1869e-10
1.2067e-06 1.1869e-10
1.212e-06 1.1869e-10
1.2173e-06 1.1869e-10
1.2226e-06 1.1869e-10
1.228e-06 1.1869e-10
1.2334e-06 1.1869e-10
1.2388e-06 1.1869e-10
1.2442e-06 1.1869e-10
1.2497e-06 1.1869e-10
1.2551e-06 1.1869e-10
1.2606e-06 1.1869e-10
1.2662e-06 1.1869e-10
1.2717e-06 1.1869e-10
1.2773e-06 1.1869e-10
1.2829e-06 1.1869e-10
1.2885e-06 1.1869e-10
1.2942e-06 1.1869e-10
1.2999e-06 1.1869e-10
1.3056e-06 1.1869e-10
1.3113e-06 1.1869e-10
1.3171e-06 1.1869e-10
1.3228e-06 1.1869e-10
1.3286e-06 1.1869e-10
1.3345e-06 1.1869e-10
1.3403e-06 1.1869e-10
1.3462e-06 1.1869e-10
1.3521e-06 1.1869e-10
1.358e-06 1.1869e-10
1.364e-06 1.1869e-10
1.37e-06 1.1869e-10
1.376e-06 1.1869e-10
1.382e-06 1.1869e-10
1.3881e-06 1.1869e-10
1.3942e-06 1.1869e-10
1.4003e-06 1.1869e-10
1.4064e-06 1.1869e-10
1.4126e-06 1.1869e-10
1.4188e-06 1.1869e-10
1.425e-06 1.1869e-10
1.4313e-06 1.1869e-10
1.4376e-06 1.1869e-10
1.4439e-06 1.1869e-10
1.4502e-06 1.1869e-10
1.4566e-06 1.1869e-10
1.4629e-06 1.1869e-10
1.4694e-06 1.1869e-10
1.4758e-06 1.1869e-10
1.4823e-06 1.1869e-10
1.4888e-06 1.1869e-10
1.4953e-06 1.1869e-10
1.5019e-06 1.1869e-10
1.5085e-06 1.1869e-10
1.5151e-06 1.1869e-10
1.5217e-06 1.1869e-10
1.5284e-06 1.1869e-10
1.5351e-06 1.1869e-10
1.5418e-06 1.1869e-10
1.5486e-06 1.1869e-10
1.5554e-06 1.1869e-10
1.5622e-06 1.1869e-10
1.5691e-06 1.1869e-10
1.576e-06 1.1869e-10
1.5829e-06 1.1869e-10
1.5898e-06 1.1869e-10
1.5968e-06 1.1869e-10
1.6038e-06 1.1869e-10
1.6108e-06 1.1869e-10
1.6179e-06 1.1869e-10
1.625e-06 1.1869e-10
1.6321e-06 1.1869e-10
1.6393e-06 1.1869e-10
1.6465e-06 1.1869e-10
1.6537e-06 1.1869e-10
1.661e-06 1.1869e-10
1.6682e-06 1.1869e-10
1.6756e-06 1.1869e-10
1.6829e-06 1.1869e-10
1.6903e-06 1.1869e-10
1.6977e-06 1.1869e-10
1.7051e-06 1.1869e-10
1.7126e-06 1.1869e-10
1.7201e-06 1.1869e-10
1.7277e-06 1.1869e-10
1.7353e-06 1.1869e-10
1.7429e-06 1.1869e-10
1.7505e-06 1.1869e-10
1.7582e-06 1.1869e-10
1.7659e-06 1.1869e-10
1.7737e-06 1.1869e-10
1.7814e-06 1.1869e-10
1.7893e-06 1.1869e-10
1.7971e-06 1.1869e-10
1.805e-06 1.1869e-10
1.8129e-06 1.1869e-10
1.8209e-06 1.1869e-10
1.8289e-06 1.1869e-10
1.8369e-06 1.1869e-10
1.8449e-06 1.1869e-10
1.853e-06 1.1869e-10
1.8612e-06 1.1869e-10
1.8693e-06 1.1869e-10
1.8775e-06 1.1869e-10
1.8858e-06 1.1869e-10
1.894e-06 1.1869e-10
1.9023e-06 1.1869e-10
1.9107e-06 1.1869e-10
1.9191e-06 1.1869e-10
1.9275e-06 1.1869e-10
1.9359e-06 1.1869e-10
1.9444e-06 1.1869e-10
1.953e-06 1.1869e-10
1.9615e-06 1.1869e-10
1.9701e-06 1.1869e-10
1.9788e-06 1.1869e-10
1.9875e-06 1.1869e-10
1.9962e-06 1.1869e-10
2.0049e-06 1.1869e-10
2.0137e-06 1.1869e-10
2.0226e-06 1.1869e-10
2.0314e-06 1.1869e-10
2.0403e-06 1.1869e-10
2.0493e-06 1.1869e-10
2.0583e-06 1.1869e-10
2.0673e-06 1.1869e-10
2.0764e-06 1.1869e-10
2.0855e-06 1.1869e-10
2.0946e-06 1.1869e-10
2.1038e-06 1.1869e-10
2.1131e-06 1.1869e-10
2.1223e-06 1.1869e-10
2.1316e-06 1.1869e-10
2.141e-06 1.1869e-10
2.1504e-06 1.1869e-10
2.1598e-06 1.1869e-10
2.1693e-06 1.1869e-10
2.1788e-06 1.1869e-10
2.1884e-06 1.1869e-10
2.198e-06 1.1869e-10
2.2076e-06 1.1869e-10
2.2173e-06 1.1869e-10
2.227e-06 1.1869e-10
2.2368e-06 1.1869e-10
2.2466e-06 1.1869e-10
2.2565e-06 1.1869e-10
2.2663e-06 1.1869e-10
2.2763e-06 1.1869e-10
2.2863e-06 1.1869e-10
2.2963e-06 1.1869e-10
2.3064e-06 1.1869e-10
2.3165e-06 1.1869e-10
2.3267e-06 1.1869e-10
2.3369e-06 1.1869e-10
2.3471e-06 1.1869e-10
2.3574e-06 1.1869e-10
2.3678e-06 1.1869e-10
2.3781e-06 1.1869e-10
2.3886e-06 1.1869e-10
2.3991e-06 1.1869e-10
2.4096e-06 1.1869e-10
2.4201e-06 1.1869e-10
2.4308e-06 1.1869e-10
2.4414e-06 1.1869e-10
2.4521e-06 1.1869e-10
2.4629e-06 1.1869e-10
2.4737e-06 1.1869e-10
2.4845e-06 1.1869e-10
2.4954e-06 1.1869e-10
2.5064e-06 1.1869e-10
2.5174e-06 1.1869e-10
2.5284e-06 1.1869e-10
2.5395e-06 1.1869e-10
2.5507e-06 1.1869e-10
2.5619e-06 1.1869e-10
2.5731e-06 1.1869e-10
2.5844e-06 1.1869e-10
2.5957e-06 1.1869e-10
2.6071e-06 1.1869e-10
2.6185e-06 1.1869e-10
2.63e-06 1.1869e-10
2.6416e-06 1.1869e-10
2.6532e-06 1.1869e-10
2.6648e-06 1.1869e-10
2.6765e-06 1.1869e-10
2.6882e-06 1.1869e-10
2.7e-06 1.1869e-10
2.7119e-06 1.1869e-10
2.7238e-06 1.1869e-10
2.7357e-06 1.1869e-10
2.7477e-06 1.1869e-10
2.7598e-06 1.1869e-10
2.7719e-06 1.1869e-10
2.784e-06 1.1869e-10
2.7962e-06 1.1869e-10
2.8085e-06 1.1869e-10
2.8208e-06 1.1869e-10
2.8332e-06 1.1869e-10
2.8456e-06 1.1869e-10
2.8581e-06 1.1869e-10
2.8707e-06 1.1869e-10
2.8832e-06 1.1869e-10
2.8959e-06 1.1869e-10
2.9086e-06 1.1869e-10
2.9214e-06 1.1869e-10
2.9342e-06 1.1869e-10
2.947e-06 1.1869e-10
2.96e-06 1.1869e-10
2.973e-06 1.1869e-10
2.986e-06 1.1869e-10
2.9991e-06 1.1869e-10
3.0123e-06 1.1869e-10
3.0255e-06 1.1869e-10
3.0387e-06 1.1869e-10
3.0521e-06 1.1869e-10
3.0655e-06 1.1869e-10
3.0789e-06 1.1869e-10
3.0924e-06 1.1869e-10
3.106e-06 1.1869e-10
3.1196e-06 1.1869e-10
3.1333e-06 1.1869e-10
3.147e-06 1.1869e-10
3.1608e-06 1.1869e-10
3.1747e-06 1.1869e-10
3.1886e-06 1.1869e-10
3.2026e-06 1.1869e-10
3.2167e-06 1.1869e-10
3.2308e-06 1.1869e-10
3.245e-06 1.1869e-10
3.2592e-06 1.1869e-10
3.2735e-06 1.1869e-10
3.2878e-06 1.1869e-10
3.3023e-06 1.1869e-10
3.3168e-06 1.1869e-10
3.3313e-06 1.1869e-10
3.3459e-06 1.1869e-10
3.3606e-06 1.1869e-10
3.3753e-06 1.1869e-10
3.3901e-06 1.1869e-10
3.405e-06 1.1869e-10
3.42e-06 1.1869e-10
3.435e-06 1.1869e-10
3.45e-06 1.1869e-10
3.4652e-06 1.1869e-10
3.4804e-06 1.1869e-10
3.4956e-06 1.1869e-10
3.511e-06 1.1869e-10
3.5264e-06 1.1869e-10
3.5418e-06 1.1869e-10
3.5574e-06 1.1869e-10
3.573e-06 1.1869e-10
3.5886e-06 1.1869e-10
3.6044e-06 1.1869e-10
3.6202e-06 1.1869e-10
3.6361e-06 1.1869e-10
3.652e-06 1.1869e-10
3.6681e-06 1.1869e-10
3.6841e-06 1.1869e-10
3.7003e-06 1.1869e-10
3.7165e-06 1.1869e-10
3.7328e-06 1.1869e-10
3.7492e-06 1.1869e-10
3.7657e-06 1.1869e-10
3.7822e-06 1.1869e-10
3.7988e-06 1.1869e-10
3.8154e-06 1.1869e-10
3.8322e-06 1.1869e-10
3.849e-06 1.1869e-10
3.8659e-06 1.1869e-10
3.8828e-06 1.1869e-10
3.8999e-06 1.1869e-10
3.917e-06 1.1869e-10
3.9342e-06 1.1869e-10
3.9514e-06 1.1869e-10
3.9687e-06 1.1869e-10
3.9862e-06 1.1869e-10
4.0036e-06 1.1869e-10
4.0212e-06 1.1869e-10
4.0388e-06 1.1869e-10
4.0566e-06 1.1869e-10
4.0744e-06 1.1869e-10
4.0922e-06 1.1869e-10
4.1102e-06 1.1869e-10
4.1282e-06 1.1869e-10
4.1463e-06 1.1869e-10
4.1645e-06 1.1869e-10
4.1828e-06 1.1869e-10
4.2011e-06 1.1869e-10
4.2196e-06 1.1869e-10
4.2381e-06 1.1869e-10
4.2567e-06 1.1869e-10
4.2753e-06 1.1869e-10
4.2941e-06 1.1869e-10
4.3129e-06 1.1869e-10
4.3319e-06 1.1869e-10
4.3509e-06 1.1869e-10
4.3699e-06 1.1869e-10
4.3891e-06 1.1869e-10
4.4084e-06 1.1869e-10
4.4277e-06 1.1869e-10
4.4471e-06 1.1869e-10
4.4666e-06 1.1869e-10
4.4862e-06 1.1869e-10
4.5059e-06 1.1869e-10
4.5257e-06 1.1869e-10
4.5455e-06 1.1869e-10
4.5655e-06 1.1869e-10
4.5855e-06 1.1869e-10
4.6056e-06 1.1869e-10
4.6258e-06 1.1869e-10
4.6461e-06 1.1869e-10
4.6665e-06 1.1869e-10
4.687e-06 1.1869e-10
4.7075e-06 1.1869e-10
4.7282e-06 1.1869e-10
4.7489e-06 1.1869e-10
4.7697e-06 1.1869e-10
4.7907e-06 1.1869e-10
4.8117e-06 1.1869e-10
4.8328e-06 1.1869e-10
4.854e-06 1.1869e-10
4.8753e-06 1.1869e-10
4.8967e-06 1.1869e-10
4.9182e-06 1.1869e-10
4.9397e-06 1.1869e-10
4.9614e-06 1.1869e-10
4.9832e-06 1.1869e-10
5.005e-06 1.1869e-10
5.027e-06 1.1869e-10
5.049e-06 1.1869e-10
5.0712e-06 1.1869e-10
5.0934e-06 1.1869e-10
5.1158e-06 1.1869e-10
5.1382e-06 1.1869e-10
5.1608e-06 1.1869e-10
5.1834e-06 1.1869e-10
5.2061e-06 1.1869e-10
5.229e-06 1.1869e-10
5.2519e-06 1.1869e-10
5.2749e-06 1.1869e-10
5.2981e-06 1.1869e-10
5.3213e-06 1.1869e-10
5.3447e-06 1.1869e-10
5.3681e-06 1.1869e-10
5.3917e-06 1.1869e-10
5.4153e-06 1.1869e-10
5.4391e-06 1.1869e-10
5.4629e-06 1.1869e-10
5.4869e-06 1.1869e-10
5.511e-06 1.1869e-10
5.5351e-06 1.1869e-10
5.5594e-06 1.1869e-10
5.5838e-06 1.1869e-10
5.6083e-06 1.1869e-10
5.6329e-06 1.1869e-10
5.6576e-06 1.1869e-10
5.6824e-06 1.1869e-10
5.7074e-06 1.1869e-10
5.7324e-06 1.1869e-10
5.7576e-06 1.1869e-10
5.7828e-06 1.1869e-10
5.8082e-06 1.1869e-10
5.8337e-06 1.1869e-10
5.8592e-06 1.1869e-10
5.885e-06 1.1869e-10
5.9108e-06 1.1869e-10
5.9367e-06 1.1869e-10
5.9627e-06 1.1869e-10
5.9889e-06 1.1869e-10
6.0152e-06 1.1869e-10
6.0416e-06 1.1869e-10
6.0681e-06 1.1869e-10
6.0947e-06 1.1869e-10
6.1214e-06 1.1869e-10
6.1483e-06 1.1869e-10
6.1752e-06 1.1869e-10
6.2023e-06 1.1869e-10
6.2295e-06 1.1869e-10
6.2569e-06 1.1869e-10
6.2843e-06 1.1869e-10
6.3119e-06 1.1869e-10
6.3396e-06 1.1869e-10
6.3674e-06 1.1869e-10
6.3953e-06 1.1869e-10
6.4234e-06 1.1869e-10
6.4515e-06 1.1869e-10
6.4798e-06 1.1869e-10
6.5083e-06 1.1869e-10
6.5368e-06 1.1869e-10
6.5655e-06 1.1869e-10
6.5943e-06 1.1869e-10
6.6232e-06 1.1869e-10
6.6523e-06 1.1869e-10
6.6815e-06 1.1869e-10
6.7108e-06 1.1869e-10
6.7402e-06 1.1869e-10
6.7698e-06 1.1869e-10
6.7995e-06 1.1869e-10
6.8293e-06 1.1869e-10
6.8593e-06 1.1869e-10
6.8894e-06 1.1869e-10
6.9196e-06 1.1869e-10
6.9499e-06 1.1869e-10
6.9804e-06 1.1869e-10
7.011e-06 1.1869e-10
7.0418e-06 1.1869e-10
7.0727e-06 1.1869e-10
7.1037e-06 1.1869e-10
7.1349e-06 1.1869e-10
7.1662e-06 1.1869e-10
7.1976e-06 1.1869e-10
7.2292e-06 1.1869e-10
7.2609e-06 1.1869e-10
7.2927e-06 1.1869e-10
7.3247e-06 1.1869e-10
7.3569e-06 1.1869e-10
7.3891e-06 1.1869e-10
7.4216e-06 1.1869e-10
7.4541e-06 1.1869e-10
7.4868e-06 1.1869e-10
7.5197e-06 1.1869e-10
7.5526e-06 1.1869e-10
7.5858e-06 1.1869e-10
7.6191e-06 1.1869e-10
7.6525e-06 1.1869e-10
7.686e-06 1.1869e-10
7.7198e-06 1.1869e-10
7.7536e-06 1.1869e-10
7.7876e-06 1.1869e-10
7.8218e-06 1.1869e-10
7.8561e-06 1.1869e-10
7.8906e-06 1.1869e-10
7.9252e-06 1.1869e-10
7.96e-06 1.1869e-10
7.9949e-06 1.1869e-10
8.03e-06 1.1869e-10
8.0652e-06 1.1869e-10
8.1006e-06 1.1869e-10
8.1361e-06 1.1869e-10
8.1718e-06 1.1869e-10
8.2076e-06 1.1869e-10
8.2436e-06 1.1869e-10
8.2798e-06 1.1869e-10
8.3161e-06 1.1869e-10
8.3526e-06 1.1869e-10
8.3892e-06 1.1869e-10
8.426e-06 1.1869e-10
8.463e-06 1.1869e-10
8.5001e-06 1.1869e-10
8.5374e-06 1.1869e-10
8.5749e-06 1.1869e-10
8.6125e-06 1.1869e-10
8.6503e-06 1.1869e-10
8.6882e-06 1.1869e-10
8.7263e-06 1.1869e-10
8.7646e-06 1.1869e-10
8.8031e-06 1.1869e-10
8.8417e-06 1.1869e-10
8.8805e-06 1.1869e-10
8.9194e-06 1.1869e-10
8.9586e-06 1.1869e-10
8.9979e-06 1.1869e-10
9.0373e-06 1.1869e-10
9.077e-06 1.1869e-10
9.1168e-06 1.1869e-10
9.1568e-06 1.1869e-10
9.1969e-06 1.1869e-10
9.2373e-06 1.1869e-10
9.2778e-06 1.1869e-10
9.3185e-06 1.1869e-10
9.3594e-06 1.1869e-10
9.4005e-06 1.1869e-10
9.4417e-06 1.1869e-10
9.4831e-06 1.1869e-10
9.5247e-06 1.1869e-10
9.5665e-06 1.1869e-10
9.6085e-06 1.1869e-10
9.6506e-06 1.1869e-10
9.6929e-06 1.1869e-10
9.7355e-06 1.1869e-10
9.7782e-06 1.1869e-10
9.8211e-06 1.1869e-10
9.8641e-06 1.1869e-10
9.9074e-06 1.1869e-10
9.9509e-06 1.1869e-10
9.9945e-06 1.1869e-10
1.0038e-05 1.1869e-10
1.0082e-05 1.1869e-10
1.0127e-05 1.1869e-10
1.0171e-05 1.1869e-10
1.0216e-05 1.1869e-10
1.0261e-05 1.1869e-10
1.0306e-05 1.1869e-10
1.0351e-05 1.1869e-10
1.0396e-05 1.1869e-10
1.0442e-05 1.1869e-10
1.0488e-05 1.1869e-10
1.0534e-05 1.1869e-10
1.058e-05 1.1869e-10
1.0626e-05 1.1869e-10
1.0673e-05 1.1869e-10
1.072e-05 1.1869e-10
1.0767e-05 1.1869e-10
1.0814e-05 1.1869e-10
1.0861e-05 1.1869e-10
1.0909e-05 1.1869e-10
1.0957e-05 1.1869e-10
1.1005e-05 1.1869e-10
1.1053e-05 1.1869e-10
1.1102e-05 1.1869e-10
1.115e-05 1.1869e-10
1.1199e-05 1.1869e-10
1.1248e-05 1.1869e-10
1.1298e-05 1.1869e-10
1.1347e-05 1.1869e-10
1.1397e-05 1.1869e-10
1.1447e-05 1.1869e-10
1.1497e-05 1.1869e-10
1.1548e-05 1.1869e-10
1.1598e-05 1.1869e-10
1.1649e-05 1.1869e-10
1.17e-05 1.1869e-10
1.1752e-05 1.1869e-10
1.1803e-05 1.1869e-10
1.1855e-05 1.1869e-10
1.1907e-05 1.1869e-10
1.1959e-05 1.1869e-10
1.2012e-05 1.1869e-10
1.2064e-05 1.1869e-10
1.2117e-05 1.1869e-10
1.217e-05 1.1869e-10
1.2224e-05 1.1869e-10
1.2277e-05 1.1869e-10
1.2331e-05 1.1869e-10
1.2385e-05 1.1869e-10
1.244e-05 1.1869e-10
1.2494e-05 1.1869e-10
1.2549e-05 1.1869e-10
1.2604e-05 1.1869e-10
1.2659e-05 1.1869e-10
1.2715e-05 1.1869e-10
1.2771e-05 1.1869e-10
1.2827e-05 1.1869e-10
1.2883e-05 1.1869e-10
1.294e-05 1.1869e-10
1.2996e-05 1.1869e-10
1.3053e-05 1.1869e-10
1.3111e-05 1.1869e-10
1.3168e-05 1.1869e-10
1.3226e-05 1.1869e-10
1.3284e-05 1.1869e-10
1.3342e-05 1.1869e-10
1.3401e-05 1.1869e-10
1.346e-05 1.1869e-10
1.3519e-05 1.1869e-10
1.3578e-05 1.1869e-10
1.3637e-05 1.1869e-10
1.3697e-05 1.1869e-10
1.3757e-05 1.1869e-10
1.3818e-05 1.1869e-10
1.3878e-05 1.1869e-10
1.3939e-05 1.1869e-10
1.4e-05 1.1869e-10
1.4062e-05 1.1869e-10
1.4123e-05 1.1869e-10
1.4185e-05 1.1869e-10
1.4248e-05 1.1869e-10
1.431e-05 1.1869e-10
1.4373e-05 1.1869e-10
1.4436e-05 1.1869e-10
1.4499e-05 1.1869e-10
1.4563e-05 1.1869e-10
1.4627e-05 1.1869e-10
1.4691e-05 1.1869e-10
1.4755e-05 1.1869e-10
1.482e-05 1.1869e-10
1.4885e-05 1.1869e-10
1.495e-05 1.1869e-10
1.5016e-05 1.1869e-10
1.5082e-05 1.1869e-10
1.5148e-05 1.1869e-10
1.5214e-05 1.1869e-10
1.5281e-05 1.1869e-10
1.5348e-05 1.1869e-10
1.5416e-05 1.1869e-10
1.5483e-05 1.1869e-10
1.5551e-05 1.1869e-10
1.5619e-05 1.1869e-10
1.5688e-05 1.1869e-10
1.5757e-05 1.1869e-10
1.5826e-05 1.1869e-10
1.5895e-05 1.1869e-10
1.5965e-05 1.1869e-10
1.6035e-05 1.1869e-10
1.6105e-05 1.1869e-10
1.6176e-05 1.1869e-10
1.6247e-05 1.1869e-10
1.6318e-05 1.1869e-10
1.639e-05 1.1869e-10
1.6462e-05 1.1869e-10
1.6534e-05 1.1869e-10
1.6606e-05 1.1869e-10
1.6679e-05 1.1869e-10
1.6752e-05 1.1869e-10
1.6826e-05 1.1869e-10
1.69e-05 1.1869e-10
1.6974e-05 1.1869e-10
1.7048e-05 1.1869e-10
1.7123e-05 1.1869e-10
1.7198e-05 1.1869e-10
1.7274e-05 1.1869e-10
1.735e-05 1.1869e-10
1.7426e-05 1.1869e-10
1.7502e-05 1.1869e-10
1.7579e-05 1.1869e-10
1.7656e-05 1.1869e-10
1.7733e-05 1.1869e-10
1.7811e-05 1.1869e-10
1.7889e-05 1.1869e-10
1.7968e-05 1.1869e-10
1.8047e-05 1.1869e-10
1.8126e-05 1.1869e-10
1.8205e-05 1.1869e-10
1.8285e-05 1.1869e-10
1.8365e-05 1.1869e-10
1.8446e-05 1.1869e-10
1.8527e-05 1.1869e-10
1.8608e-05 1.1869e-10
1.869e-05 1.1869e-10
1.8772e-05 1.1869e-10
1.8854e-05 1.1869e-10
1.8937e-05 1.1869e-10
1.902e-05 1.1869e-10
1.9103e-05 1.1869e-10
1.9187e-05 1.1869e-10
1.9271e-05 1.1869e-10
1.9356e-05 1.1869e-10
1.9441e-05 1.1869e-10
1.9526e-05 1.1869e-10
1.9612e-05 1.1869e-10
1.9698e-05 1.1869e-10
1.9784e-05 1.1869e-10
1.9871e-05 1.1869e-10
1.9958e-05 1.1869e-10
2.0046e-05 1.1869e-10
2.0134e-05 1.1869e-10
2.0222e-05 1.1869e-10
2.0311e-05 1.1869e-10
2.04e-05 1.1869e-10
2.0489e-05 1.1869e-10
2.0579e-05 1.1869e-10
2.0669e-05 1.1869e-10
2.076e-05 1.1869e-10
2.0851e-05 1.1869e-10
2.0943e-05 1.1869e-10
2.1034e-05 1.1869e-10
2.1127e-05 1.1869e-10
2.1219e-05 1.1869e-10
2.1312e-05 1.1869e-10
2.1406e-05 1.1869e-10
2.15e-05 1.1869e-10
2.1594e-05 1.1869e-10
2.1689e-05 1.1869e-10
2.1784e-05 1.1869e-10
2.188e-05 1.1869e-10
2.1976e-05 1.1869e-10
2.2072e-05 1.1869e-10
2.2169e-05 1.1869e-10
2.2266e-05 1.1869e-10
2.2364e-05 1.1869e-10
2.2462e-05 1.1869e-10
2.256e-05 1.1869e-10
2.2659e-05 1.1869e-10
2.2759e-05 1.1869e-10
2.2859e-05 1.1869e-10
2.2959e-05 1.1869e-10
2.306e-05 1.1869e-10
2.3161e-05 1.1869e-10
2.3262e-05 1.1869e-10
2.3364e-05 1.1869e-10
2.3467e-05 1.1869e-10
2.357e-05 1.1869e-10
2.3673e-05 1.1869e-10
2.3777e-05 1.1869e-10
2.3881e-05 1.1869e-10
2.3986e-05 1.1869e-10
2.4091e-05 1.1869e-10
2.4197e-05 1.1869e-10
2.4303e-05 1.1869e-10
2.441e-05 1.1869e-10
2.4517e-05 1.1869e-10
2.4624e-05 1.1869e-10
2.4732e-05 1.1869e-10
2.4841e-05 1.1869e-10
2.495e-05 1.1869e-10
2.5059e-05 1.1869e-10
2.5169e-05 1.1869e-10
2.528e-05 1.1869e-10
2.5391e-05 1.1869e-10
2.5502e-05 1.1869e-10
2.5614e-05 1.1869e-10
2.5726e-05 1.1869e-10
2.5839e-05 1.1869e-10
2.5952e-05 1.1869e-10
2.6066e-05 1.1869e-10
2.6181e-05 1.1869e-10
2.6296e-05 1.1869e-10
2.6411e-05 1.1869e-10
2.6527e-05 1.1869e-10
2.6643e-05 1.1869e-10
2.676e-05 1.1869e-10
2.6877e-05 1.1869e-10
2.6995e-05 1.1869e-10
2.7114e-05 1.1869e-10
2.7233e-05 1.1869e-10
2.7352e-05 1.1869e-10
2.7472e-05 1.1869e-10
2.7593e-05 1.1869e-10
2.7714e-05 1.1869e-10
2.7835e-05 1.1869e-10
2.7957e-05 1.1869e-10
2.808e-05 1.1869e-10
2.8203e-05 1.1869e-10
2.8327e-05 1.1869e-10
2.8451e-05 1.1869e-10
2.8576e-05 1.1869e-10
2.8701e-05 1.1869e-10
2.8827e-05 1.1869e-10
2.8954e-05 1.1869e-10
2.9081e-05 1.1869e-10
2.9208e-05 1.1869e-10
2.9336e-05 1.1869e-10
2.9465e-05 1.1869e-10
2.9594e-05 1.1869e-10
2.9724e-05 1.1869e-10
2.9855e-05 1.1869e-10
2.9985e-05 1.1869e-10
3.0117e-05 1.1869e-10
3.0249e-05 1.1869e-10
3.0382e-05 1.1869e-10
3.0515e-05 1.1869e-10
3.0649e-05 1.1869e-10
3.0783e-05 1.1869e-10
3.0918e-05 1.1869e-10
3.1054e-05 1.1869e-10
3.119e-05 1.1869e-10
3.1327e-05 1.1869e-10
3.1465e-05 1.1869e-10
3.1603e-05 1.1869e-10
3.1741e-05 1.1869e-10
3.188e-05 1.1869e-10
3.202e-05 1.1869e-10
3.2161e-05 1.1869e-10
3.2302e-05 1.1869e-10
3.2444e-05 1.1869e-10
3.2586e-05 1.1869e-10
3.2729e-05 1.1869e-10
3.2872e-05 1.1869e-10
3.3017e-05 1.1869e-10
3.3161e-05 1.1869e-10
3.3307e-05 1.1869e-10
3.3453e-05 1.1869e-10
3.36e-05 1.1869e-10
3.3747e-05 1.1869e-10
3.3895e-05 1.1869e-10
3.4044e-05 1.1869e-10
3.4193e-05 1.1869e-10
3.4343e-05 1.1869e-10
3.4494e-05 1.1869e-10
3.4645e-05 1.1869e-10
3.4797e-05 1.1869e-10
3.495e-05 1.1869e-10
3.5103e-05 1.1869e-10
3.5257e-05 1.1869e-10
3.5412e-05 1.1869e-10
3.5567e-05 1.1869e-10
3.5723e-05 1.1869e-10
3.588e-05 1.1869e-10
3.6037e-05 1.1869e-10
3.6195e-05 1.1869e-10
3.6354e-05 1.1869e-10
3.6514e-05 1.1869e-10
3.6674e-05 1.1869e-10
3.6835e-05 1.1869e-10
3.6996e-05 1.1869e-10
3.7159e-05 1.1869e-10
3.7322e-05 1.1869e-10
3.7485e-05 1.1869e-10
3.765e-05 1.1869e-10
3.7815e-05 1.1869e-10
3.7981e-05 1.1869e-10
3.8147e-05 1.1869e-10
3.8315e-05 1.1869e-10
3.8483e-05 1.1869e-10
3.8652e-05 1.1869e-10
3.8821e-05 1.1869e-10
3.8992e-05 1.1869e-10
3.9163e-05 1.1869e-10
3.9334e-05 1.1869e-10
3.9507e-05 1.1869e-10
3.968e-05 1.1869e-10
3.9854e-05 1.1869e-10
4.0029e-05 1.1869e-10
4.0205e-05 1.1869e-10
4.0381e-05 1.1869e-10
4.0558e-05 1.1869e-10
4.0736e-05 1.1869e-10
4.0915e-05 1.1869e-10
4.1094e-05 1.1869e-10
4.1275e-05 1.1869e-10
4.1456e-05 1.1869e-10
4.1638e-05 1.1869e-10
4.182e-05 1.1869e-10
4.2004e-05 1.1869e-10
4.2188e-05 1.1869e-10
4.2373e-05 1.1869e-10
4.2559e-05 1.1869e-10
4.2746e-05 1.1869e-10
4.2933e-05 1.1869e-10
4.3121e-05 1.1869e-10
4.3311e-05 1.1869e-10
4.3501e-05 1.1869e-10
4.3691e-05 1.1869e-10
4.3883e-05 1.1869e-10
4.4076e-05 1.1869e-10
4.4269e-05 1.1869e-10
4.4463e-05 1.1869e-10
4.4658e-05 1.1869e-10
4.4854e-05 1.1869e-10
4.5051e-05 1.1869e-10
4.5249e-05 1.1869e-10
4.5447e-05 1.1869e-10
4.5646e-05 1.1869e-10
4.5847e-05 1.1869e-10
4.6048e-05 1.1869e-10
4.625e-05 1.1869e-10
4.6453e-05 1.1869e-10
4.6656e-05 1.1869e-10
4.6861e-05 1.1869e-10
4.7067e-05 1.1869e-10
4.7273e-05 1.1869e-10
4.748e-05 1.1869e-10
4.7689e-05 1.1869e-10
4.7898e-05 1.1869e-10
4.8108e-05 1.1869e-10
4.8319e-05 1.1869e-10
4.8531e-05 1.1869e-10
4.8744e-05 1.1869e-10
4.8958e-05 1.1869e-10
4.9173e-05 1.1869e-10
4.9388e-05 1.1869e-10
4.9605e-05 1.1869e-10
4.9823e-05 1.1869e-10
5.0041e-05 1.1869e-10
5.0261e-05 1.1869e-10
5.0481e-05 1.1869e-10
5.0703e-05 1.1869e-10
5.0925e-05 1.1869e-10
5.1148e-05 1.1869e-10
5.1373e-05 1.1869e-10
5.1598e-05 1.1869e-10
5.1824e-05 1.1869e-10
5.2052e-05 1.1869e-10
5.228e-05 1.1869e-10
5.251e-05 1.1869e-10
5.274e-05 1.1869e-10
5.2971e-05 1.1869e-10
5.3204e-05 1.1869e-10
5.3437e-05 1.1869e-10
5.3671e-05 1.1869e-10
5.3907e-05 1.1869e-10
5.4143e-05 1.1869e-10
5.4381e-05 1.1869e-10
5.4619e-05 1.1869e-10
5.4859e-05 1.1869e-10
5.51e-05 1.1869e-10
5.5341e-05 1.1869e-10
5.5584e-05 1.1869e-10
5.5828e-05 1.1869e-10
5.6073e-05 1.1869e-10
5.6319e-05 1.1869e-10
5.6566e-05 1.1869e-10
5.6814e-05 1.1869e-10
5.7063e-05 1.1869e-10
5.7314e-05 1.1869e-10
5.7565e-05 1.1869e-10
5.7818e-05 1.1869e-10
5.8071e-05 1.1869e-10
5.8326e-05 1.1869e-10
5.8582e-05 1.1869e-10
5.8839e-05 1.1869e-10
5.9097e-05 1.1869e-10
5.9356e-05 1.1869e-10
5.9617e-05 1.1869e-10
5.9878e-05 1.1869e-10
6.0141e-05 1.1869e-10
6.0405e-05 1.1869e-10
6.067e-05 1.1869e-10
6.0936e-05 1.1869e-10
6.1203e-05 1.1869e-10
6.1471e-05 1.1869e-10
6.1741e-05 1.1869e-10
6.2012e-05 1.1869e-10
6.2284e-05 1.1869e-10
6.2557e-05 1.1869e-10
6.2832e-05 1.1869e-10
6.3107e-05 1.1869e-10
6.3384e-05 1.1869e-10
6.3662e-05 1.1869e-10
6.3941e-05 1.1869e-10
6.4222e-05 1.1869e-10
6.4504e-05 1.1869e-10
6.4787e-05 1.1869e-10
6.5071e-05 1.1869e-10
6.5356e-05 1.1869e-10
6.5643e-05 1.1869e-10
6.5931e-05 1.1869e-10
6.622e-05 1.1869e-10
6.6511e-05 1.1869e-10
6.6802e-05 1.1869e-10
6.7095e-05 1.1869e-10
6.739e-05 1.1869e-10
6.7685e-05 1.1869e-10
6.7982e-05 1.1869e-10
6.8281e-05 1.1869e-10
6.858e-05 1.1869e-10
6.8881e-05 1.1869e-10
6.9183e-05 1.1869e-10
6.9487e-05 1.1869e-10
6.9791e-05 1.1869e-10
7.0098e-05 1.1869e-10
7.0405e-05 1.1869e-10
7.0714e-05 1.1869e-10
7.1024e-05 1.1869e-10
7.1336e-05 1.1869e-10
7.1649e-05 1.1869e-10
7.1963e-05 1.1869e-10
7.2279e-05 1.1869e-10
7.2596e-05 1.1869e-10
7.2914e-05 1.1869e-10
7.3234e-05 1.1869e-10
7.3555e-05 1.1869e-10
7.3878e-05 1.1869e-10
7.4202e-05 1.1869e-10
7.4528e-05 1.1869e-10
7.4855e-05 1.1869e-10
7.5183e-05 1.1869e-10
7.5513e-05 1.1869e-10
7.5844e-05 1.1869e-10
7.6177e-05 1.1869e-10
7.6511e-05 1.1869e-10
7.6846e-05 1.1869e-10
7.7184e-05 1.1869e-10
7.7522e-05 1.1869e-10
7.7862e-05 1.1869e-10
7.8204e-05 1.1869e-10
7.8547e-05 1.1869e-10
7.8891e-05 1.1869e-10
7.9238e-05 1.1869e-10
7.9585e-05 1.1869e-10
7.9934e-05 1.1869e-10
8.0285e-05 1.1869e-10
8.0637e-05 1.1869e-10
8.0991e-05 1.1869e-10
8.1346e-05 1.1869e-10
8.1703e-05 1.1869e-10
8.2061e-05 1.1869e-10
8.2421e-05 1.1869e-10
8.2783e-05 1.1869e-10
8.3146e-05 1.1869e-10
8.3511e-05 1.1869e-10
8.3877e-05 1.1869e-10
8.4245e-05 1.1869e-10
8.4615e-05 1.1869e-10
8.4986e-05 1.1869e-10
8.5359e-05 1.1869e-10
8.5733e-05 1.1869e-10
8.6109e-05 1.1869e-10
8.6487e-05 1.1869e-10
8.6866e-05 1.1869e-10
8.7247e-05 1.1869e-10
8.763e-05 1.1869e-10
8.8015e-05 1.1869e-10
8.8401e-05 1.1869e-10
8.8789e-05 1.1869e-10
8.9178e-05 1.1869e-10
8.9569e-05 1.1869e-10
8.9962e-05 1.1869e-10
9.0357e-05 1.1869e-10
9.0753e-05 1.1869e-10
9.1151e-05 1.1869e-10
9.1551e-05 1.1869e-10
9.1953e-05 1.1869e-10
9.2356e-05 1.1869e-10
9.2761e-05 1.1869e-10
9.3168e-05 1.1869e-10
9.3577e-05 1.1869e-10
9.3987e-05 1.1869e-10
9.44e-05 1.1869e-10
9.4814e-05 1.1869e-10
9.523e-05 1.1869e-10
9.5647e-05 1.1869e-10
9.6067e-05 1.1869e-10
9.6488e-05 1.1869e-10
9.6912e-05 1.1869e-10
9.7337e-05 1.1869e-10
9.7764e-05 1.1869e-10
9.8193e-05 1.1869e-10
9.8624e-05 1.1869e-10
9.9056e-05 1.1869e-10
9.9491e-05 1.1869e-10
9.9927e-05 1.1869e-10
0.00010037 1.1869e-10
0.00010081 1.1869e-10
0.00010125 1.1869e-10
0.00010169 1.1869e-10
0.00010214 1.1869e-10
0.00010259 1.1869e-10
0.00010304 1.1869e-10
0.00010349 1.1869e-10
0.00010394 1.1869e-10
0.0001044 1.1869e-10
0.00010486 1.1869e-10
0.00010532 1.1869e-10
0.00010578 1.1869e-10
0.00010624 1.1869e-10
0.00010671 1.1869e-10
0.00010718 1.1869e-10
0.00010765 1.1869e-10
0.00010812 1.1869e-10
0.00010859 1.1869e-10
0.00010907 1.1869e-10
0.00010955 1.1869e-10
0.00011003 1.1869e-10
0.00011051 1.1869e-10
0.000111 1.1869e-10
0.00011148 1.1869e-10
0.00011197 1.1869e-10
0.00011246 1.1869e-10
0.00011296 1.1869e-10
0.00011345 1.1869e-10
0.00011395 1.1869e-10
0.00011445 1.1869e-10
0.00011495 1.1869e-10
0.00011546 1.1869e-10
0.00011596 1.187e-10
0.00011647 1.187e-10
0.00011698 1.187e-10
0.0001175 1.187e-10
0.00011801 1.187e-10
0.00011853 1.187e-10
0.00011905 1.187e-10
0.00011957 1.187e-10
0.0001201 1.187e-10
0.00012062 1.187e-10
0.00012115 1.187e-10
0.00012168 1.187e-10
0.00012222 1.187e-10
0.00012275 1.187e-10
0.00012329 1.187e-10
0.00012383 1.187e-10
0.00012437 1.187e-10
0.00012492 1.187e-10
0.00012547 1.187e-10
0.00012602 1.187e-10
0.00012657 1.187e-10
0.00012713 1.187e-10
0.00012768 1.187e-10
0.00012824 1.187e-10
0.00012881 1.187e-10
0.00012937 1.187e-10
0.00012994 1.187e-10
0.00013051 1.187e-10
0.00013108 1.187e-10
0.00013166 1.187e-10
0.00013224 1.187e-10
0.00013282 1.187e-10
0.0001334 1.187e-10
0.00013398 1.187e-10
0.00013457 1.187e-10
0.00013516 1.187e-10
0.00013575 1.187e-10
0.00013635 1.187e-10
0.00013695 1.187e-10
0.00013755 1.187e-10
0.00013815 1.187e-10
0.00013876 1.187e-10
0.00013937 1.187e-10
0.00013998 1.187e-10
0.00014059 1.187e-10
0.00014121 1.187e-10
0.00014183 1.187e-10
0.00014245 1.187e-10
0.00014308 1.187e-10
0.0001437 1.187e-10
0.00014433 1.187e-10
0.00014497 1.187e-10
0.0001456 1.187e-10
0.00014624 1.187e-10
0.00014688 1.187e-10
0.00014753 1.187e-10
0.00014817 1.187e-10
0.00014882 1.187e-10
0.00014948 1.187e-10
0.00015013 1.1871e-10
0.00015079 1.1871e-10
0.00015145 1.1871e-10
0.00015212 1.1871e-10
0.00015278 1.1871e-10
0.00015345 1.1871e-10
0.00015413 1.1871e-10
0.0001548 1.1871e-10
0.00015548 1.1871e-10
0.00015617 1.1871e-10
0.00015685 1.1871e-10
0.00015754 1.1871e-10
0.00015823 1.1871e-10
0.00015892 1.1871e-10
0.00015962 1.1871e-10
0.00016032 1.1871e-10
0.00016102 1.1871e-10
0.00016173 1.1871e-10
0.00016244 1.1871e-10
0.00016315 1.1871e-10
0.00016387 1.1871e-10
0.00016459 1.1871e-10
0.00016531 1.1871e-10
0.00016603 1.1871e-10
0.00016676 1.1871e-10
0.00016749 1.1871e-10
0.00016823 1.1871e-10
0.00016897 1.1871e-10
0.00016971 1.1871e-10
0.00017045 1.1871e-10
0.0001712 1.1871e-10
0.00017195 1.1871e-10
0.00017271 1.1871e-10
0.00017346 1.1871e-10
0.00017422 1.1872e-10
0.00017499 1.1872e-10
0.00017576 1.1872e-10
0.00017653 1.1872e-10
0.0001773 1.1872e-10
0.00017808 1.1872e-10
0.00017886 1.1872e-10
0.00017965 1.1872e-10
0.00018043 1.1872e-10
0.00018123 1.1872e-10
0.00018202 1.1872e-10
0.00018282 1.1872e-10
0.00018362 1.1872e-10
0.00018443 1.1872e-10
0.00018524 1.1872e-10
0.00018605 1.1872e-10
0.00018686 1.1872e-10
0.00018768 1.1872e-10
0.00018851 1.1872e-10
0.00018933 1.1872e-10
0.00019016 1.1872e-10
0.000191 1.1872e-10
0.00019184 1.1872e-10
0.00019268 1.1872e-10
0.00019352 1.1872e-10
0.00019437 1.1873e-10
0.00019522 1.1873e-10
0.00019608 1.1873e-10
0.00019694 1.1873e-10
0.00019781 1.1873e-10
0.00019867 1.1873e-10
0.00019954 1.1873e-10
0.00020042 1.1873e-10
0.0002013 1.1873e-10
0.00020218 1.1873e-10
0.00020307 1.1873e-10
0.00020396 1.1873e-10
0.00020485 1.1873e-10
0.00020575 1.1873e-10
0.00020666 1.1873e-10
0.00020756 1.1873e-10
0.00020847 1.1873e-10
0.00020939 1.1873e-10
0.00021031 1.1873e-10
0.00021123 1.1873e-10
0.00021216 1.1873e-10
0.00021309 1.1873e-10
0.00021402 1.1874e-10
0.00021496 1.1874e-10
0.0002159 1.1874e-10
0.00021685 1.1874e-10
0.0002178 1.1874e-10
0.00021876 1.1874e-10
0.00021972 1.1874e-10
0.00022068 1.1874e-10
0.00022165 1.1874e-10
0.00022262 1.1874e-10
0.0002236 1.1874e-10
0.00022458 1.1874e-10
0.00022556 1.1874e-10
0.00022655 1.1874e-10
0.00022755 1.1874e-10
0.00022854 1.1874e-10
0.00022955 1.1874e-10
0.00023055 1.1874e-10
0.00023157 1.1874e-10
0.00023258 1.1875e-10
0.0002336 1.1875e-10
0.00023463 1.1875e-10
0.00023566 1.1875e-10
0.00023669 1.1875e-10
0.00023773 1.1875e-10
0.00023877 1.1875e-10
0.00023982 1.1875e-10
0.00024087 1.1875e-10
0.00024193 1.1875e-10
0.00024299 1.1875e-10
0.00024405 1.1875e-10
0.00024512 1.1875e-10
0.0002462 1.1875e-10
0.00024728 1.1875e-10
0.00024836 1.1875e-10
0.00024945 1.1875e-10
0.00025055 1.1876e-10
0.00025165 1.1876e-10
0.00025275 1.1876e-10
0.00025386 1.1876e-10
0.00025497 1.1876e-10
0.00025609 1.1876e-10
0.00025722 1.1876e-10
0.00025834 1.1876e-10
0.00025948 1.1876e-10
0.00026062 1.1876e-10
0.00026176 1.1876e-10
0.00026291 1.1876e-10
0.00026406 1.1876e-10
0.00026522 1.1876e-10
0.00026638 1.1876e-10
0.00026755 1.1876e-10
0.00026872 1.1877e-10
0.0002699 1.1877e-10
0.00027109 1.1877e-10
0.00027228 1.1877e-10
0.00027347 1.1877e-10
0.00027467 1.1877e-10
0.00027588 1.1877e-10
0.00027709 1.1877e-10
0.0002783 1.1877e-10
0.00027952 1.1877e-10
0.00028075 1.1877e-10
0.00028198 1.1877e-10
0.00028322 1.1877e-10
0.00028446 1.1877e-10
0.00028571 1.1877e-10
0.00028696 1.1878e-10
0.00028822 1.1878e-10
0.00028948 1.1878e-10
0.00029075 1.1878e-10
0.00029203 1.1878e-10
0.00029331 1.1878e-10
0.0002946 1.1878e-10
0.00029589 1.1878e-10
0.00029719 1.1878e-10
0.00029849 1.1878e-10
0.0002998 1.1878e-10
0.00030112 1.1878e-10
0.00030244 1.1878e-10
0.00030376 1.1879e-10
0.0003051 1.1879e-10
0.00030643 1.1879e-10
0.00030778 1.1879e-10
0.00030913 1.1879e-10
0.00031048 1.1879e-10
0.00031185 1.1879e-10
0.00031321 1.1879e-10
0.00031459 1.1879e-10
0.00031597 1.1879e-10
0.00031735 1.1879e-10
0.00031875 1.1879e-10
0.00032015 1.1879e-10
0.00032155 1.188e-10
0.00032296 1.188e-10
0.00032438 1.188e-10
0.0003258 1.188e-10
0.00032723 1.188e-10
0.00032866 1.188e-10
0.00033011 1.188e-10
0.00033155 1.188e-10
0.00033301 1.188e-10
0.00033447 1.188e-10
0.00033594 1.188e-10
0.00033741 1.188e-10
0.00033889 1.1881e-10
0.00034038 1.1881e-10
0.00034187 1.1881e-10
0.00034337 1.1881e-10
0.00034488 1.1881e-10
0.00034639 1.1881e-10
0.00034791 1.1881e-10
0.00034944 1.1881e-10
0.00035097 1.1881e-10
0.00035251 1.1881e-10
0.00035405 1.1881e-10
0.00035561 1.1881e-10
0.00035717 1.1882e-10
0.00035873 1.1882e-10
0.00036031 1.1882e-10
0.00036189 1.1882e-10
0.00036348 1.1882e-10
0.00036507 1.1882e-10
0.00036667 1.1882e-10
0.00036828 1.1882e-10
0.0003699 1.1882e-10
0.00037152 1.1882e-10
0.00037315 1.1882e-10
0.00037479 1.1883e-10
0.00037643 1.1883e-10
0.00037808 1.1883e-10
0.00037974 1.1883e-10
0.00038141 1.1883e-10
0.00038308 1.1883e-10
0.00038476 1.1883e-10
0.00038645 1.1883e-10
0.00038814 1.1883e-10
0.00038984 1.1883e-10
0.00039155 1.1884e-10
0.00039327 1.1884e-10
0.000395 1.1884e-10
0.00039673 1.1884e-10
0.00039847 1.1884e-10
0.00040022 1.1884e-10
0.00040197 1.1884e-10
0.00040374 1.1884e-10
0.00040551 1.1884e-10
0.00040729 1.1884e-10
0.00040907 1.1884e-10
0.00041087 1.1885e-10
0.00041267 1.1885e-10
0.00041448 1.1885e-10
0.0004163 1.1885e-10
0.00041813 1.1885e-10
0.00041996 1.1885e-10
0.0004218 1.1885e-10
0.00042365 1.1885e-10
0.00042551 1.1885e-10
0.00042738 1.1886e-10
0.00042925 1.1886e-10
0.00043114 1.1886e-10
0.00043303 1.1886e-10
0.00043493 1.1886e-10
0.00043683 1.1886e-10
0.00043875 1.1886e-10
0.00044068 1.1886e-10
0.00044261 1.1886e-10
0.00044455 1.1886e-10
0.0004465 1.1887e-10
0.00044846 1.1887e-10
0.00045043 1.1887e-10
0.0004524 1.1887e-10
0.00045439 1.1887e-10
0.00045638 1.1887e-10
0.00045838 1.1887e-10
0.00046039 1.1887e-10
0.00046241 1.1887e-10
0.00046444 1.1888e-10
0.00046648 1.1888e-10
0.00046853 1.1888e-10
0.00047058 1.1888e-10
0.00047264 1.1888e-10
0.00047472 1.1888e-10
0.0004768 1.1888e-10
0.00047889 1.1888e-10
0.00048099 1.1888e-10
0.0004831 1.1889e-10
0.00048522 1.1889e-10
0.00048735 1.1889e-10
0.00048949 1.1889e-10
0.00049164 1.1889e-10
0.00049379 1.1889e-10
0.00049596 1.1889e-10
0.00049813 1.1889e-10
0.00050032 1.1889e-10
0.00050251 1.189e-10
0.00050472 1.189e-10
0.00050693 1.189e-10
0.00050916 1.189e-10
0.00051139 1.189e-10
0.00051363 1.189e-10
0.00051589 1.189e-10
0.00051815 1.189e-10
0.00052042 1.1891e-10
0.00052271 1.1891e-10
0.000525 1.1891e-10
0.0005273 1.1891e-10
0.00052962 1.1891e-10
0.00053194 1.1891e-10
0.00053427 1.1891e-10
0.00053662 1.1891e-10
0.00053897 1.1892e-10
0.00054133 1.1892e-10
0.00054371 1.1892e-10
0.00054609 1.1892e-10
0.00054849 1.1892e-10
0.0005509 1.1892e-10
0.00055331 1.1892e-10
0.00055574 1.1892e-10
0.00055818 1.1893e-10
0.00056063 1.1893e-10
0.00056309 1.1893e-10
0.00056556 1.1893e-10
0.00056804 1.1893e-10
0.00057053 1.1893e-10
0.00057303 1.1893e-10
0.00057555 1.1893e-10
0.00057807 1.1894e-10
0.00058061 1.1894e-10
0.00058315 1.1894e-10
0.00058571 1.1894e-10
0.00058828 1.1894e-10
0.00059086 1.1894e-10
0.00059345 1.1894e-10
0.00059606 1.1895e-10
0.00059867 1.1895e-10
0.0006013 1.1895e-10
0.00060394 1.1895e-10
0.00060658 1.1895e-10
0.00060925 1.1895e-10
0.00061192 1.1895e-10
0.0006146 1.1895e-10
0.0006173 1.1896e-10
0.00062001 1.1896e-10
0.00062273 1.1896e-10
0.00062546 1.1896e-10
0.0006282 1.1896e-10
0.00063096 1.1896e-10
0.00063373 1.1896e-10
0.00063651 1.1897e-10
0.0006393 1.1897e-10
0.0006421 1.1897e-10
0.00064492 1.1897e-10
0.00064775 1.1897e-10
0.00065059 1.1897e-10
0.00065344 1.1897e-10
0.00065631 1.1898e-10
0.00065919 1.1898e-10
0.00066208 1.1898e-10
0.00066499 1.1898e-10
0.0006679 1.1898e-10
0.00067083 1.1898e-10
0.00067378 1.1898e-10
0.00067673 1.1899e-10
0.0006797 1.1899e-10
0.00068268 1.1899e-10
0.00068568 1.1899e-10
0.00068868 1.1899e-10
0.00069171 1.1899e-10
0.00069474 1.1899e-10
0.00069779 1.19e-10
0.00070085 1.19e-10
0.00070392 1.19e-10
0.00070701 1.19e-10
0.00071011 1.19e-10
0.00071323 1.19e-10
0.00071636 1.19e-10
0.0007195 1.1901e-10
0.00072266 1.1901e-10
0.00072583 1.1901e-10
0.00072901 1.1901e-10
0.00073221 1.1901e-10
0.00073542 1.1901e-10
0.00073865 1.1902e-10
0.00074189 1.1902e-10
0.00074514 1.1902e-10
0.00074841 1.1902e-10
0.00075169 1.1902e-10
0.00075499 1.1902e-10
0.0007583 1.1902e-10
0.00076163 1.1903e-10
0.00076497 1.1903e-10
0.00076832 1.1903e-10
0.0007717 1.1903e-10
0.00077508 1.1903e-10
0.00077848 1.1903e-10
0.0007819 1.1904e-10
0.00078533 1.1904e-10
0.00078877 1.1904e-10
0.00079223 1.1904e-10
0.00079571 1.1904e-10
0.0007992 1.1904e-10
0.0008027 1.1905e-10
0.00080622 1.1905e-10
0.00080976 1.1905e-10
0.00081331 1.1905e-10
0.00081688 1.1905e-10
0.00082046 1.1905e-10
0.00082406 1.1905e-10
0.00082768 1.1906e-10
0.00083131 1.1906e-10
0.00083496 1.1906e-10
0.00083862 1.1906e-10
0.0008423 1.1906e-10
0.00084599 1.1906e-10
0.0008497 1.1907e-10
0.00085343 1.1907e-10
0.00085718 1.1907e-10
0.00086094 1.1907e-10
0.00086471 1.1907e-10
0.00086851 1.1907e-10
0.00087232 1.1908e-10
0.00087614 1.1908e-10
0.00087999 1.1908e-10
0.00088385 1.1908e-10
0.00088772 1.1908e-10
0.00089162 1.1909e-10
0.00089553 1.1909e-10
0.00089946 1.1909e-10
0.0009034 1.1909e-10
0.00090737 1.1909e-10
0.00091135 1.1909e-10
0.00091534 1.191e-10
0.00091936 1.191e-10
0.00092339 1.191e-10
0.00092744 1.191e-10
0.00093151 1.191e-10
0.0009356 1.191e-10
0.0009397 1.1911e-10
0.00094382 1.1911e-10
0.00094797 1.1911e-10
0.00095212 1.1911e-10
0.0009563 1.1911e-10
0.0009605 1.1911e-10
0.00096471 1.1912e-10
0.00096894 1.1912e-10
0.00097319 1.1912e-10
0.00097746 1.1912e-10
0.00098175 1.1912e-10
0.00098606 1.1913e-10
0.00099038 1.1913e-10
0.00099473 1.1913e-10
0.00099909 1.1913e-10
0.0010035 1.1913e-10
0.0010079 1.1914e-10
0.0010123 1.1914e-10
0.0010167 1.1914e-10
0.0010212 1.1914e-10
0.0010257 1.1915e-10
0.0010302 1.1915e-10
0.0010347 1.1915e-10
0.0010392 1.1915e-10
0.0010438 1.1916e-10
0.0010484 1.1916e-10
0.001053 1.1916e-10
0.0010576 1.1917e-10
0.0010622 1.1917e-10
0.0010669 1.1918e-10
0.0010716 1.1918e-10
0.0010763 1.1919e-10
0.001081 1.1919e-10
0.0010857 1.1919e-10
0.0010905 1.192e-10
0.0010953 1.192e-10
0.0011001 1.1921e-10
0.0011049 1.1921e-10
0.0011098 1.1922e-10
0.0011146 1.1923e-10
0.0011195 1.1923e-10
0.0011244 1.1924e-10
0.0011294 1.1924e-10
0.0011343 1.1925e-10
0.0011393 1.1925e-10
0.0011443 1.1926e-10
0.0011493 1.1927e-10
0.0011543 1.1927e-10
0.0011594 1.1928e-10
0.0011645 1.1929e-10
0.0011696 1.1929e-10
0.0011747 1.193e-10
0.0011799 1.1931e-10
0.0011851 1.1931e-10
0.0011903 1.1932e-10
0.0011955 1.1933e-10
0.0012007 1.1934e-10
0.001206 1.1934e-10
0.0012113 1.1935e-10
0.0012166 1.1936e-10
0.0012219 1.1937e-10
0.0012273 1.1937e-10
0.0012327 1.1938e-10
0.0012381 1.1939e-10
0.0012435 1.194e-10
0.001249 1.1941e-10
0.0012545 1.1941e-10
0.00126 1.1942e-10
0.0012655 1.1943e-10
0.001271 1.1944e-10
0.0012766 1.1945e-10
0.0012822 1.1946e-10
0.0012878 1.1947e-10
0.0012935 1.1947e-10
0.0012992 1.1948e-10
0.0013049 1.1949e-10
0.0013106 1.195e-10
0.0013163 1.1951e-10
0.0013221 1.1952e-10
0.0013279 1.1953e-10
0.0013337 1.1954e-10
0.0013396 1.1955e-10
0.0013455 1.1956e-10
0.0013514 1.1956e-10
0.0013573 1.1957e-10
0.0013632 1.1958e-10
0.0013692 1.1959e-10
0.0013752 1.196e-10
0.0013813 1.1961e-10
0.0013873 1.1962e-10
0.0013934 1.1963e-10
0.0013995 1.1964e-10
0.0014057 1.1965e-10
0.0014118 1.1966e-10
0.001418 1.1967e-10
0.0014242 1.1968e-10
0.0014305 1.1969e-10
0.0014368 1.197e-10
0.0014431 1.1971e-10
0.0014494 1.1972e-10
0.0014558 1.1973e-10
0.0014621 1.1974e-10
0.0014686 1.1975e-10
0.001475 1.1976e-10
0.0014815 1.1977e-10
0.001488 1.1978e-10
0.0014945 1.1979e-10
0.0015011 1.198e-10
0.0015076 1.1981e-10
0.0015143 1.1982e-10
0.0015209 1.1983e-10
0.0015276 1.1984e-10
0.0015343 1.1985e-10
0.001541 1.1986e-10
0.0015478 1.1987e-10
0.0015545 1.1988e-10
0.0015614 1.199e-10
0.0015682 1.1991e-10
0.0015751 1.1992e-10
0.001582 1.1993e-10
0.0015889 1.1994e-10
0.0015959 1.1996e-10
0.0016029 1.1997e-10
0.0016099 1.1998e-10
0.001617 1.1999e-10
0.0016241 1.2001e-10
0.0016312 1.2002e-10
0.0016384 1.2003e-10
0.0016456 1.2005e-10
0.0016528 1.2006e-10
0.00166 1.2007e-10
0.0016673 1.2009e-10
0.0016746 1.201e-10
0.001682 1.2012e-10
0.0016894 1.2013e-10
0.0016968 1.2015e-10
0.0017042 1.2016e-10
0.0017117 1.2018e-10
0.0017192 1.2019e-10
0.0017267 1.2021e-10
0.0017343 1.2022e-10
0.0017419 1.2024e-10
0.0017496 1.2025e-10
0.0017572 1.2027e-10
0.001765 1.2028e-10
0.0017727 1.203e-10
0.0017805 1.2032e-10
0.0017883 1.2033e-10
0.0017961 1.2035e-10
0.001804 1.2037e-10
0.0018119 1.2038e-10
0.0018199 1.204e-10
0.0018279 1.2042e-10
0.0018359 1.2043e-10
0.0018439 1.2045e-10
0.001852 1.2047e-10
0.0018601 1.2048e-10
0.0018683 1.205e-10
0.0018765 1.2052e-10
0.0018847 1.2054e-10
0.001893 1.2056e-10
0.0019013 1.2057e-10
0.0019096 1.2059e-10
0.001918 1.2061e-10
0.0019264 1.2063e-10
0.0019349 1.2065e-10
0.0019434 1.2066e-10
0.0019519 1.2068e-10
0.0019605 1.207e-10
0.0019691 1.2072e-10
0.0019777 1.2074e-10
0.0019864 1.2076e-10
0.0019951 1.2078e-10
0.0020038 1.208e-10
0.0020126 1.2082e-10
0.0020215 1.2084e-10
0.0020303 1.2086e-10
0.0020392 1.2088e-10
0.0020482 1.209e-10
0.0020572 1.2092e-10
0.0020662 1.2094e-10
0.0020752 1.2096e-10
0.0020844 1.2098e-10
0.0020935 1.21e-10
0.0021027 1.2103e-10
0.0021119 1.2105e-10
0.0021212 1.2107e-10
0.0021305 1.2109e-10
0.0021398 1.2112e-10
0.0021492 1.2114e-10
0.0021586 1.2116e-10
0.0021681 1.2119e-10
0.0021776 1.2121e-10
0.0021872 1.2124e-10
0.0021968 1.2126e-10
0.0022064 1.2129e-10
0.0022161 1.2131e-10
0.0022258 1.2134e-10
0.0022356 1.2136e-10
0.0022454 1.2139e-10
0.0022552 1.2142e-10
0.0022651 1.2144e-10
0.002275 1.2147e-10
0.002285 1.215e-10
0.0022951 1.2152e-10
0.0023051 1.2155e-10
0.0023152 1.2158e-10
0.0023254 1.216e-10
0.0023356 1.2163e-10
0.0023458 1.2166e-10
0.0023561 1.2169e-10
0.0023665 1.2172e-10
0.0023768 1.2175e-10
0.0023873 1.2177e-10
0.0023977 1.218e-10
0.0024083 1.2183e-10
0.0024188 1.2186e-10
0.0024294 1.2189e-10
0.0024401 1.2192e-10
0.0024508 1.2195e-10
0.0024615 1.2198e-10
0.0024723 1.2201e-10
0.0024832 1.2204e-10
0.0024941 1.2207e-10
0.002505 1.221e-10
0.002516 1.2213e-10
0.0025271 1.2216e-10
0.0025381 1.222e-10
0.0025493 1.2223e-10
0.0025605 1.2226e-10
0.0025717 1.2229e-10
0.002583 1.2233e-10
0.0025943 1.2236e-10
0.0026057 1.2239e-10
0.0026171 1.2243e-10
0.0026286 1.2246e-10
0.0026401 1.225e-10
0.0026517 1.2253e-10
0.0026633 1.2257e-10
0.002675 1.226e-10
0.0026868 1.2264e-10
0.0026985 1.2268e-10
0.0027104 1.2271e-10
0.0027223 1.2275e-10
0.0027342 1.2279e-10
0.0027462 1.2283e-10
0.0027583 1.2286e-10
0.0027704 1.229e-10
0.0027825 1.2294e-10
0.0027947 1.2298e-10
0.002807 1.2302e-10
0.0028193 1.2306e-10
0.0028317 1.231e-10
0.0028441 1.2314e-10
0.0028566 1.2318e-10
0.0028691 1.2322e-10
0.0028817 1.2326e-10
0.0028943 1.233e-10
0.002907 1.2335e-10
0.0029198 1.2339e-10
0.0029326 1.2343e-10
0.0029454 1.2347e-10
0.0029584 1.2352e-10
0.0029713 1.2356e-10
0.0029844 1.236e-10
0.0029975 1.2365e-10
0.0030106 1.2369e-10
0.0030238 1.2373e-10
0.0030371 1.2378e-10
0.0030504 1.2382e-10
0.0030638 1.2387e-10
0.0030772 1.2392e-10
0.0030907 1.2396e-10
0.0031043 1.2401e-10
0.0031179 1.2406e-10
0.0031316 1.2411e-10
0.0031453 1.2415e-10
0.0031591 1.242e-10
0.003173 1.2425e-10
0.0031869 1.243e-10
0.0032009 1.2435e-10
0.0032149 1.244e-10
0.003229 1.2445e-10
0.0032432 1.2451e-10
0.0032574 1.2456e-10
0.0032717 1.2461e-10
0.003286 1.2466e-10
0.0033005 1.2472e-10
0.0033149 1.2477e-10
0.0033295 1.2482e-10
0.0033441 1.2488e-10
0.0033588 1.2493e-10
0.0033735 1.2498e-10
0.0033883 1.2504e-10
0.0034032 1.2509e-10
0.0034181 1.2515e-10
0.0034331 1.252e-10
0.0034481 1.2526e-10
0.0034633 1.2531e-10
0.0034785 1.2537e-10
0.0034937 1.2543e-10
0.003509 1.2548e-10
0.0035244 1.2554e-10
0.0035399 1.256e-10
0.0035554 1.2565e-10
0.003571 1.2571e-10
0.0035867 1.2577e-10
0.0036024 1.2582e-10
0.0036182 1.2588e-10
0.0036341 1.2594e-10
0.00365 1.26e-10
0.0036661 1.2605e-10
0.0036821 1.2611e-10
0.0036983 1.2617e-10
0.0037145 1.2623e-10
0.0037308 1.2628e-10
0.0037472 1.2634e-10
0.0037636 1.264e-10
0.0037801 1.2646e-10
0.0037967 1.2652e-10
0.0038134 1.2657e-10
0.0038301 1.2663e-10
0.0038469 1.2669e-10
0.0038638 1.2675e-10
0.0038807 1.2681e-10
0.0038977 1.2686e-10
0.0039148 1.2692e-10
0.003932 1.2698e-10
0.0039493 1.2704e-10
0.0039666 1.271e-10
0.003984 1.2715e-10
0.0040015 1.2721e-10
0.004019 1.2727e-10
0.0040366 1.2732e-10
0.0040543 1.2737e-10
0.0040721 1.2742e-10
0.00409 1.2747e-10
0.0041079 1.2752e-10
0.004126 1.2757e-10
0.0041441 1.2762e-10
0.0041622 1.2766e-10
0.0041805 1.2771e-10
0.0041988 1.2776e-10
0.0042173 1.2781e-10
0.0042358 1.2786e-10
0.0042543 1.2791e-10
0.004273 1.2796e-10
0.0042917 1.2802e-10
0.0043106 1.2808e-10
0.0043295 1.2813e-10
0.0043485 1.282e-10
0.0043676 1.2826e-10
0.0043867 1.2833e-10
0.004406 1.284e-10
0.0044253 1.2848e-10
0.0044447 1.2856e-10
0.0044642 1.2865e-10
0.0044838 1.2874e-10
0.0045034 1.2883e-10
0.0045232 1.2896e-10
0.004543 1.2912e-10
0.004563 1.2932e-10
0.004583 1.2955e-10
0.0046031 1.2981e-10
0.0046233 1.3009e-10
0.0046436 1.3039e-10
0.0046639 1.3071e-10
0.0046844 1.3103e-10
0.0047049 1.3137e-10
0.0047256 1.3171e-10
0.0047463 1.3205e-10
0.0047671 1.3239e-10
0.0047881 1.3272e-10
0.0048091 1.3304e-10
0.0048302 1.3334e-10
0.0048513 1.3362e-10
0.0048726 1.3387e-10
0.004894 1.341e-10
0.0049155 1.343e-10
0.004937 1.3445e-10
0.0049587 1.3457e-10
0.0049804 1.3464e-10
0.0050023 1.3466e-10
0.0050242 1.3466e-10
0.0050463 1.3464e-10
0.0050684 1.3462e-10
0.0050906 1.3458e-10
0.005113 1.3454e-10
0.0051354 1.3449e-10
0.0051579 1.3444e-10
0.0051806 1.3437e-10
0.0052033 1.343e-10
0.0052261 1.3423e-10
0.005249 1.3415e-10
0.0052721 1.3406e-10
0.0052952 1.3398e-10
0.0053184 1.3388e-10
0.0053418 1.3379e-10
0.0053652 1.3369e-10
0.0053887 1.3359e-10
0.0054124 1.3349e-10
0.0054361 1.3338e-10
0.0054599 1.3328e-10
0.0054839 1.3318e-10
0.005508 1.3307e-10
0.0055321 1.3297e-10
0.0055564 1.3287e-10
0.0055808 1.3277e-10
0.0056052 1.3267e-10
0.0056298 1.3257e-10
0.0056545 1.3248e-10
0.0056793 1.3239e-10
0.0057042 1.323e-10
0.0057293 1.3222e-10
0.0057544 1.3215e-10
0.0057796 1.3208e-10
0.005805 1.3201e-10
0.0058305 1.3195e-10
0.005856 1.319e-10
0.0058817 1.3186e-10
0.0059075 1.3182e-10
0.0059335 1.318e-10
0.0059595 1.3178e-10
0.0059856 1.3177e-10
0.0060119 1.3176e-10
0.0060383 1.3177e-10
0.0060647 1.3177e-10
0.0060913 1.3178e-10
0.0061181 1.3179e-10
0.0061449 1.318e-10
0.0061719 1.3181e-10
0.0061989 1.3183e-10
0.0062261 1.3184e-10
0.0062534 1.3186e-10
0.0062809 1.3188e-10
0.0063084 1.319e-10
0.0063361 1.3192e-10
0.0063639 1.3195e-10
0.0063918 1.3197e-10
0.0064199 1.32e-10
0.006448 1.3202e-10
0.0064763 1.3205e-10
0.0065047 1.3207e-10
0.0065332 1.321e-10
0.0065619 1.3213e-10
0.0065907 1.3216e-10
0.0066196 1.3218e-10
0.0066486 1.3221e-10
0.0066778 1.3224e-10
0.0067071 1.3227e-10
0.0067365 1.3229e-10
0.0067661 1.3232e-10
0.0067958 1.3235e-10
0.0068256 1.3237e-10
0.0068555 1.3239e-10
0.0068856 1.3242e-10
0.0069158 1.3244e-10
0.0069461 1.3246e-10
0.0069766 1.3248e-10
0.0070072 1.325e-10
0.0070379 1.3252e-10
0.0070688 1.3253e-10
0.0070998 1.3255e-10
0.007131 1.3257e-10
0.0071623 1.3258e-10
0.0071937 1.326e-10
0.0072252 1.3261e-10
0.0072569 1.3263e-10
0.0072888 1.3265e-10
0.0073207 1.3266e-10
0.0073529 1.3268e-10
0.0073851 1.3269e-10
0.0074175 1.3271e-10
0.00745 1.3272e-10
0.0074827 1.3274e-10
0.0075156 1.3275e-10
0.0075485 1.3277e-10
0.0075816 1.3278e-10
0.0076149 1.328e-10
0.0076483 1.3281e-10
0.0076818 1.3282e-10
0.0077155 1.3284e-10
0.0077494 1.3285e-10
0.0077834 1.3287e-10
0.0078175 1.3288e-10
0.0078518 1.329e-10
0.0078863 1.3291e-10
0.0079209 1.3293e-10
0.0079556 1.3294e-10
0.0079905 1.3296e-10
0.0080256 1.3298e-10
0.0080608 1.3299e-10
0.0080961 1.3301e-10
0.0081316 1.3302e-10
0.0081673 1.3304e-10
0.0082032 1.3305e-10
0.0082391 1.3307e-10
0.0082753 1.3308e-10
0.0083116 1.3309e-10
0.008348 1.3311e-10
0.0083847 1.3312e-10
0.0084214 1.3314e-10
0.0084584 1.3315e-10
0.0084955 1.3317e-10
0.0085328 1.3318e-10
0.0085702 1.3319e-10
0.0086078 1.3321e-10
0.0086455 1.3322e-10
0.0086835 1.3324e-10
0.0087216 1.3325e-10
0.0087598 1.3326e-10
0.0087983 1.3328e-10
0.0088369 1.3329e-10
0.0088756 1.3331e-10
0.0089146 1.3332e-10
0.0089537 1.3334e-10
0.0089929 1.3335e-10
0.0090324 1.3337e-10
0.009072 1.3338e-10
0.0091118 1.334e-10
0.0091518 1.3341e-10
0.0091919 1.3343e-10
0.0092322 1.3344e-10
0.0092727 1.3346e-10
0.0093134 1.3347e-10
0.0093543 1.3349e-10
0.0093953 1.3351e-10
0.0094365 1.3352e-10
0.0094779 1.3354e-10
0.0095195 1.3356e-10
0.0095613 1.3357e-10
0.0096032 1.3359e-10
0.0096453 1.3361e-10
0.0096876 1.3363e-10
0.0097301 1.3365e-10
0.0097728 1.3366e-10
0.0098157 1.3368e-10
0.0098588 1.337e-10
0.009902 1.3372e-10
0.0099454 1.3374e-10
0.0099891 1.3376e-10
0.010033 1.3378e-10
0.010077 1.338e-10
0.010121 1.3383e-10
0.010166 1.3385e-10
0.01021 1.3387e-10
0.010255 1.3389e-10
0.0103 1.3391e-10
0.010345 1.3393e-10
0.01039 1.3396e-10
0.010436 1.3398e-10
0.010482 1.34e-10
0.010528 1.3402e-10
0.010574 1.3405e-10
0.01062 1.3407e-10
0.010667 1.3409e-10
0.010714 1.3412e-10
0.010761 1.3414e-10
0.010808 1.3416e-10
0.010855 1.3419e-10
0.010903 1.3421e-10
0.010951 1.3424e-10
0.010999 1.3426e-10
0.011047 1.3429e-10
0.011096 1.3431e-10
0.011144 1.3434e-10
0.011193 1.3436e-10
0.011242 1.3439e-10
0.011292 1.3441e-10
0.011341 1.3444e-10
0.011391 1.3447e-10
0.011441 1.3449e-10
0.011491 1.3452e-10
0.011541 1.3455e-10
0.011592 1.3457e-10
0.011643 1.346e-10
0.011694 1.3463e-10
0.011745 1.3466e-10
0.011797 1.3468e-10
0.011849 1.3471e-10
0.0119 1.3474e-10
0.011953 1.3477e-10
0.012005 1.348e-10
0.012058 1.3483e-10
0.012111 1.3485e-10
0.012164 1.3488e-10
0.012217 1.3491e-10
0.012271 1.3494e-10
0.012325 1.3497e-10
0.012379 1.35e-10
0.012433 1.3503e-10
0.012488 1.3506e-10
0.012542 1.351e-10
0.012597 1.3513e-10
0.012653 1.3516e-10
0.012708 1.3519e-10
0.012764 1.3522e-10
0.01282 1.3525e-10
0.012876 1.3528e-10
0.012933 1.3532e-10
0.012989 1.3535e-10
0.013046 1.3538e-10
0.013103 1.3541e-10
0.013161 1.3545e-10
0.013219 1.3548e-10
0.013277 1.3551e-10
0.013335 1.3555e-10
0.013393 1.3558e-10
0.013452 1.3562e-10
0.013511 1.3565e-10
0.01357 1.3569e-10
0.01363 1.3572e-10
0.01369 1.3576e-10
0.01375 1.3579e-10
0.01381 1.3583e-10
0.013871 1.3586e-10
0.013932 1.359e-10
0.013993 1.3593e-10
0.014054 1.3597e-10
0.014116 1.3601e-10
0.014178 1.3605e-10
0.01424 1.3608e-10
0.014302 1.3612e-10
0.014365 1.3616e-10
0.014428 1.362e-10
0.014491 1.3623e-10
0.014555 1.3627e-10
0.014619 1.3631e-10
0.014683 1.3635e-10
0.014747 1.3639e-10
0.014812 1.3643e-10
0.014877 1.3647e-10
0.014942 1.3651e-10
0.015008 1.3655e-10
0.015074 1.3659e-10
0.01514 1.3663e-10
0.015206 1.3667e-10
0.015273 1.3671e-10
0.01534 1.3675e-10
0.015407 1.3679e-10
0.015475 1.3683e-10
0.015543 1.3688e-10
0.015611 1.3692e-10
0.015679 1.3696e-10
0.015748 1.37e-10
0.015817 1.3705e-10
0.015887 1.3709e-10
0.015956 1.3713e-10
0.016026 1.3718e-10
0.016097 1.3722e-10
0.016167 1.3727e-10
0.016238 1.3731e-10
0.016309 1.3735e-10
0.016381 1.374e-10
0.016453 1.3744e-10
0.016525 1.3749e-10
0.016597 1.3754e-10
0.01667 1.3758e-10
0.016743 1.3763e-10
0.016817 1.3768e-10
0.016891 1.3772e-10
0.016965 1.3777e-10
0.017039 1.3782e-10
0.017114 1.3786e-10
0.017189 1.3791e-10
0.017264 1.3796e-10
0.01734 1.3801e-10
0.017416 1.3806e-10
0.017493 1.3811e-10
0.017569 1.3816e-10
0.017646 1.382e-10
0.017724 1.3825e-10
0.017801 1.383e-10
0.01788 1.3835e-10
0.017958 1.3841e-10
0.018037 1.3846e-10
0.018116 1.3851e-10
0.018195 1.3856e-10
0.018275 1.3861e-10
0.018355 1.3866e-10
0.018436 1.3871e-10
0.018517 1.3877e-10
0.018598 1.3882e-10
0.01868 1.3887e-10
0.018762 1.3893e-10
0.018844 1.3898e-10
0.018926 1.3903e-10
0.01901 1.3909e-10
0.019093 1.3914e-10
0.019177 1.392e-10
0.019261 1.3925e-10
0.019345 1.3931e-10
0.01943 1.3936e-10
0.019515 1.3942e-10
0.019601 1.3948e-10
0.019687 1.3953e-10
0.019773 1.3959e-10
0.01986 1.3965e-10
0.019947 1.397e-10
0.020035 1.3976e-10
0.020123 1.3982e-10
0.020211 1.3988e-10
0.0203 1.3994e-10
0.020389 1.4e-10
0.020478 1.4007e-10
0.020568 1.4013e-10
0.020658 1.402e-10
0.020749 1.4026e-10
0.02084 1.4033e-10
0.020931 1.404e-10
0.021023 1.4047e-10
0.021115 1.4054e-10
0.021208 1.4061e-10
0.021301 1.4068e-10
0.021394 1.4076e-10
0.021488 1.4083e-10
0.021582 1.4091e-10
0.021677 1.4099e-10
0.021772 1.4107e-10
0.021868 1.4115e-10
0.021964 1.4123e-10
0.02206 1.4131e-10
0.022157 1.4139e-10
0.022254 1.4147e-10
0.022352 1.4156e-10
0.02245 1.4164e-10
0.022548 1.4173e-10
0.022647 1.4182e-10
0.022746 1.419e-10
0.022846 1.4199e-10
0.022946 1.4208e-10
0.023047 1.4218e-10
0.023148 1.4227e-10
0.02325 1.4236e-10
0.023352 1.4246e-10
0.023454 1.4255e-10
0.023557 1.4265e-10
0.02366 1.4274e-10
0.023764 1.4284e-10
0.023868 1.4294e-10
0.023973 1.4304e-10
0.024078 1.4314e-10
0.024184 1.4324e-10
0.02429 1.4334e-10
0.024396 1.4345e-10
0.024504 1.4355e-10
0.024611 1.4366e-10
0.024719 1.4376e-10
0.024827 1.4387e-10
0.024936 1.4398e-10
0.025046 1.4408e-10
0.025156 1.4419e-10
0.025266 1.443e-10
0.025377 1.4442e-10
0.025488 1.4453e-10
0.0256 1.4464e-10
0.025712 1.4475e-10
0.025825 1.4487e-10
0.025938 1.4498e-10
0.026052 1.451e-10
0.026166 1.4522e-10
0.026281 1.4533e-10
0.026396 1.4545e-10
0.026512 1.4557e-10
0.026629 1.4569e-10
0.026745 1.4581e-10
0.026863 1.4593e-10
0.026981 1.4605e-10
0.027099 1.4618e-10
0.027218 1.463e-10
0.027337 1.4643e-10
0.027457 1.4655e-10
0.027578 1.4668e-10
0.027698 1.468e-10
0.02782 1.4693e-10
0.027942 1.4706e-10
0.028065 1.4719e-10
0.028188 1.4732e-10
0.028311 1.4745e-10
0.028436 1.4758e-10
0.02856 1.4771e-10
0.028686 1.4784e-10
0.028811 1.4797e-10
0.028938 1.4811e-10
0.029065 1.4824e-10
0.029192 1.4838e-10
0.02932 1.4851e-10
0.029449 1.4865e-10
0.029578 1.4878e-10
0.029708 1.4892e-10
0.029838 1.4906e-10
0.029969 1.492e-10
0.030101 1.4934e-10
0.030233 1.4948e-10
0.030365 1.4962e-10
0.030498 1.4977e-10
0.030632 1.4991e-10
0.030767 1.5006e-10
0.030902 1.5022e-10
0.031037 1.5037e-10
0.031173 1.5053e-10
0.03131 1.5068e-10
0.031447 1.5084e-10
0.031585 1.51e-10
0.031724 1.5117e-10
0.031863 1.5133e-10
0.032003 1.515e-10
0.032143 1.5167e-10
0.032284 1.5184e-10
0.032426 1.5202e-10
0.032568 1.5219e-10
0.032711 1.5237e-10
0.032854 1.5255e-10
0.032999 1.5273e-10
0.033143 1.5291e-10
0.033289 1.531e-10
0.033435 1.5328e-10
0.033581 1.5347e-10
0.033729 1.5366e-10
0.033877 1.5386e-10
0.034025 1.5405e-10
0.034175 1.5425e-10
0.034325 1.5444e-10
0.034475 1.5464e-10
0.034626 1.5484e-10
0.034778 1.5505e-10
0.034931 1.5525e-10
0.035084 1.5546e-10
0.035238 1.5567e-10
0.035393 1.5588e-10
0.035548 1.5609e-10
0.035704 1.563e-10
0.03586 1.5652e-10
0.036018 1.5674e-10
0.036176 1.5696e-10
0.036334 1.5718e-10
0.036494 1.574e-10
0.036654 1.5762e-10
0.036815 1.5785e-10
0.036976 1.5808e-10
0.037138 1.5831e-10
0.037301 1.5854e-10
0.037465 1.5877e-10
0.037629 1.59e-10
0.037794 1.5924e-10
0.03796 1.5948e-10
0.038127 1.5972e-10
0.038294 1.5996e-10
0.038462 1.602e-10
0.038631 1.6044e-10
0.0388 1.6069e-10
0.03897 1.6093e-10
0.039141 1.6118e-10
0.039313 1.6143e-10
0.039485 1.6168e-10
0.039659 1.6194e-10
0.039833 1.6219e-10
0.040007 1.6245e-10
0.040183 1.6271e-10
0.040359 1.6297e-10
0.040536 1.6324e-10
0.040714 1.6351e-10
0.040893 1.6378e-10
0.041072 1.6406e-10
0.041252 1.6434e-10
0.041433 1.6463e-10
0.041615 1.6491e-10
0.041797 1.6521e-10
0.041981 1.655e-10
0.042165 1.658e-10
0.04235 1.6611e-10
0.042536 1.6641e-10
0.042722 1.6672e-10
0.04291 1.6704e-10
0.043098 1.6735e-10
0.043287 1.6767e-10
0.043477 1.68e-10
0.043668 1.6832e-10
0.043859 1.6865e-10
0.044052 1.6899e-10
0.044245 1.6932e-10
0.044439 1.6966e-10
0.044634 1.7e-10
0.04483 1.7035e-10
0.045026 1.707e-10
0.045224 1.7105e-10
0.045422 1.714e-10
0.045621 1.7176e-10
0.045822 1.7212e-10
0.046023 1.7248e-10
0.046224 1.7284e-10
0.046427 1.7321e-10
0.046631 1.7358e-10
0.046835 1.7396e-10
0.047041 1.7433e-10
0.047247 1.7471e-10
0.047455 1.7509e-10
0.047663 1.7547e-10
0.047872 1.7586e-10
0.048082 1.7625e-10
0.048293 1.7664e-10
0.048505 1.7703e-10
0.048717 1.7742e-10
0.048931 1.7782e-10
0.049146 1.7822e-10
0.049361 1.7862e-10
0.049578 1.7902e-10
0.049795 1.7943e-10
0.050014 1.7983e-10
0.050233 1.8025e-10
0.050454 1.8067e-10
0.050675 1.811e-10
0.050897 1.8155e-10
0.05112 1.82e-10
0.051345 1.8246e-10
0.05157 1.8292e-10
0.051796 1.8339e-10
0.052023 1.8386e-10
0.052252 1.8434e-10
0.052481 1.8482e-10
0.052711 1.853e-10
0.052942 1.8579e-10
0.053175 1.8628e-10
0.053408 1.8678e-10
0.053642 1.8729e-10
0.053877 1.878e-10
0.054114 1.8831e-10
0.054351 1.8883e-10
0.05459 1.8936e-10
0.054829 1.8989e-10
0.05507 1.9043e-10
0.055311 1.9098e-10
0.055554 1.9152e-10
0.055797 1.9207e-10
0.056042 1.9263e-10
0.056288 1.9319e-10
0.056535 1.9376e-10
0.056783 1.9433e-10
0.057032 1.949e-10
0.057282 1.9548e-10
0.057534 1.9607e-10
0.057786 1.9666e-10
0.058039 1.9725e-10
0.058294 1.9786e-10
0.05855 1.9847e-10
0.058807 1.9908e-10
0.059065 1.997e-10
0.059324 2.0033e-10
0.059584 2.0097e-10
0.059845 2.0161e-10
0.060108 2.0226e-10
0.060372 2.0291e-10
0.060636 2.0358e-10
0.060902 2.0425e-10
0.06117 2.0493e-10
0.061438 2.0562e-10
0.061707 2.0631e-10
0.061978 2.0702e-10
0.06225 2.0773e-10
0.062523 2.0844e-10
0.062797 2.0917e-10
0.063073 2.099e-10
0.063349 2.1065e-10
0.063627 2.1139e-10
0.063907 2.1215e-10
0.064187 2.1291e-10
0.064468 2.1369e-10
0.064751 2.1447e-10
0.065035 2.1525e-10
0.065321 2.1605e-10
0.065607 2.1685e-10
0.065895 2.1766e-10
0.066184 2.1848e-10
0.066474 2.1931e-10
0.066766 2.2015e-10
0.067059 2.2099e-10
0.067353 2.2185e-10
0.067648 2.2272e-10
0.067945 2.236e-10
0.068243 2.2448e-10
0.068543 2.2539e-10
0.068843 2.263e-10
0.069145 2.2722e-10
0.069449 2.2816e-10
0.069753 2.2911e-10
0.070059 2.3007e-10
0.070367 2.3105e-10
0.070675 2.3203e-10
0.070985 2.3303e-10
0.071297 2.3403e-10
0.07161 2.3505e-10
0.071924 2.3607e-10
0.072239 2.3711e-10
0.072556 2.3816e-10
0.072874 2.3922e-10
0.073194 2.4029e-10
0.073515 2.4137e-10
0.073838 2.4246e-10
0.074162 2.4357e-10
0.074487 2.4469e-10
0.074814 2.4582e-10
0.075142 2.4696e-10
0.075471 2.4812e-10
0.075803 2.4929e-10
0.076135 2.5047e-10
0.076469 2.5166e-10
0.076805 2.5287e-10
0.077141 2.5409e-10
0.07748 2.5533e-10
0.07782 2.5658e-10
0.078161 2.5784e-10
0.078504 2.5912e-10
0.078848 2.6041e-10
0.079194 2.6172e-10
0.079542 2.6305e-10
0.079891 2.6439e-10
0.080241 2.6574e-10
0.080593 2.6712e-10
0.080947 2.6851e-10
0.081302 2.6993e-10
0.081658 2.7136e-10
0.082017 2.7281e-10
0.082376 2.7429e-10
0.082738 2.7578e-10
0.083101 2.7729e-10
0.083465 2.7882e-10
0.083831 2.8037e-10
0.084199 2.8195e-10
0.084568 2.8354e-10
0.084939 2.8515e-10
0.085312 2.8678e-10
0.085686 2.8843e-10
0.086062 2.901e-10
0.08644 2.918e-10
0.086819 2.9351e-10
0.0872 2.9524e-10
0.087582 2.97e-10
0.087967 2.9877e-10
0.088352 3.0057e-10
0.08874 3.0238e-10
0.089129 3.0422e-10
0.08952 3.0608e-10
0.089913 3.0796e-10
0.090307 3.0986e-10
0.090704 3.1178e-10
0.091101 3.1372e-10
0.091501 3.1569e-10
0.091902 3.1768e-10
0.092306 3.197e-10
0.092711 3.2174e-10
0.093117 3.2381e-10
0.093526 3.2591e-10
0.093936 3.2804e-10
0.094348 3.3019e-10
0.094762 3.3238e-10
0.095178 3.346e-10
0.095595 3.3685e-10
0.096015 3.3914e-10
0.096436 3.4147e-10
0.096859 3.4383e-10
0.097284 3.4623e-10
0.09771 3.4867e-10
0.098139 3.5114e-10
0.09857 3.5366e-10
0.099002 3.5623e-10
0.099436 3.5884e-10
0.099873 3.6149e-10
0.10031 3.6419e-10
0.10075 3.6693e-10
0.10119 3.697e-10
0.10164 3.7251e-10
0.10208 3.7536e-10
0.10253 3.7824e-10
0.10298 3.8117e-10
0.10343 3.8413e-10
0.10389 3.8713e-10
0.10434 3.9018e-10
0.1048 3.9327e-10
0.10526 3.964e-10
0.10572 3.9957e-10
0.10618 4.0279e-10
0.10665 4.0605e-10
0.10712 4.0936e-10
0.10759 4.1271e-10
0.10806 4.1611e-10
0.10853 4.1956e-10
0.10901 4.2306e-10
0.10949 4.2661e-10
0.10997 4.3021e-10
0.11045 4.3386e-10
0.11094 4.3757e-10
0.11142 4.4132e-10
0.11191 4.4514e-10
0.1124 4.49e-10
0.11289 4.5293e-10
0.11339 4.5691e-10
0.11389 4.6095e-10
0.11439 4.6505e-10
0.11489 4.6921e-10
0.11539 4.7343e-10
0.1159 4.7771e-10
0.11641 4.8206e-10
0.11692 4.8648e-10
0.11743 4.9096e-10
0.11795 4.9551e-10
0.11846 5.0012e-10
0.11898 5.0481e-10
0.11951 5.0957e-10
0.12003 5.144e-10
0.12056 5.1931e-10
0.12108 5.2429e-10
0.12162 5.2935e-10
0.12215 5.3449e-10
0.12269 5.3971e-10
0.12322 5.4501e-10
0.12376 5.504e-10
0.12431 5.5586e-10
0.12485 5.6142e-10
0.1254 5.6707e-10
0.12595 5.7283e-10
0.1265 5.787e-10
0.12706 5.8469e-10
0.12761 5.908e-10
0.12817 5.9702e-10
0.12874 6.0337e-10
0.1293 6.0983e-10
0.12987 6.1643e-10
0.13044 6.2314e-10
0.13101 6.2998e-10
0.13159 6.3696e-10
0.13216 6.4406e-10
0.13274 6.513e-10
0.13332 6.5867e-10
0.13391 6.6618e-10
0.1345 6.7383e-10
0.13509 6.8162e-10
0.13568 6.8955e-10
0.13628 6.9763e-10
0.13687 7.0586e-10
0.13747 7.1423e-10
0.13808 7.2276e-10
0.13868 7.3144e-10
0.13929 7.4028e-10
0.1399 7.4928e-10
0.14052 7.5844e-10
0.14113 7.6776e-10
0.14175 7.7725e-10
0.14237 7.869e-10
0.143 7.9673e-10
0.14362 8.0673e-10
0.14425 8.1691e-10
0.14489 8.2726e-10
0.14552 8.378e-10
0.14616 8.4852e-10
0.1468 8.5942e-10
0.14745 8.7052e-10
0.14809 8.818e-10
0.14874 8.9329e-10
0.1494 9.0496e-10
0.15005 9.1684e-10
0.15071 9.2895e-10
0.15137 9.4131e-10
0.15203 9.5394e-10
0.1527 9.6683e-10
0.15337 9.7998e-10
0.15404 9.9342e-10
0.15472 1.0071e-09
0.1554 1.0211e-09
0.15608 1.0354e-09
0.15676 1.05e-09
0.15745 1.0649e-09
0.15814 1.0802e-09
0.15884 1.0957e-09
0.15953 1.1116e-09
0.16023 1.1277e-09
0.16094 1.1443e-09
0.16164 1.1612e-09
0.16235 1.1784e-09
0.16306 1.196e-09
0.16378 1.214e-09
0.1645 1.2323e-09
0.16522 1.251e-09
0.16594 1.2701e-09
0.16667 1.2897e-09
0.1674 1.3096e-09
0.16814 1.3299e-09
0.16887 1.3507e-09
0.16962 1.3719e-09
0.17036 1.3936e-09
0.17111 1.4157e-09
0.17186 1.4383e-09
0.17261 1.4614e-09
0.17337 1.4849e-09
0.17413 1.5089e-09
0.17489 1.5335e-09
0.17566 1.5586e-09
0.17643 1.5842e-09
0.1772 1.6105e-09
0.17798 1.6373e-09
0.17876 1.6648e-09
0.17955 1.6929e-09
0.18033 1.7217e-09
0.18113 1.7512e-09
0.18192 1.7813e-09
0.18272 1.8122e-09
0.18272 2.0331e-09
0.18192 2.0439e-09
0.18113 2.0544e-09
0.18033 2.0646e-09
0.17955 2.0746e-09
0.17876 2.0844e-09
0.17798 2.0939e-09
0.1772 2.1033e-09
0.17643 2.1125e-09
0.17566 2.1215e-09
0.17489 2.1305e-09
0.17413 2.1393e-09
0.17337 2.148e-09
0.17261 2.1566e-09
0.17186 2.1652e-09
0.17111 2.1738e-09
0.17036 2.1824e-09
0.16962 2.1909e-09
0.16887 2.1996e-09
0.16814 2.2082e-09
0.1674 2.217e-09
0.16667 2.2259e-09
0.16594 2.2349e-09
0.16522 2.2441e-09
0.1645 2.2535e-09
0.16378 2.263e-09
0.16306 2.2728e-09
0.16235 2.2829e-09
0.16164 2.2933e-09
0.16094 2.304e-09
0.16023 2.315e-09
0.15953 2.3264e-09
0.15884 2.3382e-09
0.15814 2.3503e-09
0.15745 2.3626e-09
0.15676 2.3749e-09
0.15608 2.3872e-09
0.1554 2.3996e-09
0.15472 2.412e-09
0.15404 2.4244e-09
0.15337 2.4369e-09
0.1527 2.4494e-09
0.15203 2.4619e-09
0.15137 2.4745e-09
0.15071 2.487e-09
0.15005 2.4996e-09
0.1494 2.5123e-09
0.14874 2.5249e-09
0.14809 2.5376e-09
0.14745 2.5503e-09
0.1468 2.5631e-09
0.14616 2.5759e-09
0.14552 2.5886e-09
0.14489 2.6015e-09
0.14425 2.6143e-09
0.14362 2.6271e-09
0.143 2.64e-09
0.14237 2.6529e-09
0.14175 2.6658e-09
0.14113 2.6788e-09
0.14052 2.6917e-09
0.1399 2.7047e-09
0.13929 2.7177e-09
0.13868 2.7307e-09
0.13808 2.7437e-09
0.13747 2.7567e-09
0.13687 2.7698e-09
0.13628 2.7828e-09
0.13568 2.7959e-09
0.13509 2.8089e-09
0.1345 2.822e-09
0.13391 2.8351e-09
0.13332 2.8482e-09
0.13274 2.8613e-09
0.13216 2.8744e-09
0.13159 2.8875e-09
0.13101 2.9006e-09
0.13044 2.9137e-09
0.12987 2.9268e-09
0.1293 2.94e-09
0.12874 2.9531e-09
0.12817 2.9662e-09
0.12761 2.9793e-09
0.12706 2.9924e-09
0.1265 3.0055e-09
0.12595 3.0186e-09
0.1254 3.0317e-09
0.12485 3.0448e-09
0.12431 3.058e-09
0.12376 3.0713e-09
0.12322 3.0845e-09
0.12269 3.0978e-09
0.12215 3.1112e-09
0.12162 3.1245e-09
0.12108 3.1379e-09
0.12056 3.1513e-09
0.12003 3.1648e-09
0.11951 3.1783e-09
0.11898 3.1918e-09
0.11846 3.2053e-09
0.11795 3.2188e-09
0.11743 3.2323e-09
0.11692 3.2459e-09
0.11641 3.2595e-09
0.1159 3.273e-09
0.11539 3.2866e-09
0.11489 3.3002e-09
0.11439 3.3138e-09
0.11389 3.3273e-09
0.11339 3.3409e-09
0.11289 3.3545e-09
0.1124 3.368e-09
0.11191 3.3815e-09
0.11142 3.3951e-09
0.11094 3.4086e-09
0.11045 3.422e-09
0.10997 3.4355e-09
0.10949 3.4489e-09
0.10901 3.4623e-09
0.10853 3.4757e-09
0.10806 3.489e-09
0.10759 3.5023e-09
0.10712 3.5155e-09
0.10665 3.5287e-09
0.10618 3.5418e-09
0.10572 3.5549e-09
0.10526 3.568e-09
0.1048 3.5809e-09
0.10434 3.5939e-09
0.10389 3.6067e-09
0.10343 3.6195e-09
0.10298 3.6322e-09
0.10253 3.6448e-09
0.10208 3.6574e-09
0.10164 3.6699e-09
0.10119 3.6823e-09
0.10075 3.6946e-09
0.10031 3.7068e-09
0.099873 3.7189e-09
0.099436 3.7309e-09
0.099002 3.7428e-09
0.09857 3.7546e-09
0.098139 3.7664e-09
0.09771 3.778e-09
0.097284 3.7896e-09
0.096859 3.8011e-09
0.096436 3.8125e-09
0.096015 3.8239e-09
0.095595 3.8352e-09
0.095178 3.8464e-09
0.094762 3.8575e-09
0.094348 3.8686e-09
0.093936 3.8797e-09
0.093526 3.8906e-09
0.093117 3.9016e-09
0.092711 3.9125e-09
0.092306 3.9233e-09
0.091902 3.9341e-09
0.091501 3.9449e-09
0.091101 3.9556e-09
0.090704 3.9663e-09
0.090307 3.977e-09
0.089913 3.9877e-09
0.08952 3.9983e-09
0.089129 4.009e-09
0.08874 4.0196e-09
0.088352 4.0302e-09
0.087967 4.0408e-09
0.087582 4.0515e-09
0.0872 4.0621e-09
0.086819 4.0727e-09
0.08644 4.0834e-09
0.086062 4.0941e-09
0.085686 4.1048e-09
0.085312 4.1155e-09
0.084939 4.1263e-09
0.084568 4.1371e-09
0.084199 4.1479e-09
0.083831 4.1588e-09
0.083465 4.1698e-09
0.083101 4.1808e-09
0.082738 4.1918e-09
0.082376 4.203e-09
0.082017 4.2142e-09
0.081658 4.2254e-09
0.081302 4.2368e-09
0.080947 4.2482e-09
0.080593 4.2598e-09
0.080241 4.2714e-09
0.079891 4.2831e-09
0.079542 4.2949e-09
0.079194 4.3069e-09
0.078848 4.3188e-09
0.078504 4.3308e-09
0.078161 4.3428e-09
0.07782 4.3549e-09
0.07748 4.367e-09
0.077141 4.3791e-09
0.076805 4.3913e-09
0.076469 4.4034e-09
0.076135 4.4157e-09
0.075803 4.4279e-09
0.075471 4.4402e-09
0.075142 4.4525e-09
0.074814 4.4649e-09
0.074487 4.4773e-09
0.074162 4.4897e-09
0.073838 4.5022e-09
0.073515 4.5147e-09
0.073194 4.5272e-09
0.072874 4.5398e-09
0.072556 4.5524e-09
0.072239 4.565e-09
0.071924 4.5777e-09
0.07161 4.5904e-09
0.071297 4.6032e-09
0.070985 4.6159e-09
0.070675 4.6287e-09
0.070367 4.6416e-09
0.070059 4.6545e-09
0.069753 4.6674e-09
0.069449 4.6804e-09
0.069145 4.6934e-09
0.068843 4.7064e-09
0.068543 4.7195e-09
0.068243 4.7326e-09
0.067945 4.7457e-09
0.067648 4.7589e-09
0.067353 4.7721e-09
0.067059 4.7853e-09
0.066766 4.7986e-09
0.066474 4.8119e-09
0.066184 4.8253e-09
0.065895 4.8387e-09
0.065607 4.8521e-09
0.065321 4.8656e-09
0.065035 4.8791e-09
0.064751 4.8926e-09
0.064468 4.9062e-09
0.064187 4.9198e-09
0.063907 4.9335e-09
0.063627 4.9472e-09
0.063349 4.9609e-09
0.063073 4.9747e-09
0.062797 4.9885e-09
0.062523 5.0025e-09
0.06225 5.0165e-09
0.061978 5.0305e-09
0.061707 5.0447e-09
0.061438 5.059e-09
0.06117 5.0733e-09
0.060902 5.0876e-09
0.060636 5.1021e-09
0.060372 5.1166e-09
0.060108 5.1312e-09
0.059845 5.1458e-09
0.059584 5.1605e-09
0.059324 5.1753e-09
0.059065 5.1901e-09
0.058807 5.2049e-09
0.05855 5.2198e-09
0.058294 5.2348e-09
0.058039 5.2498e-09
0.057786 5.2648e-09
0.057534 5.2798e-09
0.057282 5.2949e-09
0.057032 5.31e-09
0.056783 5.3252e-09
0.056535 5.3404e-09
0.056288 5.3555e-09
0.056042 5.3708e-09
0.055797 5.386e-09
0.055554 5.4012e-09
0.055311 5.4165e-09
0.05507 5.4317e-09
0.054829 5.4469e-09
0.05459 5.4622e-09
0.054351 5.4774e-09
0.054114 5.4927e-09
0.053877 5.5079e-09
0.053642 5.5231e-09
0.053408 5.5383e-09
0.053175 5.5534e-09
0.052942 5.5686e-09
0.052711 5.5837e-09
0.052481 5.5988e-09
0.052252 5.6138e-09
0.052023 5.6288e-09
0.051796 5.6437e-09
0.05157 5.6586e-09
0.051345 5.6735e-09
0.05112 5.6883e-09
0.050897 5.703e-09
0.050675 5.7177e-09
0.050454 5.7323e-09
0.050233 5.7469e-09
0.050014 5.7613e-09
0.049795 5.7757e-09
0.049578 5.7901e-09
0.049361 5.8044e-09
0.049146 5.8186e-09
0.048931 5.8328e-09
0.048717 5.847e-09
0.048505 5.8611e-09
0.048293 5.8752e-09
0.048082 5.8892e-09
0.047872 5.9032e-09
0.047663 5.9171e-09
0.047455 5.9311e-09
0.047247 5.9449e-09
0.047041 5.9588e-09
0.046835 5.9727e-09
0.046631 5.9865e-09
0.046427 6.0003e-09
0.046224 6.0141e-09
0.046023 6.0278e-09
0.045822 6.0416e-09
0.045621 6.0553e-09
0.045422 6.0691e-09
0.045224 6.0828e-09
0.045026 6.0965e-09
0.04483 6.1103e-09
0.044634 6.124e-09
0.044439 6.1378e-09
0.044245 6.1515e-09
0.044052 6.1653e-09
0.043859 6.1791e-09
0.043668 6.1928e-09
0.043477 6.2067e-09
0.043287 6.2205e-09
0.043098 6.2344e-09
0.04291 6.2483e-09
0.042722 6.2622e-09
0.042536 6.2762e-09
0.04235 6.2902e-09
0.042165 6.3042e-09
0.041981 6.3183e-09
0.041797 6.3324e-09
0.041615 6.3466e-09
0.041433 6.3608e-09
0.041252 6.3751e-09
0.041072 6.3895e-09
0.040893 6.4039e-09
0.040714 6.4184e-09
0.040536 6.433e-09
0.040359 6.4476e-09
0.040183 6.4623e-09
0.040007 6.4771e-09
0.039833 6.4919e-09
0.039659 6.5069e-09
0.039485 6.5219e-09
0.039313 6.5369e-09
0.039141 6.5519e-09
0.03897 6.567e-09
0.0388 6.5821e-09
0.038631 6.5972e-09
0.038462 6.6124e-09
0.038294 6.6276e-09
0.038127 6.6429e-09
0.03796 6.6581e-09
0.037794 6.6735e-09
0.037629 6.6888e-09
0.037465 6.7042e-09
0.037301 6.7196e-09
0.037138 6.7351e-09
0.036976 6.7506e-09
0.036815 6.7661e-09
0.036654 6.7817e-09
0.036494 6.7973e-09
0.036334 6.8129e-09
0.036176 6.8286e-09
0.036018 6.8443e-09
0.03586 6.8601e-09
0.035704 6.8758e-09
0.035548 6.8917e-09
0.035393 6.9075e-09
0.035238 6.9234e-09
0.035084 6.9393e-09
0.034931 6.9553e-09
0.034778 6.9713e-09
0.034626 6.9873e-09
0.034475 7.0034e-09
0.034325 7.0195e-09
0.034175 7.0357e-09
0.034025 7.0519e-09
0.033877 7.0681e-09
0.033729 7.0843e-09
0.033581 7.1006e-09
0.033435 7.117e-09
0.033289 7.1334e-09
0.033143 7.1498e-09
0.032999 7.1662e-09
0.032854 7.1827e-09
0.032711 7.1992e-09
0.032568 7.2158e-09
0.032426 7.2324e-09
0.032284 7.249e-09
0.032143 7.2657e-09
0.032003 7.2824e-09
0.031863 7.2992e-09
0.031724 7.316e-09
0.031585 7.3328e-09
0.031447 7.3497e-09
0.03131 7.3666e-09
0.031173 7.3835e-09
0.031037 7.4005e-09
0.030902 7.4175e-09
0.030767 7.4346e-09
0.030632 7.4517e-09
0.030498 7.4689e-09
0.030365 7.486e-09
0.030233 7.5033e-09
0.030101 7.5205e-09
0.029969 7.5378e-09
0.029838 7.5552e-09
0.029708 7.5726e-09
0.029578 7.59e-09
0.029449 7.6074e-09
0.02932 7.6249e-09
0.029192 7.6425e-09
0.029065 7.6601e-09
0.028938 7.6777e-09
0.028811 7.6954e-09
0.028686 7.7131e-09
0.02856 7.7308e-09
0.028436 7.7486e-09
0.028311 7.7664e-09
0.028188 7.7843e-09
0.028065 7.8022e-09
0.027942 7.8201e-09
0.02782 7.8381e-09
0.027698 7.8562e-09
0.027578 7.8742e-09
0.027457 7.8924e-09
0.027337 7.9105e-09
0.027218 7.9287e-09
0.027099 7.947e-09
0.026981 7.9652e-09
0.026863 7.9836e-09
0.026745 8.0019e-09
0.026629 8.0203e-09
0.026512 8.0388e-09
0.026396 8.0573e-09
0.026281 8.0758e-09
0.026166 8.0944e-09
0.026052 8.113e-09
0.025938 8.1317e-09
0.025825 8.1504e-09
0.025712 8.1692e-09
0.0256 8.1879e-09
0.025488 8.2068e-09
0.025377 8.2257e-09
0.025266 8.2446e-09
0.025156 8.2636e-09
0.025046 8.2826e-09
0.024936 8.3019e-09
0.024827 8.3215e-09
0.024719 8.3414e-09
0.024611 8.3614e-09
0.024504 8.3817e-09
0.024396 8.4022e-09
0.02429 8.4229e-09
0.024184 8.4438e-09
0.024078 8.4649e-09
0.023973 8.4861e-09
0.023868 8.5074e-09
0.023764 8.5289e-09
0.02366 8.5506e-09
0.023557 8.5723e-09
0.023454 8.5941e-09
0.023352 8.6161e-09
0.02325 8.638e-09
0.023148 8.6601e-09
0.023047 8.6821e-09
0.022946 8.7042e-09
0.022846 8.7264e-09
0.022746 8.7485e-09
0.022647 8.7706e-09
0.022548 8.7926e-09
0.02245 8.8146e-09
0.022352 8.8366e-09
0.022254 8.8585e-09
0.022157 8.8802e-09
0.02206 8.9019e-09
0.021964 8.9235e-09
0.021868 8.9449e-09
0.021772 8.9661e-09
0.021677 8.9872e-09
0.021582 9.0081e-09
0.021488 9.0288e-09
0.021394 9.0493e-09
0.021301 9.0696e-09
0.021208 9.0895e-09
0.021115 9.1093e-09
0.021023 9.1287e-09
0.020931 9.1478e-09
0.02084 9.1667e-09
0.020749 9.1851e-09
0.020658 9.2033e-09
0.020568 9.221e-09
0.020478 9.2384e-09
0.020389 9.2553e-09
0.0203 9.2719e-09
0.020211 9.288e-09
0.020123 9.3036e-09
0.020035 9.3188e-09
0.019947 9.3334e-09
0.01986 9.3478e-09
0.019773 9.3618e-09
0.019687 9.3757e-09
0.019601 9.3893e-09
0.019515 9.4026e-09
0.01943 9.4158e-09
0.019345 9.4288e-09
0.019261 9.4415e-09
0.019177 9.4541e-09
0.019093 9.4665e-09
0.01901 9.4787e-09
0.018926 9.4907e-09
0.018844 9.5026e-09
0.018762 9.5143e-09
0.01868 9.5259e-09
0.018598 9.5373e-09
0.018517 9.5486e-09
0.018436 9.5597e-09
0.018355 9.5707e-09
0.018275 9.5816e-09
0.018195 9.5925e-09
0.018116 9.6032e-09
0.018037 9.6138e-09
0.017958 9.6243e-09
0.01788 9.6348e-09
0.017801 9.6452e-09
0.017724 9.6555e-09
0.017646 9.6658e-09
0.017569 9.676e-09
0.017493 9.6862e-09
0.017416 9.6963e-09
0.01734 9.7065e-09
0.017264 9.7166e-09
0.017189 9.7267e-09
0.017114 9.7369e-09
0.017039 9.747e-09
0.016965 9.7572e-09
0.016891 9.7673e-09
0.016817 9.7776e-09
0.016743 9.7878e-09
0.01667 9.7981e-09
0.016597 9.8085e-09
0.016525 9.8189e-09
0.016453 9.8294e-09
0.016381 9.84e-09
0.016309 9.8507e-09
0.016238 9.8615e-09
0.016167 9.8724e-09
0.016097 9.8834e-09
0.016026 9.8946e-09
0.015956 9.9059e-09
0.015887 9.9173e-09
0.015817 9.9288e-09
0.015748 9.9404e-09
0.015679 9.9521e-09
0.015611 9.9637e-09
0.015543 9.9753e-09
0.015475 9.987e-09
0.015407 9.9986e-09
0.01534 1.001e-08
0.015273 1.0022e-08
0.015206 1.0034e-08
0.01514 1.0045e-08
0.015074 1.0057e-08
0.015008 1.0069e-08
0.014942 1.0081e-08
0.014877 1.0092e-08
0.014812 1.0104e-08
0.014747 1.0116e-08
0.014683 1.0128e-08
0.014619 1.014e-08
0.014555 1.0152e-08
0.014491 1.0163e-08
0.014428 1.0175e-08
0.014365 1.0187e-08
0.014302 1.0199e-08
0.01424 1.0211e-08
0.014178 1.0223e-08
0.014116 1.0235e-08
0.014054 1.0247e-08
0.013993 1.0259e-08
0.013932 1.0271e-08
0.013871 1.0283e-08
0.01381 1.0295e-08
0.01375 1.0307e-08
0.01369 1.0319e-08
0.01363 1.0331e-08
0.01357 1.0343e-08
0.013511 1.0355e-08
0.013452 1.0367e-08
0.013393 1.0379e-08
0.013335 1.0391e-08
0.013277 1.0403e-08
0.013219 1.0416e-08
0.013161 1.0428e-08
0.013103 1.044e-08
0.013046 1.0452e-08
0.012989 1.0464e-08
0.012933 1.0477e-08
0.012876 1.0489e-08
0.01282 1.0501e-08
0.012764 1.0513e-08
0.012708 1.0526e-08
0.012653 1.0538e-08
0.012597 1.055e-08
0.012542 1.0563e-08
0.012488 1.0575e-08
0.012433 1.0588e-08
0.012379 1.0601e-08
0.012325 1.0615e-08
0.012271 1.0628e-08
0.012217 1.0642e-08
0.012164 1.0656e-08
0.012111 1.067e-08
0.012058 1.0685e-08
0.012005 1.0699e-08
0.011953 1.0714e-08
0.0119 1.0729e-08
0.011849 1.0743e-08
0.011797 1.0758e-08
0.011745 1.0773e-08
0.011694 1.0788e-08
0.011643 1.0803e-08
0.011592 1.0818e-08
0.011541 1.0833e-08
0.011491 1.0848e-08
0.011441 1.0863e-08
0.011391 1.0878e-08
0.011341 1.0893e-08
0.011292 1.0908e-08
0.011242 1.0923e-08
0.011193 1.0937e-08
0.011144 1.0952e-08
0.011096 1.0966e-08
0.011047 1.098e-08
0.010999 1.0994e-08
0.010951 1.1008e-08
0.010903 1.1021e-08
0.010855 1.1035e-08
0.010808 1.1048e-08
0.010761 1.1061e-08
0.010714 1.1073e-08
0.010667 1.1085e-08
0.01062 1.1097e-08
0.010574 1.1109e-08
0.010528 1.112e-08
0.010482 1.1131e-08
0.010436 1.1141e-08
0.01039 1.1152e-08
0.010345 1.1161e-08
0.0103 1.117e-08
0.010255 1.1179e-08
0.01021 1.1188e-08
0.010166 1.1195e-08
0.010121 1.1203e-08
0.010077 1.121e-08
0.010033 1.1216e-08
0.0099891 1.1222e-08
0.0099454 1.1227e-08
0.009902 1.1232e-08
0.0098588 1.1238e-08
0.0098157 1.1243e-08
0.0097728 1.1247e-08
0.0097301 1.1252e-08
0.0096876 1.1257e-08
0.0096453 1.1261e-08
0.0096032 1.1266e-08
0.0095613 1.127e-08
0.0095195 1.1274e-08
0.0094779 1.1278e-08
0.0094365 1.1282e-08
0.0093953 1.1286e-08
0.0093543 1.129e-08
0.0093134 1.1294e-08
0.0092727 1.1297e-08
0.0092322 1.1301e-08
0.0091919 1.1304e-08
0.0091518 1.1308e-08
0.0091118 1.1311e-08
0.009072 1.1314e-08
0.0090324 1.1318e-08
0.0089929 1.1321e-08
0.0089537 1.1324e-08
0.0089146 1.1327e-08
0.0088756 1.133e-08
0.0088369 1.1333e-08
0.0087983 1.1336e-08
0.0087598 1.1339e-08
0.0087216 1.1342e-08
0.0086835 1.1345e-08
0.0086455 1.1348e-08
0.0086078 1.1351e-08
0.0085702 1.1353e-08
0.0085328 1.1356e-08
0.0084955 1.1359e-08
0.0084584 1.1362e-08
0.0084214 1.1365e-08
0.0083847 1.1368e-08
0.008348 1.1371e-08
0.0083116 1.1374e-08
0.0082753 1.1377e-08
0.0082391 1.138e-08
0.0082032 1.1383e-08
0.0081673 1.1386e-08
0.0081316 1.139e-08
0.0080961 1.1393e-08
0.0080608 1.1396e-08
0.0080256 1.1399e-08
0.0079905 1.1403e-08
0.0079556 1.1406e-08
0.0079209 1.141e-08
0.0078863 1.1414e-08
0.0078518 1.1417e-08
0.0078175 1.1421e-08
0.0077834 1.1424e-08
0.0077494 1.1428e-08
0.0077155 1.1432e-08
0.0076818 1.1435e-08
0.0076483 1.1439e-08
0.0076149 1.1442e-08
0.0075816 1.1446e-08
0.0075485 1.145e-08
0.0075156 1.1453e-08
0.0074827 1.1457e-08
0.00745 1.1461e-08
0.0074175 1.1464e-08
0.0073851 1.1468e-08
0.0073529 1.1471e-08
0.0073207 1.1475e-08
0.0072888 1.1479e-08
0.0072569 1.1482e-08
0.0072252 1.1486e-08
0.0071937 1.1489e-08
0.0071623 1.1493e-08
0.007131 1.1497e-08
0.0070998 1.15e-08
0.0070688 1.1504e-08
0.0070379 1.1508e-08
0.0070072 1.1511e-08
0.0069766 1.1515e-08
0.0069461 1.1518e-08
0.0069158 1.1522e-08
0.0068856 1.1526e-08
0.0068555 1.1529e-08
0.0068256 1.1533e-08
0.0067958 1.1537e-08
0.0067661 1.154e-08
0.0067365 1.1544e-08
0.0067071 1.1548e-08
0.0066778 1.1551e-08
0.0066486 1.1555e-08
0.0066196 1.1558e-08
0.0065907 1.1562e-08
0.0065619 1.1566e-08
0.0065332 1.1569e-08
0.0065047 1.1573e-08
0.0064763 1.1577e-08
0.006448 1.158e-08
0.0064199 1.1584e-08
0.0063918 1.1588e-08
0.0063639 1.1591e-08
0.0063361 1.1595e-08
0.0063084 1.1599e-08
0.0062809 1.1602e-08
0.0062534 1.1606e-08
0.0062261 1.161e-08
0.0061989 1.1613e-08
0.0061719 1.1617e-08
0.0061449 1.1621e-08
0.0061181 1.1624e-08
0.0060913 1.1628e-08
0.0060647 1.1632e-08
0.0060383 1.1635e-08
0.0060119 1.1639e-08
0.0059856 1.1643e-08
0.0059595 1.1646e-08
0.0059335 1.165e-08
0.0059075 1.1654e-08
0.0058817 1.1657e-08
0.005856 1.1661e-08
0.0058305 1.1665e-08
0.005805 1.1668e-08
0.0057796 1.1672e-08
0.0057544 1.1676e-08
0.0057293 1.1679e-08
0.0057042 1.1683e-08
0.0056793 1.1687e-08
0.0056545 1.169e-08
0.0056298 1.1694e-08
0.0056052 1.1698e-08
0.0055808 1.1701e-08
0.0055564 1.1705e-08
0.0055321 1.1709e-08
0.005508 1.1712e-08
0.0054839 1.1716e-08
0.0054599 1.172e-08
0.0054361 1.1724e-08
0.0054124 1.1727e-08
0.0053887 1.1731e-08
0.0053652 1.1735e-08
0.0053418 1.1738e-08
0.0053184 1.1742e-08
0.0052952 1.1746e-08
0.0052721 1.1749e-08
0.005249 1.1753e-08
0.0052261 1.1757e-08
0.0052033 1.1761e-08
0.0051806 1.1764e-08
0.0051579 1.1768e-08
0.0051354 1.1772e-08
0.005113 1.1775e-08
0.0050906 1.1779e-08
0.0050684 1.1783e-08
0.0050463 1.1787e-08
0.0050242 1.179e-08
0.0050023 1.1794e-08
0.0049804 1.1798e-08
0.0049587 1.1801e-08
0.004937 1.1805e-08
0.0049155 1.1809e-08
0.004894 1.1813e-08
0.0048726 1.1816e-08
0.0048513 1.182e-08
0.0048302 1.1824e-08
0.0048091 1.1827e-08
0.0047881 1.1831e-08
0.0047671 1.1835e-08
0.0047463 1.1839e-08
0.0047256 1.1842e-08
0.0047049 1.1846e-08
0.0046844 1.185e-08
0.0046639 1.1854e-08
0.0046436 1.1857e-08
0.0046233 1.1861e-08
0.0046031 1.1865e-08
0.004583 1.1869e-08
0.004563 1.1872e-08
0.004543 1.1876e-08
0.0045232 1.188e-08
0.0045034 1.1884e-08
0.0044838 1.1887e-08
0.0044642 1.1891e-08
0.0044447 1.1895e-08
0.0044253 1.1899e-08
0.004406 1.1902e-08
0.0043867 1.1906e-08
0.0043676 1.191e-08
0.0043485 1.1914e-08
0.0043295 1.1917e-08
0.0043106 1.1921e-08
0.0042917 1.1925e-08
0.004273 1.1929e-08
0.0042543 1.1932e-08
0.0042358 1.1936e-08
0.0042173 1.194e-08
0.0041988 1.1944e-08
0.0041805 1.1947e-08
0.0041622 1.1951e-08
0.0041441 1.1955e-08
0.004126 1.1959e-08
0.0041079 1.1962e-08
0.00409 1.1966e-08
0.0040721 1.197e-08
0.0040543 1.1974e-08
0.0040366 1.1978e-08
0.004019 1.1981e-08
0.0040015 1.1985e-08
0.003984 1.1989e-08
0.0039666 1.1993e-08
0.0039493 1.1997e-08
0.003932 1.2001e-08
0.0039148 1.2005e-08
0.0038977 1.2009e-08
0.0038807 1.2013e-08
0.0038638 1.2017e-08
0.0038469 1.2022e-08
0.0038301 1.2026e-08
0.0038134 1.2031e-08
0.0037967 1.2035e-08
0.0037801 1.204e-08
0.0037636 1.2044e-08
0.0037472 1.2049e-08
0.0037308 1.2054e-08
0.0037145 1.2058e-08
0.0036983 1.2063e-08
0.0036821 1.2068e-08
0.0036661 1.2073e-08
0.00365 1.2077e-08
0.0036341 1.2082e-08
0.0036182 1.2087e-08
0.0036024 1.2091e-08
0.0035867 1.2096e-08
0.003571 1.2101e-08
0.0035554 1.2105e-08
0.0035399 1.211e-08
0.0035244 1.2114e-08
0.003509 1.2118e-08
0.0034937 1.2123e-08
0.0034785 1.2127e-08
0.0034633 1.2131e-08
0.0034481 1.2135e-08
0.0034331 1.2139e-08
0.0034181 1.2143e-08
0.0034032 1.2147e-08
0.0033883 1.2151e-08
0.0033735 1.2154e-08
0.0033588 1.2158e-08
0.0033441 1.2161e-08
0.0033295 1.2164e-08
0.0033149 1.2167e-08
0.0033005 1.217e-08
0.003286 1.2173e-08
0.0032717 1.2176e-08
0.0032574 1.2178e-08
0.0032432 1.218e-08
0.003229 1.2182e-08
0.0032149 1.2184e-08
0.0032009 1.2186e-08
0.0031869 1.2188e-08
0.003173 1.2189e-08
0.0031591 1.219e-08
0.0031453 1.2191e-08
0.0031316 1.2192e-08
0.0031179 1.2193e-08
0.0031043 1.2194e-08
0.0030907 1.2195e-08
0.0030772 1.2196e-08
0.0030638 1.2197e-08
0.0030504 1.2198e-08
0.0030371 1.2199e-08
0.0030238 1.2199e-08
0.0030106 1.22e-08
0.0029975 1.2201e-08
0.0029844 1.2202e-08
0.0029713 1.2202e-08
0.0029584 1.2203e-08
0.0029454 1.2204e-08
0.0029326 1.2204e-08
0.0029198 1.2205e-08
0.002907 1.2206e-08
0.0028943 1.2206e-08
0.0028817 1.2207e-08
0.0028691 1.2208e-08
0.0028566 1.2208e-08
0.0028441 1.2209e-08
0.0028317 1.2209e-08
0.0028193 1.221e-08
0.002807 1.221e-08
0.0027947 1.2211e-08
0.0027825 1.2211e-08
0.0027704 1.2212e-08
0.0027583 1.2212e-08
0.0027462 1.2213e-08
0.0027342 1.2213e-08
0.0027223 1.2214e-08
0.0027104 1.2214e-08
0.0026985 1.2215e-08
0.0026868 1.2215e-08
0.002675 1.2216e-08
0.0026633 1.2216e-08
0.0026517 1.2217e-08
0.0026401 1.2217e-08
0.0026286 1.2218e-08
0.0026171 1.2218e-08
0.0026057 1.2219e-08
0.0025943 1.2219e-08
0.002583 1.222e-08
0.0025717 1.222e-08
0.0025605 1.2221e-08
0.0025493 1.2222e-08
0.0025381 1.2222e-08
0.0025271 1.2223e-08
0.002516 1.2223e-08
0.002505 1.2224e-08
0.0024941 1.2225e-08
0.0024832 1.2225e-08
0.0024723 1.2226e-08
0.0024615 1.2227e-08
0.0024508 1.2227e-08
0.0024401 1.2228e-08
0.0024294 1.2229e-08
0.0024188 1.2229e-08
0.0024083 1.223e-08
0.0023977 1.223e-08
0.0023873 1.2231e-08
0.0023768 1.2232e-08
0.0023665 1.2232e-08
0.0023561 1.2233e-08
0.0023458 1.2234e-08
0.0023356 1.2234e-08
0.0023254 1.2235e-08
0.0023152 1.2236e-08
0.0023051 1.2236e-08
0.0022951 1.2237e-08
0.002285 1.2238e-08
0.002275 1.2238e-08
0.0022651 1.2239e-08
0.0022552 1.2239e-08
0.0022454 1.224e-08
0.0022356 1.2241e-08
0.0022258 1.2241e-08
0.0022161 1.2242e-08
0.0022064 1.2243e-08
0.0021968 1.2243e-08
0.0021872 1.2244e-08
0.0021776 1.2245e-08
0.0021681 1.2245e-08
0.0021586 1.2246e-08
0.0021492 1.2247e-08
0.0021398 1.2247e-08
0.0021305 1.2248e-08
0.0021212 1.2248e-08
0.0021119 1.2249e-08
0.0021027 1.225e-08
0.0020935 1.225e-08
0.0020844 1.2251e-08
0.0020752 1.2252e-08
0.0020662 1.2252e-08
0.0020572 1.2253e-08
0.0020482 1.2254e-08
0.0020392 1.2254e-08
0.0020303 1.2255e-08
0.0020215 1.2256e-08
0.0020126 1.2256e-08
0.0020038 1.2257e-08
0.0019951 1.2257e-08
0.0019864 1.2258e-08
0.0019777 1.2259e-08
0.0019691 1.2259e-08
0.0019605 1.226e-08
0.0019519 1.2261e-08
0.0019434 1.2261e-08
0.0019349 1.2262e-08
0.0019264 1.2263e-08
0.001918 1.2263e-08
0.0019096 1.2264e-08
0.0019013 1.2265e-08
0.001893 1.2265e-08
0.0018847 1.2266e-08
0.0018765 1.2266e-08
0.0018683 1.2267e-08
0.0018601 1.2268e-08
0.001852 1.2268e-08
0.0018439 1.2269e-08
0.0018359 1.227e-08
0.0018279 1.227e-08
0.0018199 1.2271e-08
0.0018119 1.2272e-08
0.001804 1.2272e-08
0.0017961 1.2273e-08
0.0017883 1.2274e-08
0.0017805 1.2274e-08
0.0017727 1.2275e-08
0.001765 1.2276e-08
0.0017572 1.2276e-08
0.0017496 1.2277e-08
0.0017419 1.2277e-08
0.0017343 1.2278e-08
0.0017267 1.2279e-08
0.0017192 1.2279e-08
0.0017117 1.228e-08
0.0017042 1.2281e-08
0.0016968 1.2281e-08
0.0016894 1.2282e-08
0.001682 1.2283e-08
0.0016746 1.2283e-08
0.0016673 1.2284e-08
0.00166 1.2285e-08
0.0016528 1.2285e-08
0.0016456 1.2286e-08
0.0016384 1.2286e-08
0.0016312 1.2287e-08
0.0016241 1.2288e-08
0.001617 1.2288e-08
0.0016099 1.2289e-08
0.0016029 1.229e-08
0.0015959 1.229e-08
0.0015889 1.2291e-08
0.001582 1.2292e-08
0.0015751 1.2292e-08
0.0015682 1.2293e-08
0.0015614 1.2294e-08
0.0015545 1.2294e-08
0.0015478 1.2295e-08
0.001541 1.2296e-08
0.0015343 1.2296e-08
0.0015276 1.2297e-08
0.0015209 1.2297e-08
0.0015143 1.2298e-08
0.0015076 1.2299e-08
0.0015011 1.2299e-08
0.0014945 1.23e-08
0.001488 1.2301e-08
0.0014815 1.2301e-08
0.001475 1.2302e-08
0.0014686 1.2303e-08
0.0014621 1.2303e-08
0.0014558 1.2304e-08
0.0014494 1.2305e-08
0.0014431 1.2305e-08
0.0014368 1.2306e-08
0.0014305 1.2306e-08
0.0014242 1.2307e-08
0.001418 1.2308e-08
0.0014118 1.2308e-08
0.0014057 1.2309e-08
0.0013995 1.231e-08
0.0013934 1.231e-08
0.0013873 1.2311e-08
0.0013813 1.2312e-08
0.0013752 1.2312e-08
0.0013692 1.2313e-08
0.0013632 1.2314e-08
0.0013573 1.2314e-08
0.0013514 1.2315e-08
0.0013455 1.2316e-08
0.0013396 1.2316e-08
0.0013337 1.2317e-08
0.0013279 1.2317e-08
0.0013221 1.2318e-08
0.0013163 1.2319e-08
0.0013106 1.2319e-08
0.0013049 1.232e-08
0.0012992 1.2321e-08
0.0012935 1.2321e-08
0.0012878 1.2322e-08
0.0012822 1.2323e-08
0.0012766 1.2323e-08
0.001271 1.2324e-08
0.0012655 1.2325e-08
0.00126 1.2325e-08
0.0012545 1.2326e-08
0.001249 1.2327e-08
0.0012435 1.2327e-08
0.0012381 1.2328e-08
0.0012327 1.2329e-08
0.0012273 1.2329e-08
0.0012219 1.233e-08
0.0012166 1.2331e-08
0.0012113 1.2332e-08
0.001206 1.2333e-08
0.0012007 1.2333e-08
0.0011955 1.2334e-08
0.0011903 1.2335e-08
0.0011851 1.2336e-08
0.0011799 1.2337e-08
0.0011747 1.2337e-08
0.0011696 1.2338e-08
0.0011645 1.2339e-08
0.0011594 1.234e-08
0.0011543 1.2341e-08
0.0011493 1.2342e-08
0.0011443 1.2342e-08
0.0011393 1.2343e-08
0.0011343 1.2344e-08
0.0011294 1.2345e-08
0.0011244 1.2346e-08
0.0011195 1.2346e-08
0.0011146 1.2347e-08
0.0011098 1.2348e-08
0.0011049 1.2349e-08
0.0011001 1.2349e-08
0.0010953 1.235e-08
0.0010905 1.2351e-08
0.0010857 1.2352e-08
0.001081 1.2352e-08
0.0010763 1.2353e-08
0.0010716 1.2353e-08
0.0010669 1.2354e-08
0.0010622 1.2355e-08
0.0010576 1.2355e-08
0.001053 1.2356e-08
0.0010484 1.2356e-08
0.0010438 1.2357e-08
0.0010392 1.2357e-08
0.0010347 1.2358e-08
0.0010302 1.2358e-08
0.0010257 1.2358e-08
0.0010212 1.2359e-08
0.0010167 1.2359e-08
0.0010123 1.2359e-08
0.0010079 1.2359e-08
0.0010035 1.2359e-08
0.00099909 1.2359e-08
0.00099473 1.236e-08
0.00099038 1.236e-08
0.00098606 1.236e-08
0.00098175 1.236e-08
0.00097746 1.236e-08
0.00097319 1.236e-08
0.00096894 1.236e-08
0.00096471 1.236e-08
0.0009605 1.236e-08
0.0009563 1.236e-08
0.00095212 1.236e-08
0.00094797 1.236e-08
0.00094382 1.2361e-08
0.0009397 1.2361e-08
0.0009356 1.2361e-08
0.00093151 1.2361e-08
0.00092744 1.2361e-08
0.00092339 1.2361e-08
0.00091936 1.2361e-08
0.00091534 1.2361e-08
0.00091135 1.2361e-08
0.00090737 1.2361e-08
0.0009034 1.2361e-08
0.00089946 1.2361e-08
0.00089553 1.2361e-08
0.00089162 1.2361e-08
0.00088772 1.2361e-08
0.00088385 1.2361e-08
0.00087999 1.2361e-08
0.00087614 1.2361e-08
0.00087232 1.2361e-08
0.00086851 1.2361e-08
0.00086471 1.2361e-08
0.00086094 1.2362e-08
0.00085718 1.2362e-08
0.00085343 1.2362e-08
0.0008497 1.2362e-08
0.00084599 1.2362e-08
0.0008423 1.2362e-08
0.00083862 1.2362e-08
0.00083496 1.2362e-08
0.00083131 1.2362e-08
0.00082768 1.2362e-08
0.00082406 1.2362e-08
0.00082046 1.2362e-08
0.00081688 1.2362e-08
0.00081331 1.2362e-08
0.00080976 1.2362e-08
0.00080622 1.2362e-08
0.0008027 1.2362e-08
0.0007992 1.2362e-08
0.00079571 1.2362e-08
0.00079223 1.2362e-08
0.00078877 1.2362e-08
0.00078533 1.2362e-08
0.0007819 1.2363e-08
0.00077848 1.2363e-08
0.00077508 1.2363e-08
0.0007717 1.2363e-08
0.00076832 1.2363e-08
0.00076497 1.2363e-08
0.00076163 1.2363e-08
0.0007583 1.2363e-08
0.00075499 1.2363e-08
0.00075169 1.2363e-08
0.00074841 1.2363e-08
0.00074514 1.2363e-08
0.00074189 1.2363e-08
0.00073865 1.2363e-08
0.00073542 1.2363e-08
0.00073221 1.2363e-08
0.00072901 1.2363e-08
0.00072583 1.2363e-08
0.00072266 1.2363e-08
0.0007195 1.2364e-08
0.00071636 1.2364e-08
0.00071323 1.2364e-08
0.00071011 1.2364e-08
0.00070701 1.2364e-08
0.00070392 1.2364e-08
0.00070085 1.2364e-08
0.00069779 1.2364e-08
0.00069474 1.2364e-08
0.00069171 1.2364e-08
0.00068868 1.2364e-08
0.00068568 1.2364e-08
0.00068268 1.2364e-08
0.0006797 1.2364e-08
0.00067673 1.2364e-08
0.00067378 1.2364e-08
0.00067083 1.2364e-08
0.0006679 1.2364e-08
0.00066499 1.2365e-08
0.00066208 1.2365e-08
0.00065919 1.2365e-08
0.00065631 1.2365e-08
0.00065344 1.2365e-08
0.00065059 1.2365e-08
0.00064775 1.2365e-08
0.00064492 1.2365e-08
0.0006421 1.2365e-08
0.0006393 1.2365e-08
0.00063651 1.2365e-08
0.00063373 1.2365e-08
0.00063096 1.2365e-08
0.0006282 1.2365e-08
0.00062546 1.2365e-08
0.00062273 1.2365e-08
0.00062001 1.2365e-08
0.0006173 1.2365e-08
0.0006146 1.2365e-08
0.00061192 1.2366e-08
0.00060925 1.2366e-08
0.00060658 1.2366e-08
0.00060394 1.2366e-08
0.0006013 1.2366e-08
0.00059867 1.2366e-08
0.00059606 1.2366e-08
0.00059345 1.2366e-08
0.00059086 1.2366e-08
0.00058828 1.2366e-08
0.00058571 1.2366e-08
0.00058315 1.2366e-08
0.00058061 1.2366e-08
0.00057807 1.2366e-08
0.00057555 1.2366e-08
0.00057303 1.2366e-08
0.00057053 1.2366e-08
0.00056804 1.2366e-08
0.00056556 1.2367e-08
0.00056309 1.2367e-08
0.00056063 1.2367e-08
0.00055818 1.2367e-08
0.00055574 1.2367e-08
0.00055331 1.2367e-08
0.0005509 1.2367e-08
0.00054849 1.2367e-08
0.00054609 1.2367e-08
0.00054371 1.2367e-08
0.00054133 1.2367e-08
0.00053897 1.2367e-08
0.00053662 1.2367e-08
0.00053427 1.2367e-08
0.00053194 1.2367e-08
0.00052962 1.2367e-08
0.0005273 1.2367e-08
0.000525 1.2367e-08
0.00052271 1.2367e-08
0.00052042 1.2368e-08
0.00051815 1.2368e-08
0.00051589 1.2368e-08
0.00051363 1.2368e-08
0.00051139 1.2368e-08
0.00050916 1.2368e-08
0.00050693 1.2368e-08
0.00050472 1.2368e-08
0.00050251 1.2368e-08
0.00050032 1.2368e-08
0.00049813 1.2368e-08
0.00049596 1.2368e-08
0.00049379 1.2368e-08
0.00049164 1.2368e-08
0.00048949 1.2368e-08
0.00048735 1.2368e-08
0.00048522 1.2368e-08
0.0004831 1.2368e-08
0.00048099 1.2369e-08
0.00047889 1.2369e-08
0.0004768 1.2369e-08
0.00047472 1.2369e-08
0.00047264 1.2369e-08
0.00047058 1.2369e-08
0.00046853 1.2369e-08
0.00046648 1.2369e-08
0.00046444 1.2369e-08
0.00046241 1.2369e-08
0.00046039 1.2369e-08
0.00045838 1.2369e-08
0.00045638 1.2369e-08
0.00045439 1.2369e-08
0.0004524 1.2369e-08
0.00045043 1.2369e-08
0.00044846 1.2369e-08
0.0004465 1.2369e-08
0.00044455 1.2369e-08
0.00044261 1.237e-08
0.00044068 1.237e-08
0.00043875 1.237e-08
0.00043683 1.237e-08
0.00043493 1.237e-08
0.00043303 1.237e-08
0.00043114 1.237e-08
0.00042925 1.237e-08
0.00042738 1.237e-08
0.00042551 1.237e-08
0.00042365 1.237e-08
0.0004218 1.237e-08
0.00041996 1.237e-08
0.00041813 1.237e-08
0.0004163 1.237e-08
0.00041448 1.237e-08
0.00041267 1.237e-08
0.00041087 1.237e-08
0.00040907 1.2371e-08
0.00040729 1.2371e-08
0.00040551 1.2371e-08
0.00040374 1.2371e-08
0.00040197 1.2371e-08
0.00040022 1.2371e-08
0.00039847 1.2371e-08
0.00039673 1.2371e-08
0.000395 1.2371e-08
0.00039327 1.2371e-08
0.00039155 1.2371e-08
0.00038984 1.2371e-08
0.00038814 1.2371e-08
0.00038645 1.2371e-08
0.00038476 1.2371e-08
0.00038308 1.2371e-08
0.00038141 1.2371e-08
0.00037974 1.2371e-08
0.00037808 1.2372e-08
0.00037643 1.2372e-08
0.00037479 1.2372e-08
0.00037315 1.2372e-08
0.00037152 1.2372e-08
0.0003699 1.2372e-08
0.00036828 1.2372e-08
0.00036667 1.2372e-08
0.00036507 1.2372e-08
0.00036348 1.2372e-08
0.00036189 1.2372e-08
0.00036031 1.2372e-08
0.00035873 1.2372e-08
0.00035717 1.2372e-08
0.00035561 1.2372e-08
0.00035405 1.2372e-08
0.00035251 1.2372e-08
0.00035097 1.2372e-08
0.00034944 1.2372e-08
0.00034791 1.2373e-08
0.00034639 1.2373e-08
0.00034488 1.2373e-08
0.00034337 1.2373e-08
0.00034187 1.2373e-08
0.00034038 1.2373e-08
0.00033889 1.2373e-08
0.00033741 1.2373e-08
0.00033594 1.2373e-08
0.00033447 1.2373e-08
0.00033301 1.2373e-08
0.00033155 1.2373e-08
0.00033011 1.2373e-08
0.00032866 1.2373e-08
0.00032723 1.2373e-08
0.0003258 1.2373e-08
0.00032438 1.2373e-08
0.00032296 1.2373e-08
0.00032155 1.2374e-08
0.00032015 1.2374e-08
0.00031875 1.2374e-08
0.00031735 1.2374e-08
0.00031597 1.2374e-08
0.00031459 1.2374e-08
0.00031321 1.2374e-08
0.00031185 1.2374e-08
0.00031048 1.2374e-08
0.00030913 1.2374e-08
0.00030778 1.2374e-08
0.00030643 1.2374e-08
0.0003051 1.2374e-08
0.00030376 1.2374e-08
0.00030244 1.2374e-08
0.00030112 1.2374e-08
0.0002998 1.2374e-08
0.00029849 1.2374e-08
0.00029719 1.2374e-08
0.00029589 1.2375e-08
0.0002946 1.2375e-08
0.00029331 1.2375e-08
0.00029203 1.2375e-08
0.00029075 1.2375e-08
0.00028948 1.2375e-08
0.00028822 1.2375e-08
0.00028696 1.2375e-08
0.00028571 1.2375e-08
0.00028446 1.2375e-08
0.00028322 1.2375e-08
0.00028198 1.2375e-08
0.00028075 1.2375e-08
0.00027952 1.2375e-08
0.0002783 1.2375e-08
0.00027709 1.2375e-08
0.00027588 1.2375e-08
0.00027467 1.2375e-08
0.00027347 1.2376e-08
0.00027228 1.2376e-08
0.00027109 1.2376e-08
0.0002699 1.2376e-08
0.00026872 1.2376e-08
0.00026755 1.2376e-08
0.00026638 1.2376e-08
0.00026522 1.2376e-08
0.00026406 1.2376e-08
0.00026291 1.2376e-08
0.00026176 1.2376e-08
0.00026062 1.2376e-08
0.00025948 1.2376e-08
0.00025834 1.2376e-08
0.00025722 1.2376e-08
0.00025609 1.2376e-08
0.00025497 1.2376e-08
0.00025386 1.2376e-08
0.00025275 1.2376e-08
0.00025165 1.2377e-08
0.00025055 1.2377e-08
0.00024945 1.2377e-08
0.00024836 1.2377e-08
0.00024728 1.2377e-08
0.0002462 1.2377e-08
0.00024512 1.2377e-08
0.00024405 1.2377e-08
0.00024299 1.2377e-08
0.00024193 1.2377e-08
0.00024087 1.2377e-08
0.00023982 1.2377e-08
0.00023877 1.2377e-08
0.00023773 1.2377e-08
0.00023669 1.2377e-08
0.00023566 1.2377e-08
0.00023463 1.2377e-08
0.0002336 1.2377e-08
0.00023258 1.2378e-08
0.00023157 1.2378e-08
0.00023055 1.2378e-08
0.00022955 1.2378e-08
0.00022854 1.2378e-08
0.00022755 1.2378e-08
0.00022655 1.2378e-08
0.00022556 1.2378e-08
0.00022458 1.2378e-08
0.0002236 1.2378e-08
0.00022262 1.2378e-08
0.00022165 1.2378e-08
0.00022068 1.2378e-08
0.00021972 1.2378e-08
0.00021876 1.2378e-08
0.0002178 1.2378e-08
0.00021685 1.2378e-08
0.0002159 1.2378e-08
0.00021496 1.2378e-08
0.00021402 1.2379e-08
0.00021309 1.2379e-08
0.00021216 1.2379e-08
0.00021123 1.2379e-08
0.00021031 1.2379e-08
0.00020939 1.2379e-08
0.00020847 1.2379e-08
0.00020756 1.2379e-08
0.00020666 1.2379e-08
0.00020575 1.2379e-08
0.00020485 1.2379e-08
0.00020396 1.2379e-08
0.00020307 1.2379e-08
0.00020218 1.2379e-08
0.0002013 1.2379e-08
0.00020042 1.2379e-08
0.00019954 1.2379e-08
0.00019867 1.2379e-08
0.00019781 1.238e-08
0.00019694 1.238e-08
0.00019608 1.238e-08
0.00019522 1.238e-08
0.00019437 1.238e-08
0.00019352 1.238e-08
0.00019268 1.238e-08
0.00019184 1.238e-08
0.000191 1.238e-08
0.00019016 1.238e-08
0.00018933 1.238e-08
0.00018851 1.238e-08
0.00018768 1.238e-08
0.00018686 1.238e-08
0.00018605 1.238e-08
0.00018524 1.238e-08
0.00018443 1.238e-08
0.00018362 1.238e-08
0.00018282 1.238e-08
0.00018202 1.2381e-08
0.00018123 1.2381e-08
0.00018043 1.2381e-08
0.00017965 1.2381e-08
0.00017886 1.2381e-08
0.00017808 1.2381e-08
0.0001773 1.2381e-08
0.00017653 1.2381e-08
0.00017576 1.2381e-08
0.00017499 1.2381e-08
0.00017422 1.2381e-08
0.00017346 1.2381e-08
0.00017271 1.2381e-08
0.00017195 1.2381e-08
0.0001712 1.2381e-08
0.00017045 1.2381e-08
0.00016971 1.2381e-08
0.00016897 1.2381e-08
0.00016823 1.2382e-08
0.00016749 1.2382e-08
0.00016676 1.2382e-08
0.00016603 1.2382e-08
0.00016531 1.2382e-08
0.00016459 1.2382e-08
0.00016387 1.2382e-08
0.00016315 1.2382e-08
0.00016244 1.2382e-08
0.00016173 1.2382e-08
0.00016102 1.2382e-08
0.00016032 1.2382e-08
0.00015962 1.2382e-08
0.00015892 1.2382e-08
0.00015823 1.2382e-08
0.00015754 1.2382e-08
0.00015685 1.2382e-08
0.00015617 1.2382e-08
0.00015548 1.2382e-08
0.0001548 1.2383e-08
0.00015413 1.2383e-08
0.00015345 1.2383e-08
0.00015278 1.2383e-08
0.00015212 1.2383e-08
0.00015145 1.2383e-08
0.00015079 1.2383e-08
0.00015013 1.2383e-08
0.00014948 1.2383e-08
0.00014882 1.2383e-08
0.00014817 1.2383e-08
0.00014753 1.2383e-08
0.00014688 1.2383e-08
0.00014624 1.2383e-08
0.0001456 1.2383e-08
0.00014497 1.2383e-08
0.00014433 1.2383e-08
0.0001437 1.2383e-08
0.00014308 1.2384e-08
0.00014245 1.2384e-08
0.00014183 1.2384e-08
0.00014121 1.2384e-08
0.00014059 1.2384e-08
0.00013998 1.2384e-08
0.00013937 1.2384e-08
0.00013876 1.2384e-08
0.00013815 1.2384e-08
0.00013755 1.2384e-08
0.00013695 1.2384e-08
0.00013635 1.2384e-08
0.00013575 1.2384e-08
0.00013516 1.2384e-08
0.00013457 1.2384e-08
0.00013398 1.2384e-08
0.0001334 1.2384e-08
0.00013282 1.2384e-08
0.00013224 1.2385e-08
0.00013166 1.2385e-08
0.00013108 1.2385e-08
0.00013051 1.2385e-08
0.00012994 1.2385e-08
0.00012937 1.2385e-08
0.00012881 1.2385e-08
0.00012824 1.2385e-08
0.00012768 1.2385e-08
0.00012713 1.2385e-08
0.00012657 1.2385e-08
0.00012602 1.2385e-08
0.00012547 1.2385e-08
0.00012492 1.2385e-08
0.00012437 1.2385e-08
0.00012383 1.2385e-08
0.00012329 1.2385e-08
0.00012275 1.2385e-08
0.00012222 1.2385e-08
0.00012168 1.2386e-08
0.00012115 1.2386e-08
0.00012062 1.2386e-08
0.0001201 1.2386e-08
0.00011957 1.2386e-08
0.00011905 1.2386e-08
0.00011853 1.2386e-08
0.00011801 1.2386e-08
0.0001175 1.2386e-08
0.00011698 1.2386e-08
0.00011647 1.2386e-08
0.00011596 1.2386e-08
0.00011546 1.2386e-08
0.00011495 1.2386e-08
0.00011445 1.2386e-08
0.00011395 1.2386e-08
0.00011345 1.2386e-08
0.00011296 1.2386e-08
0.00011246 1.2387e-08
0.00011197 1.2387e-08
0.00011148 1.2387e-08
0.000111 1.2387e-08
0.00011051 1.2387e-08
0.00011003 1.2387e-08
0.00010955 1.2387e-08
0.00010907 1.2387e-08
0.00010859 1.2387e-08
0.00010812 1.2387e-08
0.00010765 1.2387e-08
0.00010718 1.2387e-08
0.00010671 1.2387e-08
0.00010624 1.2387e-08
0.00010578 1.2387e-08
0.00010532 1.2387e-08
0.00010486 1.2387e-08
0.0001044 1.2387e-08
0.00010394 1.2387e-08
0.00010349 1.2388e-08
0.00010304 1.2388e-08
0.00010259 1.2388e-08
0.00010214 1.2388e-08
0.00010169 1.2388e-08
0.00010125 1.2388e-08
0.00010081 1.2388e-08
0.00010037 1.2388e-08
9.9927e-05 1.2388e-08
9.9491e-05 1.2388e-08
9.9056e-05 1.2388e-08
9.8624e-05 1.2388e-08
9.8193e-05 1.2388e-08
9.7764e-05 1.2388e-08
9.7337e-05 1.2388e-08
9.6912e-05 1.2388e-08
9.6488e-05 1.2388e-08
9.6067e-05 1.2388e-08
9.5647e-05 1.2389e-08
9.523e-05 1.2389e-08
9.4814e-05 1.2389e-08
9.44e-05 1.2389e-08
9.3987e-05 1.2389e-08
9.3577e-05 1.2389e-08
9.3168e-05 1.2389e-08
9.2761e-05 1.2389e-08
9.2356e-05 1.2389e-08
9.1953e-05 1.2389e-08
9.1551e-05 1.2389e-08
9.1151e-05 1.2389e-08
9.0753e-05 1.2389e-08
9.0357e-05 1.2389e-08
8.9962e-05 1.2389e-08
8.9569e-05 1.2389e-08
8.9178e-05 1.2389e-08
8.8789e-05 1.2389e-08
8.8401e-05 1.2389e-08
8.8015e-05 1.239e-08
8.763e-05 1.239e-08
8.7247e-05 1.239e-08
8.6866e-05 1.239e-08
8.6487e-05 1.239e-08
8.6109e-05 1.239e-08
8.5733e-05 1.239e-08
8.5359e-05 1.239e-08
8.4986e-05 1.239e-08
8.4615e-05 1.239e-08
8.4245e-05 1.239e-08
8.3877e-05 1.239e-08
8.3511e-05 1.239e-08
8.3146e-05 1.239e-08
8.2783e-05 1.239e-08
8.2421e-05 1.239e-08
8.2061e-05 1.239e-08
8.1703e-05 1.239e-08
8.1346e-05 1.2391e-08
8.0991e-05 1.2391e-08
8.0637e-05 1.2391e-08
8.0285e-05 1.2391e-08
7.9934e-05 1.2391e-08
7.9585e-05 1.2391e-08
7.9238e-05 1.2391e-08
7.8891e-05 1.2391e-08
7.8547e-05 1.2391e-08
7.8204e-05 1.2391e-08
7.7862e-05 1.2391e-08
7.7522e-05 1.2391e-08
7.7184e-05 1.2391e-08
7.6846e-05 1.2391e-08
7.6511e-05 1.2391e-08
7.6177e-05 1.2391e-08
7.5844e-05 1.2391e-08
7.5513e-05 1.2391e-08
7.5183e-05 1.2391e-08
7.4855e-05 1.2392e-08
7.4528e-05 1.2392e-08
7.4202e-05 1.2392e-08
7.3878e-05 1.2392e-08
7.3555e-05 1.2392e-08
7.3234e-05 1.2392e-08
7.2914e-05 1.2392e-08
7.2596e-05 1.2392e-08
7.2279e-05 1.2392e-08
7.1963e-05 1.2392e-08
7.1649e-05 1.2392e-08
7.1336e-05 1.2392e-08
7.1024e-05 1.2392e-08
7.0714e-05 1.2392e-08
7.0405e-05 1.2392e-08
7.0098e-05 1.2392e-08
6.9791e-05 1.2392e-08
6.9487e-05 1.2392e-08
6.9183e-05 1.2393e-08
6.8881e-05 1.2393e-08
6.858e-05 1.2393e-08
6.8281e-05 1.2393e-08
6.7982e-05 1.2393e-08
6.7685e-05 1.2393e-08
6.739e-05 1.2393e-08
6.7095e-05 1.2393e-08
6.6802e-05 1.2393e-08
6.6511e-05 1.2393e-08
6.622e-05 1.2393e-08
6.5931e-05 1.2393e-08
6.5643e-05 1.2393e-08
6.5356e-05 1.2393e-08
6.5071e-05 1.2393e-08
6.4787e-05 1.2393e-08
6.4504e-05 1.2393e-08
6.4222e-05 1.2393e-08
6.3941e-05 1.2394e-08
6.3662e-05 1.2394e-08
6.3384e-05 1.2394e-08
6.3107e-05 1.2394e-08
6.2832e-05 1.2394e-08
6.2557e-05 1.2394e-08
6.2284e-05 1.2394e-08
6.2012e-05 1.2394e-08
6.1741e-05 1.2394e-08
6.1471e-05 1.2394e-08
6.1203e-05 1.2394e-08
6.0936e-05 1.2394e-08
6.067e-05 1.2394e-08
6.0405e-05 1.2394e-08
6.0141e-05 1.2394e-08
5.9878e-05 1.2394e-08
5.9617e-05 1.2394e-08
5.9356e-05 1.2394e-08
5.9097e-05 1.2394e-08
5.8839e-05 1.2395e-08
5.8582e-05 1.2395e-08
5.8326e-05 1.2395e-08
5.8071e-05 1.2395e-08
5.7818e-05 1.2395e-08
5.7565e-05 1.2395e-08
5.7314e-05 1.2395e-08
5.7063e-05 1.2395e-08
5.6814e-05 1.2395e-08
5.6566e-05 1.2395e-08
5.6319e-05 1.2395e-08
5.6073e-05 1.2395e-08
5.5828e-05 1.2395e-08
5.5584e-05 1.2395e-08
5.5341e-05 1.2395e-08
5.51e-05 1.2395e-08
5.4859e-05 1.2395e-08
5.4619e-05 1.2395e-08
5.4381e-05 1.2396e-08
5.4143e-05 1.2396e-08
5.3907e-05 1.2396e-08
5.3671e-05 1.2396e-08
5.3437e-05 1.2396e-08
5.3204e-05 1.2396e-08
5.2971e-05 1.2396e-08
5.274e-05 1.2396e-08
5.251e-05 1.2396e-08
5.228e-05 1.2396e-08
5.2052e-05 1.2396e-08
5.1824e-05 1.2396e-08
5.1598e-05 1.2396e-08
5.1373e-05 1.2396e-08
5.1148e-05 1.2396e-08
5.0925e-05 1.2396e-08
5.0703e-05 1.2396e-08
5.0481e-05 1.2396e-08
5.0261e-05 1.2396e-08
5.0041e-05 1.2397e-08
4.9823e-05 1.2397e-08
4.9605e-05 1.2397e-08
4.9388e-05 1.2397e-08
4.9173e-05 1.2397e-08
4.8958e-05 1.2397e-08
4.8744e-05 1.2397e-08
4.8531e-05 1.2397e-08
4.8319e-05 1.2397e-08
4.8108e-05 1.2397e-08
4.7898e-05 1.2397e-08
4.7689e-05 1.2397e-08
4.748e-05 1.2397e-08
4.7273e-05 1.2397e-08
4.7067e-05 1.2397e-08
4.6861e-05 1.2397e-08
4.6656e-05 1.2397e-08
4.6453e-05 1.2397e-08
4.625e-05 1.2398e-08
4.6048e-05 1.2398e-08
4.5847e-05 1.2398e-08
4.5646e-05 1.2398e-08
4.5447e-05 1.2398e-08
4.5249e-05 1.2398e-08
4.5051e-05 1.2398e-08
4.4854e-05 1.2398e-08
4.4658e-05 1.2398e-08
4.4463e-05 1.2398e-08
4.4269e-05 1.2398e-08
4.4076e-05 1.2398e-08
4.3883e-05 1.2398e-08
4.3691e-05 1.2398e-08
4.3501e-05 1.2398e-08
4.3311e-05 1.2398e-08
4.3121e-05 1.2398e-08
4.2933e-05 1.2398e-08
4.2746e-05 1.2398e-08
4.2559e-05 1.2399e-08
4.2373e-05 1.2399e-08
4.2188e-05 1.2399e-08
4.2004e-05 1.2399e-08
4.182e-05 1.2399e-08
4.1638e-05 1.2399e-08
4.1456e-05 1.2399e-08
4.1275e-05 1.2399e-08
4.1094e-05 1.2399e-08
4.0915e-05 1.2399e-08
4.0736e-05 1.2399e-08
4.0558e-05 1.2399e-08
4.0381e-05 1.2399e-08
4.0205e-05 1.2399e-08
4.0029e-05 1.2399e-08
3.9854e-05 1.2399e-08
3.968e-05 1.2399e-08
3.9507e-05 1.2399e-08
3.9334e-05 1.24e-08
3.9163e-05 1.24e-08
3.8992e-05 1.24e-08
3.8821e-05 1.24e-08
3.8652e-05 1.24e-08
3.8483e-05 1.24e-08
3.8315e-05 1.24e-08
3.8147e-05 1.24e-08
3.7981e-05 1.24e-08
3.7815e-05 1.24e-08
3.765e-05 1.24e-08
3.7485e-05 1.24e-08
3.7322e-05 1.24e-08
3.7159e-05 1.24e-08
3.6996e-05 1.24e-08
3.6835e-05 1.24e-08
3.6674e-05 1.24e-08
3.6514e-05 1.24e-08
3.6354e-05 1.2401e-08
3.6195e-05 1.2401e-08
3.6037e-05 1.2401e-08
3.588e-05 1.2401e-08
3.5723e-05 1.2401e-08
3.5567e-05 1.2401e-08
3.5412e-05 1.2401e-08
3.5257e-05 1.2401e-08
3.5103e-05 1.2401e-08
3.495e-05 1.2401e-08
3.4797e-05 1.2401e-08
3.4645e-05 1.2401e-08
3.4494e-05 1.2401e-08
3.4343e-05 1.2401e-08
3.4193e-05 1.2401e-08
3.4044e-05 1.2401e-08
3.3895e-05 1.2401e-08
3.3747e-05 1.2401e-08
3.36e-05 1.2401e-08
3.3453e-05 1.2402e-08
3.3307e-05 1.2402e-08
3.3161e-05 1.2402e-08
3.3017e-05 1.2402e-08
3.2872e-05 1.2402e-08
3.2729e-05 1.2402e-08
3.2586e-05 1.2402e-08
3.2444e-05 1.2402e-08
3.2302e-05 1.2402e-08
3.2161e-05 1.2402e-08
3.202e-05 1.2402e-08
3.188e-05 1.2402e-08
3.1741e-05 1.2402e-08
3.1603e-05 1.2402e-08
3.1465e-05 1.2402e-08
3.1327e-05 1.2402e-08
3.119e-05 1.2402e-08
3.1054e-05 1.2402e-08
3.0918e-05 1.2403e-08
3.0783e-05 1.2403e-08
3.0649e-05 1.2403e-08
3.0515e-05 1.2403e-08
3.0382e-05 1.2403e-08
3.0249e-05 1.2403e-08
3.0117e-05 1.2403e-08
2.9985e-05 1.2403e-08
2.9855e-05 1.2403e-08
2.9724e-05 1.2403e-08
2.9594e-05 1.2403e-08
2.9465e-05 1.2403e-08
2.9336e-05 1.2403e-08
2.9208e-05 1.2403e-08
2.9081e-05 1.2403e-08
2.8954e-05 1.2403e-08
2.8827e-05 1.2403e-08
2.8701e-05 1.2403e-08
2.8576e-05 1.2403e-08
2.8451e-05 1.2404e-08
2.8327e-05 1.2404e-08
2.8203e-05 1.2404e-08
2.808e-05 1.2404e-08
2.7957e-05 1.2404e-08
2.7835e-05 1.2404e-08
2.7714e-05 1.2404e-08
2.7593e-05 1.2404e-08
2.7472e-05 1.2404e-08
2.7352e-05 1.2404e-08
2.7233e-05 1.2404e-08
2.7114e-05 1.2404e-08
2.6995e-05 1.2404e-08
2.6877e-05 1.2404e-08
2.676e-05 1.2404e-08
2.6643e-05 1.2404e-08
2.6527e-05 1.2404e-08
2.6411e-05 1.2404e-08
2.6296e-05 1.2405e-08
2.6181e-05 1.2405e-08
2.6066e-05 1.2405e-08
2.5952e-05 1.2405e-08
2.5839e-05 1.2405e-08
2.5726e-05 1.2405e-08
2.5614e-05 1.2405e-08
2.5502e-05 1.2405e-08
2.5391e-05 1.2405e-08
2.528e-05 1.2405e-08
2.5169e-05 1.2405e-08
2.5059e-05 1.2405e-08
2.495e-05 1.2405e-08
2.4841e-05 1.2405e-08
2.4732e-05 1.2405e-08
2.4624e-05 1.2405e-08
2.4517e-05 1.2405e-08
2.441e-05 1.2405e-08
2.4303e-05 1.2406e-08
2.4197e-05 1.2406e-08
2.4091e-05 1.2406e-08
2.3986e-05 1.2406e-08
2.3881e-05 1.2406e-08
2.3777e-05 1.2406e-08
2.3673e-05 1.2406e-08
2.357e-05 1.2406e-08
2.3467e-05 1.2406e-08
2.3364e-05 1.2406e-08
2.3262e-05 1.2406e-08
2.3161e-05 1.2406e-08
2.306e-05 1.2406e-08
2.2959e-05 1.2406e-08
2.2859e-05 1.2406e-08
2.2759e-05 1.2406e-08
2.2659e-05 1.2406e-08
2.256e-05 1.2406e-08
2.2462e-05 1.2406e-08
2.2364e-05 1.2407e-08
2.2266e-05 1.2407e-08
2.2169e-05 1.2407e-08
2.2072e-05 1.2407e-08
2.1976e-05 1.2407e-08
2.188e-05 1.2407e-08
2.1784e-05 1.2407e-08
2.1689e-05 1.2407e-08
2.1594e-05 1.2407e-08
2.15e-05 1.2407e-08
2.1406e-05 1.2407e-08
2.1312e-05 1.2407e-08
2.1219e-05 1.2407e-08
2.1127e-05 1.2407e-08
2.1034e-05 1.2407e-08
2.0943e-05 1.2407e-08
2.0851e-05 1.2407e-08
2.076e-05 1.2407e-08
2.0669e-05 1.2408e-08
2.0579e-05 1.2408e-08
2.0489e-05 1.2408e-08
2.04e-05 1.2408e-08
2.0311e-05 1.2408e-08
2.0222e-05 1.2408e-08
2.0134e-05 1.2408e-08
2.0046e-05 1.2408e-08
1.9958e-05 1.2408e-08
1.9871e-05 1.2408e-08
1.9784e-05 1.2408e-08
1.9698e-05 1.2408e-08
1.9612e-05 1.2408e-08
1.9526e-05 1.2408e-08
1.9441e-05 1.2408e-08
1.9356e-05 1.2408e-08
1.9271e-05 1.2408e-08
1.9187e-05 1.2408e-08
1.9103e-05 1.2408e-08
1.902e-05 1.2409e-08
1.8937e-05 1.2409e-08
1.8854e-05 1.2409e-08
1.8772e-05 1.2409e-08
1.869e-05 1.2409e-08
1.8608e-05 1.2409e-08
1.8527e-05 1.2409e-08
1.8446e-05 1.2409e-08
1.8365e-05 1.2409e-08
1.8285e-05 1.2409e-08
1.8205e-05 1.2409e-08
1.8126e-05 1.2409e-08
1.8047e-05 1.2409e-08
1.7968e-05 1.2409e-08
1.7889e-05 1.2409e-08
1.7811e-05 1.2409e-08
1.7733e-05 1.2409e-08
1.7656e-05 1.2409e-08
1.7579e-05 1.241e-08
1.7502e-05 1.241e-08
1.7426e-05 1.241e-08
1.735e-05 1.241e-08
1.7274e-05 1.241e-08
1.7198e-05 1.241e-08
1.7123e-05 1.241e-08
1.7048e-05 1.241e-08
1.6974e-05 1.241e-08
1.69e-05 1.241e-08
1.6826e-05 1.241e-08
1.6752e-05 1.241e-08
1.6679e-05 1.241e-08
1.6606e-05 1.241e-08
1.6534e-05 1.241e-08
1.6462e-05 1.241e-08
1.639e-05 1.241e-08
1.6318e-05 1.241e-08
1.6247e-05 1.241e-08
1.6176e-05 1.2411e-08
1.6105e-05 1.2411e-08
1.6035e-05 1.2411e-08
1.5965e-05 1.2411e-08
1.5895e-05 1.2411e-08
1.5826e-05 1.2411e-08
1.5757e-05 1.2411e-08
1.5688e-05 1.2411e-08
1.5619e-05 1.2411e-08
1.5551e-05 1.2411e-08
1.5483e-05 1.2411e-08
1.5416e-05 1.2411e-08
1.5348e-05 1.2411e-08
1.5281e-05 1.2411e-08
1.5214e-05 1.2411e-08
1.5148e-05 1.2411e-08
1.5082e-05 1.2411e-08
1.5016e-05 1.2411e-08
1.495e-05 1.2412e-08
1.4885e-05 1.2412e-08
1.482e-05 1.2412e-08
1.4755e-05 1.2412e-08
1.4691e-05 1.2412e-08
1.4627e-05 1.2412e-08
1.4563e-05 1.2412e-08
1.4499e-05 1.2412e-08
1.4436e-05 1.2412e-08
1.4373e-05 1.2412e-08
1.431e-05 1.2412e-08
1.4248e-05 1.2412e-08
1.4185e-05 1.2412e-08
1.4123e-05 1.2412e-08
1.4062e-05 1.2412e-08
1.4e-05 1.2412e-08
1.3939e-05 1.2412e-08
1.3878e-05 1.2412e-08
1.3818e-05 1.2413e-08
1.3757e-05 1.2413e-08
1.3697e-05 1.2413e-08
1.3637e-05 1.2413e-08
1.3578e-05 1.2413e-08
1.3519e-05 1.2413e-08
1.346e-05 1.2413e-08
1.3401e-05 1.2413e-08
1.3342e-05 1.2413e-08
1.3284e-05 1.2413e-08
1.3226e-05 1.2413e-08
1.3168e-05 1.2413e-08
1.3111e-05 1.2413e-08
1.3053e-05 1.2413e-08
1.2996e-05 1.2413e-08
1.294e-05 1.2413e-08
1.2883e-05 1.2413e-08
1.2827e-05 1.2413e-08
1.2771e-05 1.2413e-08
1.2715e-05 1.2414e-08
1.2659e-05 1.2414e-08
1.2604e-05 1.2414e-08
1.2549e-05 1.2414e-08
1.2494e-05 1.2414e-08
1.244e-05 1.2414e-08
1.2385e-05 1.2414e-08
1.2331e-05 1.2414e-08
1.2277e-05 1.2414e-08
1.2224e-05 1.2414e-08
1.217e-05 1.2414e-08
1.2117e-05 1.2414e-08
1.2064e-05 1.2414e-08
1.2012e-05 1.2414e-08
1.1959e-05 1.2414e-08
1.1907e-05 1.2414e-08
1.1855e-05 1.2414e-08
1.1803e-05 1.2414e-08
1.1752e-05 1.2415e-08
1.17e-05 1.2415e-08
1.1649e-05 1.2415e-08
1.1598e-05 1.2415e-08
1.1548e-05 1.2415e-08
1.1497e-05 1.2415e-08
1.1447e-05 1.2415e-08
1.1397e-05 1.2415e-08
1.1347e-05 1.2415e-08
1.1298e-05 1.2415e-08
1.1248e-05 1.2415e-08
1.1199e-05 1.2415e-08
1.115e-05 1.2415e-08
1.1102e-05 1.2415e-08
1.1053e-05 1.2415e-08
1.1005e-05 1.2415e-08
1.0957e-05 1.2415e-08
1.0909e-05 1.2415e-08
1.0861e-05 1.2415e-08
1.0814e-05 1.2416e-08
1.0767e-05 1.2416e-08
1.072e-05 1.2416e-08
1.0673e-05 1.2416e-08
1.0626e-05 1.2416e-08
1.058e-05 1.2416e-08
1.0534e-05 1.2416e-08
1.0488e-05 1.2416e-08
1.0442e-05 1.2416e-08
1.0396e-05 1.2416e-08
1.0351e-05 1.2416e-08
1.0306e-05 1.2416e-08
1.0261e-05 1.2416e-08
1.0216e-05 1.2416e-08
1.0171e-05 1.2416e-08
1.0127e-05 1.2416e-08
1.0082e-05 1.2416e-08
1.0038e-05 1.2416e-08
9.9945e-06 1.2417e-08
9.9509e-06 1.2417e-08
9.9074e-06 1.2417e-08
9.8641e-06 1.2417e-08
9.8211e-06 1.2417e-08
9.7782e-06 1.2417e-08
9.7355e-06 1.2417e-08
9.6929e-06 1.2417e-08
9.6506e-06 1.2417e-08
9.6085e-06 1.2417e-08
9.5665e-06 1.2417e-08
9.5247e-06 1.2417e-08
9.4831e-06 1.2417e-08
9.4417e-06 1.2417e-08
9.4005e-06 1.2417e-08
9.3594e-06 1.2417e-08
9.3185e-06 1.2417e-08
9.2778e-06 1.2417e-08
9.2373e-06 1.2418e-08
9.1969e-06 1.2418e-08
9.1568e-06 1.2418e-08
9.1168e-06 1.2418e-08
9.077e-06 1.2418e-08
9.0373e-06 1.2418e-08
8.9979e-06 1.2418e-08
8.9586e-06 1.2418e-08
8.9194e-06 1.2418e-08
8.8805e-06 1.2418e-08
8.8417e-06 1.2418e-08
8.8031e-06 1.2418e-08
8.7646e-06 1.2418e-08
8.7263e-06 1.2418e-08
8.6882e-06 1.2418e-08
8.6503e-06 1.2418e-08
8.6125e-06 1.2418e-08
8.5749e-06 1.2418e-08
8.5374e-06 1.2418e-08
8.5001e-06 1.2419e-08
8.463e-06 1.2419e-08
8.426e-06 1.2419e-08
8.3892e-06 1.2419e-08
8.3526e-06 1.2419e-08
8.3161e-06 1.2419e-08
8.2798e-06 1.2419e-08
8.2436e-06 1.2419e-08
8.2076e-06 1.2419e-08
8.1718e-06 1.2419e-08
8.1361e-06 1.2419e-08
8.1006e-06 1.2419e-08
8.0652e-06 1.2419e-08
8.03e-06 1.2419e-08
7.9949e-06 1.2419e-08
7.96e-06 1.2419e-08
7.9252e-06 1.2419e-08
7.8906e-06 1.2419e-08
7.8561e-06 1.242e-08
7.8218e-06 1.242e-08
7.7876e-06 1.242e-08
7.7536e-06 1.242e-08
7.7198e-06 1.242e-08
7.686e-06 1.242e-08
7.6525e-06 1.242e-08
7.6191e-06 1.242e-08
7.5858e-06 1.242e-08
7.5526e-06 1.242e-08
7.5197e-06 1.242e-08
7.4868e-06 1.242e-08
7.4541e-06 1.242e-08
7.4216e-06 1.242e-08
7.3891e-06 1.242e-08
7.3569e-06 1.242e-08
7.3247e-06 1.242e-08
7.2927e-06 1.242e-08
7.2609e-06 1.242e-08
7.2292e-06 1.2421e-08
7.1976e-06 1.2421e-08
7.1662e-06 1.2421e-08
7.1349e-06 1.2421e-08
7.1037e-06 1.2421e-08
7.0727e-06 1.2421e-08
7.0418e-06 1.2421e-08
7.011e-06 1.2421e-08
6.9804e-06 1.2421e-08
6.9499e-06 1.2421e-08
6.9196e-06 1.2421e-08
6.8894e-06 1.2421e-08
6.8593e-06 1.2421e-08
6.8293e-06 1.2421e-08
6.7995e-06 1.2421e-08
6.7698e-06 1.2421e-08
6.7402e-06 1.2421e-08
6.7108e-06 1.2421e-08
6.6815e-06 1.2422e-08
6.6523e-06 1.2422e-08
6.6232e-06 1.2422e-08
6.5943e-06 1.2422e-08
6.5655e-06 1.2422e-08
6.5368e-06 1.2422e-08
6.5083e-06 1.2422e-08
6.4798e-06 1.2422e-08
6.4515e-06 1.2422e-08
6.4234e-06 1.2422e-08
6.3953e-06 1.2422e-08
6.3674e-06 1.2422e-08
6.3396e-06 1.2422e-08
6.3119e-06 1.2422e-08
6.2843e-06 1.2422e-08
6.2569e-06 1.2422e-08
6.2295e-06 1.2422e-08
6.2023e-06 1.2422e-08
6.1752e-06 1.2423e-08
6.1483e-06 1.2423e-08
6.1214e-06 1.2423e-08
6.0947e-06 1.2423e-08
6.0681e-06 1.2423e-08
6.0416e-06 1.2423e-08
6.0152e-06 1.2423e-08
5.9889e-06 1.2423e-08
5.9627e-06 1.2423e-08
5.9367e-06 1.2423e-08
5.9108e-06 1.2423e-08
5.885e-06 1.2423e-08
5.8592e-06 1.2423e-08
5.8337e-06 1.2423e-08
5.8082e-06 1.2423e-08
5.7828e-06 1.2423e-08
5.7576e-06 1.2423e-08
5.7324e-06 1.2423e-08
5.7074e-06 1.2423e-08
5.6824e-06 1.2424e-08
5.6576e-06 1.2424e-08
5.6329e-06 1.2424e-08
5.6083e-06 1.2424e-08
5.5838e-06 1.2424e-08
5.5594e-06 1.2424e-08
5.5351e-06 1.2424e-08
5.511e-06 1.2424e-08
5.4869e-06 1.2424e-08
5.4629e-06 1.2424e-08
5.4391e-06 1.2424e-08
5.4153e-06 1.2424e-08
5.3917e-06 1.2424e-08
5.3681e-06 1.2424e-08
5.3447e-06 1.2424e-08
5.3213e-06 1.2424e-08
5.2981e-06 1.2424e-08
5.2749e-06 1.2424e-08
5.2519e-06 1.2425e-08
5.229e-06 1.2425e-08
5.2061e-06 1.2425e-08
5.1834e-06 1.2425e-08
5.1608e-06 1.2425e-08
5.1382e-06 1.2425e-08
5.1158e-06 1.2425e-08
5.0934e-06 1.2425e-08
5.0712e-06 1.2425e-08
5.049e-06 1.2425e-08
5.027e-06 1.2425e-08
5.005e-06 1.2425e-08
4.9832e-06 1.2425e-08
4.9614e-06 1.2425e-08
4.9397e-06 1.2425e-08
4.9182e-06 1.2425e-08
4.8967e-06 1.2425e-08
4.8753e-06 1.2425e-08
4.854e-06 1.2426e-08
4.8328e-06 1.2426e-08
4.8117e-06 1.2426e-08
4.7907e-06 1.2426e-08
4.7697e-06 1.2426e-08
4.7489e-06 1.2426e-08
4.7282e-06 1.2426e-08
4.7075e-06 1.2426e-08
4.687e-06 1.2426e-08
4.6665e-06 1.2426e-08
4.6461e-06 1.2426e-08
4.6258e-06 1.2426e-08
4.6056e-06 1.2426e-08
4.5855e-06 1.2426e-08
4.5655e-06 1.2426e-08
4.5455e-06 1.2426e-08
4.5257e-06 1.2426e-08
4.5059e-06 1.2426e-08
4.4862e-06 1.2426e-08
4.4666e-06 1.2427e-08
4.4471e-06 1.2427e-08
4.4277e-06 1.2427e-08
4.4084e-06 1.2427e-08
4.3891e-06 1.2427e-08
4.3699e-06 1.2427e-08
4.3509e-06 1.2427e-08
4.3319e-06 1.2427e-08
4.3129e-06 1.2427e-08
4.2941e-06 1.2427e-08
4.2753e-06 1.2427e-08
4.2567e-06 1.2427e-08
4.2381e-06 1.2427e-08
4.2196e-06 1.2427e-08
4.2011e-06 1.2427e-08
4.1828e-06 1.2427e-08
4.1645e-06 1.2427e-08
4.1463e-06 1.2427e-08
4.1282e-06 1.2428e-08
4.1102e-06 1.2428e-08
4.0922e-06 1.2428e-08
4.0744e-06 1.2428e-08
4.0566e-06 1.2428e-08
4.0388e-06 1.2428e-08
4.0212e-06 1.2428e-08
4.0036e-06 1.2428e-08
3.9862e-06 1.2428e-08
3.9687e-06 1.2428e-08
3.9514e-06 1.2428e-08
3.9342e-06 1.2428e-08
3.917e-06 1.2428e-08
3.8999e-06 1.2428e-08
3.8828e-06 1.2428e-08
3.8659e-06 1.2428e-08
3.849e-06 1.2428e-08
3.8322e-06 1.2428e-08
3.8154e-06 1.2428e-08
3.7988e-06 1.2429e-08
3.7822e-06 1.2429e-08
3.7657e-06 1.2429e-08
3.7492e-06 1.2429e-08
3.7328e-06 1.2429e-08
3.7165e-06 1.2429e-08
3.7003e-06 1.2429e-08
3.6841e-06 1.2429e-08
3.6681e-06 1.2429e-08
3.652e-06 1.2429e-08
3.6361e-06 1.2429e-08
3.6202e-06 1.2429e-08
3.6044e-06 1.2429e-08
3.5886e-06 1.2429e-08
3.573e-06 1.2429e-08
3.5574e-06 1.2429e-08
3.5418e-06 1.2429e-08
3.5264e-06 1.2429e-08
3.511e-06 1.243e-08
3.4956e-06 1.243e-08
3.4804e-06 1.243e-08
3.4652e-06 1.243e-08
3.45e-06 1.243e-08
3.435e-06 1.243e-08
3.42e-06 1.243e-08
3.405e-06 1.243e-08
3.3901e-06 1.243e-08
3.3753e-06 1.243e-08
3.3606e-06 1.243e-08
3.3459e-06 1.243e-08
3.3313e-06 1.243e-08
3.3168e-06 1.243e-08
3.3023e-06 1.243e-08
3.2878e-06 1.243e-08
3.2735e-06 1.243e-08
3.2592e-06 1.243e-08
3.245e-06 1.2431e-08
3.2308e-06 1.2431e-08
3.2167e-06 1.2431e-08
3.2026e-06 1.2431e-08
3.1886e-06 1.2431e-08
3.1747e-06 1.2431e-08
3.1608e-06 1.2431e-08
3.147e-06 1.2431e-08
3.1333e-06 1.2431e-08
3.1196e-06 1.2431e-08
3.106e-06 1.2431e-08
3.0924e-06 1.2431e-08
3.0789e-06 1.2431e-08
3.0655e-06 1.2431e-08
3.0521e-06 1.2431e-08
3.0387e-06 1.2431e-08
3.0255e-06 1.2431e-08
3.0123e-06 1.2431e-08
2.9991e-06 1.2431e-08
2.986e-06 1.2432e-08
2.973e-06 1.2432e-08
2.96e-06 1.2432e-08
2.947e-06 1.2432e-08
2.9342e-06 1.2432e-08
2.9214e-06 1.2432e-08
2.9086e-06 1.2432e-08
2.8959e-06 1.2432e-08
2.8832e-06 1.2432e-08
2.8707e-06 1.2432e-08
2.8581e-06 1.2432e-08
2.8456e-06 1.2432e-08
2.8332e-06 1.2432e-08
2.8208e-06 1.2432e-08
2.8085e-06 1.2432e-08
2.7962e-06 1.2432e-08
2.784e-06 1.2432e-08
2.7719e-06 1.2432e-08
2.7598e-06 1.2433e-08
2.7477e-06 1.2433e-08
2.7357e-06 1.2433e-08
2.7238e-06 1.2433e-08
2.7119e-06 1.2433e-08
2.7e-06 1.2433e-08
2.6882e-06 1.2433e-08
2.6765e-06 1.2433e-08
2.6648e-06 1.2433e-08
2.6532e-06 1.2433e-08
2.6416e-06 1.2433e-08
2.63e-06 1.2433e-08
2.6185e-06 1.2433e-08
2.6071e-06 1.2433e-08
2.5957e-06 1.2433e-08
2.5844e-06 1.2433e-08
2.5731e-06 1.2433e-08
2.5619e-06 1.2433e-08
2.5507e-06 1.2433e-08
2.5395e-06 1.2434e-08
2.5284e-06 1.2434e-08
2.5174e-06 1.2434e-08
2.5064e-06 1.2434e-08
2.4954e-06 1.2434e-08
2.4845e-06 1.2434e-08
2.4737e-06 1.2434e-08
2.4629e-06 1.2434e-08
2.4521e-06 1.2434e-08
2.4414e-06 1.2434e-08
2.4308e-06 1.2434e-08
2.4201e-06 1.2434e-08
2.4096e-06 1.2434e-08
2.3991e-06 1.2434e-08
2.3886e-06 1.2434e-08
2.3781e-06 1.2434e-08
2.3678e-06 1.2434e-08
2.3574e-06 1.2434e-08
2.3471e-06 1.2435e-08
2.3369e-06 1.2435e-08
2.3267e-06 1.2435e-08
2.3165e-06 1.2435e-08
2.3064e-06 1.2435e-08
2.2963e-06 1.2435e-08
2.2863e-06 1.2435e-08
2.2763e-06 1.2435e-08
2.2663e-06 1.2435e-08
2.2565e-06 1.2435e-08
2.2466e-06 1.2435e-08
2.2368e-06 1.2435e-08
2.227e-06 1.2435e-08
2.2173e-06 1.2435e-08
2.2076e-06 1.2435e-08
2.198e-06 1.2435e-08
2.1884e-06 1.2435e-08
2.1788e-06 1.2435e-08
2.1693e-06 1.2436e-08
2.1598e-06 1.2436e-08
2.1504e-06 1.2436e-08
2.141e-06 1.2436e-08
2.1316e-06 1.2436e-08
2.1223e-06 1.2436e-08
2.1131e-06 1.2436e-08
2.1038e-06 1.2436e-08
2.0946e-06 1.2436e-08
2.0855e-06 1.2436e-08
2.0764e-06 1.2436e-08
2.0673e-06 1.2436e-08
2.0583e-06 1.2436e-08
2.0493e-06 1.2436e-08
2.0403e-06 1.2436e-08
2.0314e-06 1.2436e-08
2.0226e-06 1.2436e-08
2.0137e-06 1.2436e-08
2.0049e-06 1.2436e-08
1.9962e-06 1.2437e-08
1.9875e-06 1.2437e-08
1.9788e-06 1.2437e-08
1.9701e-06 1.2437e-08
1.9615e-06 1.2437e-08
1.953e-06 1.2437e-08
1.9444e-06 1.2437e-08
1.9359e-06 1.2437e-08
1.9275e-06 1.2437e-08
1.9191e-06 1.2437e-08
1.9107e-06 1.2437e-08
1.9023e-06 1.2437e-08
1.894e-06 1.2437e-08
1.8858e-06 1.2437e-08
1.8775e-06 1.2437e-08
1.8693e-06 1.2437e-08
1.8612e-06 1.2437e-08
1.853e-06 1.2437e-08
1.8449e-06 1.2438e-08
1.8369e-06 1.2438e-08
1.8289e-06 1.2438e-08
1.8209e-06 1.2438e-08
1.8129e-06 1.2438e-08
1.805e-06 1.2438e-08
1.7971e-06 1.2438e-08
1.7893e-06 1.2438e-08
1.7814e-06 1.2438e-08
1.7737e-06 1.2438e-08
1.7659e-06 1.2438e-08
1.7582e-06 1.2438e-08
1.7505e-06 1.2438e-08
1.7429e-06 1.2438e-08
1.7353e-06 1.2438e-08
1.7277e-06 1.2438e-08
1.7201e-06 1.2438e-08
1.7126e-06 1.2438e-08
1.7051e-06 1.2439e-08
1.6977e-06 1.2439e-08
1.6903e-06 1.2439e-08
1.6829e-06 1.2439e-08
1.6756e-06 1.2439e-08
1.6682e-06 1.2439e-08
1.661e-06 1.2439e-08
1.6537e-06 1.2439e-08
1.6465e-06 1.2439e-08
1.6393e-06 1.2439e-08
1.6321e-06 1.2439e-08
1.625e-06 1.2439e-08
1.6179e-06 1.2439e-08
1.6108e-06 1.2439e-08
1.6038e-06 1.2439e-08
1.5968e-06 1.2439e-08
1.5898e-06 1.2439e-08
1.5829e-06 1.2439e-08
1.576e-06 1.2439e-08
1.5691e-06 1.244e-08
1.5622e-06 1.244e-08
1.5554e-06 1.244e-08
1.5486e-06 1.244e-08
1.5418e-06 1.244e-08
1.5351e-06 1.244e-08
1.5284e-06 1.244e-08
1.5217e-06 1.244e-08
1.5151e-06 1.244e-08
1.5085e-06 1.244e-08
1.5019e-06 1.244e-08
1.4953e-06 1.244e-08
1.4888e-06 1.244e-08
1.4823e-06 1.244e-08
1.4758e-06 1.244e-08
1.4694e-06 1.244e-08
1.4629e-06 1.244e-08
1.4566e-06 1.244e-08
1.4502e-06 1.2441e-08
1.4439e-06 1.2441e-08
1.4376e-06 1.2441e-08
1.4313e-06 1.2441e-08
1.425e-06 1.2441e-08
1.4188e-06 1.2441e-08
1.4126e-06 1.2441e-08
1.4064e-06 1.2441e-08
1.4003e-06 1.2441e-08
1.3942e-06 1.2441e-08
1.3881e-06 1.2441e-08
1.382e-06 1.2441e-08
1.376e-06 1.2441e-08
1.37e-06 1.2441e-08
1.364e-06 1.2441e-08
1.358e-06 1.2441e-08
1.3521e-06 1.2441e-08
1.3462e-06 1.2441e-08
1.3403e-06 1.2442e-08
1.3345e-06 1.2442e-08
1.3286e-06 1.2442e-08
1.3228e-06 1.2442e-08
1.3171e-06 1.2442e-08
1.3113e-06 1.2442e-08
1.3056e-06 1.2442e-08
1.2999e-06 1.2442e-08
1.2942e-06 1.2442e-08
1.2885e-06 1.2442e-08
1.2829e-06 1.2442e-08
1.2773e-06 1.2442e-08
1.2717e-06 1.2442e-08
1.2662e-06 1.2442e-08
1.2606e-06 1.2442e-08
1.2551e-06 1.2442e-08
1.2497e-06 1.2442e-08
1.2442e-06 1.2442e-08
1.2388e-06 1.2442e-08
1.2334e-06 1.2443e-08
1.228e-06 1.2443e-08
1.2226e-06 1.2443e-08
1.2173e-06 1.2443e-08
1.212e-06 1.2443e-08
1.2067e-06 1.2443e-08
1.2014e-06 1.2443e-08
1.1961e-06 1.2443e-08
1.1909e-06 1.2443e-08
1.1857e-06 1.2443e-08
1.1805e-06 1.2443e-08
1.1754e-06 1.2443e-08
1.1702e-06 1.2443e-08
1.1651e-06 1.2443e-08
1.16e-06 1.2443e-08
1.155e-06 1.2443e-08
1.1499e-06 1.2443e-08
1.1449e-06 1.2443e-08
1.1399e-06 1.2444e-08
1.1349e-06 1.2444e-08
1.13e-06 1.2444e-08
1.125e-06 1.2444e-08
1.1201e-06 1.2444e-08
1.1152e-06 1.2444e-08
1.1104e-06 1.2444e-08
1.1055e-06 1.2444e-08
1.1007e-06 1.2444e-08
1.0959e-06 1.2444e-08
1.0911e-06 1.2444e-08
1.0863e-06 1.2444e-08
1.0816e-06 1.2444e-08
1.0769e-06 1.2444e-08
1.0722e-06 1.2444e-08
1.0675e-06 1.2444e-08
1.0628e-06 1.2444e-08
1.0582e-06 1.2444e-08
1.0535e-06 1.2444e-08
1.0489e-06 1.2445e-08
1.0444e-06 1.2445e-08
1.0398e-06 1.2445e-08
1.0353e-06 1.2445e-08
1.0307e-06 1.2445e-08
1.0262e-06 1.2445e-08
1.0218e-06 1.2445e-08
1.0173e-06 1.2445e-08
1.0128e-06 1.2445e-08
1.0084e-06 1.2445e-08
1.004e-06 1.2445e-08
9.9964e-07 1.2445e-08
9.9527e-07 1.2445e-08
9.9092e-07 1.2445e-08
9.8659e-07 1.2445e-08
9.8229e-07 1.2445e-08
9.78e-07 1.2445e-08
9.7372e-07 1.2445e-08
9.6947e-07 1.2446e-08
9.6524e-07 1.2446e-08
9.6102e-07 1.2446e-08
9.5682e-07 1.2446e-08
9.5264e-07 1.2446e-08
9.4848e-07 1.2446e-08
9.4434e-07 1.2446e-08
9.4022e-07 1.2446e-08
9.3611e-07 1.2446e-08
9.3202e-07 1.2446e-08
9.2795e-07 1.2446e-08
9.239e-07 1.2446e-08
9.1986e-07 1.2446e-08
9.1584e-07 1.2446e-08
9.1184e-07 1.2446e-08
9.0786e-07 1.2446e-08
9.039e-07 1.2446e-08
8.9995e-07 1.2446e-08
8.9602e-07 1.2447e-08
8.9211e-07 1.2447e-08
8.8821e-07 1.2447e-08
8.8433e-07 1.2447e-08
8.8047e-07 1.2447e-08
8.7662e-07 1.2447e-08
8.7279e-07 1.2447e-08
8.6898e-07 1.2447e-08
8.6519e-07 1.2447e-08
8.6141e-07 1.2447e-08
8.5764e-07 1.2447e-08
8.539e-07 1.2447e-08
8.5017e-07 1.2447e-08
8.4646e-07 1.2447e-08
8.4276e-07 1.2447e-08
8.3908e-07 1.2447e-08
8.3541e-07 1.2447e-08
8.3176e-07 1.2447e-08
8.2813e-07 1.2447e-08
8.2451e-07 1.2448e-08
8.2091e-07 1.2448e-08
8.1733e-07 1.2448e-08
8.1376e-07 1.2448e-08
8.102e-07 1.2448e-08
8.0667e-07 1.2448e-08
8.0314e-07 1.2448e-08
7.9963e-07 1.2448e-08
7.9614e-07 1.2448e-08
7.9266e-07 1.2448e-08
7.892e-07 1.2448e-08
7.8576e-07 1.2448e-08
7.8232e-07 1.2448e-08
7.7891e-07 1.2448e-08
7.755e-07 1.2448e-08
7.7212e-07 1.2448e-08
7.6875e-07 1.2448e-08
7.6539e-07 1.2448e-08
7.6204e-07 1.2449e-08
7.5872e-07 1.2449e-08
7.554e-07 1.2449e-08
7.521e-07 1.2449e-08
7.4882e-07 1.2449e-08
7.4555e-07 1.2449e-08
7.4229e-07 1.2449e-08
7.3905e-07 1.2449e-08
7.3582e-07 1.2449e-08
7.3261e-07 1.2449e-08
7.2941e-07 1.2449e-08
7.2622e-07 1.2449e-08
7.2305e-07 1.2449e-08
7.1989e-07 1.2449e-08
7.1675e-07 1.2449e-08
7.1362e-07 1.2449e-08
7.105e-07 1.2449e-08
7.074e-07 1.2449e-08
7.0431e-07 1.245e-08
7.0123e-07 1.245e-08
6.9817e-07 1.245e-08
6.9512e-07 1.245e-08
6.9208e-07 1.245e-08
6.8906e-07 1.245e-08
6.8605e-07 1.245e-08
6.8305e-07 1.245e-08
6.8007e-07 1.245e-08
6.771e-07 1.245e-08
6.7414e-07 1.245e-08
6.712e-07 1.245e-08
6.6827e-07 1.245e-08
6.6535e-07 1.245e-08
6.6244e-07 1.245e-08
6.5955e-07 1.245e-08
6.5667e-07 1.245e-08
6.538e-07 1.245e-08
6.5095e-07 1.245e-08
6.481e-07 1.2451e-08
6.4527e-07 1.2451e-08
6.4245e-07 1.2451e-08
6.3965e-07 1.2451e-08
6.3685e-07 1.2451e-08
6.3407e-07 1.2451e-08
6.313e-07 1.2451e-08
6.2855e-07 1.2451e-08
6.258e-07 1.2451e-08
6.2307e-07 1.2451e-08
6.2035e-07 1.2451e-08
6.1764e-07 1.2451e-08
6.1494e-07 1.2451e-08
6.1225e-07 1.2451e-08
6.0958e-07 1.2451e-08
6.0692e-07 1.2451e-08
6.0427e-07 1.2451e-08
6.0163e-07 1.2451e-08
5.99e-07 1.2452e-08
5.9638e-07 1.2452e-08
5.9378e-07 1.2452e-08
5.9118e-07 1.2452e-08
5.886e-07 1.2452e-08
5.8603e-07 1.2452e-08
5.8347e-07 1.2452e-08
5.8092e-07 1.2452e-08
5.7839e-07 1.2452e-08
5.7586e-07 1.2452e-08
5.7334e-07 1.2452e-08
5.7084e-07 1.2452e-08
5.6835e-07 1.2452e-08
5.6587e-07 1.2452e-08
5.6339e-07 1.2452e-08
5.6093e-07 1.2452e-08
5.5848e-07 1.2452e-08
5.5604e-07 1.2452e-08
5.5362e-07 1.2453e-08
5.512e-07 1.2453e-08
5.4879e-07 1.2453e-08
5.4639e-07 1.2453e-08
5.4401e-07 1.2453e-08
5.4163e-07 1.2453e-08
5.3926e-07 1.2453e-08
5.3691e-07 1.2453e-08
5.3456e-07 1.2453e-08
5.3223e-07 1.2453e-08
5.2991e-07 1.2453e-08
5.2759e-07 1.2453e-08
5.2529e-07 1.2453e-08
5.2299e-07 1.2453e-08
5.2071e-07 1.2453e-08
5.1843e-07 1.2453e-08
5.1617e-07 1.2453e-08
5.1391e-07 1.2453e-08
5.1167e-07 1.2453e-08
5.0944e-07 1.2454e-08
5.0721e-07 1.2454e-08
5.05e-07 1.2454e-08
5.0279e-07 1.2454e-08
5.0059e-07 1.2454e-08
4.9841e-07 1.2454e-08
4.9623e-07 1.2454e-08
4.9406e-07 1.2454e-08
4.9191e-07 1.2454e-08
4.8976e-07 1.2454e-08
4.8762e-07 1.2454e-08
4.8549e-07 1.2454e-08
4.8337e-07 1.2454e-08
4.8126e-07 1.2454e-08
4.7915e-07 1.2454e-08
4.7706e-07 1.2454e-08
4.7498e-07 1.2454e-08
4.729e-07 1.2454e-08
4.7084e-07 1.2455e-08
4.6878e-07 1.2455e-08
4.6673e-07 1.2455e-08
4.647e-07 1.2455e-08
4.6267e-07 1.2455e-08
4.6065e-07 1.2455e-08
4.5863e-07 1.2455e-08
4.5663e-07 1.2455e-08
4.5464e-07 1.2455e-08
4.5265e-07 1.2455e-08
4.5067e-07 1.2455e-08
4.487e-07 1.2455e-08
4.4674e-07 1.2455e-08
4.4479e-07 1.2455e-08
4.4285e-07 1.2455e-08
4.4092e-07 1.2455e-08
4.3899e-07 1.2455e-08
4.3707e-07 1.2455e-08
4.3516e-07 1.2456e-08
4.3326e-07 1.2456e-08
4.3137e-07 1.2456e-08
4.2949e-07 1.2456e-08
4.2761e-07 1.2456e-08
4.2574e-07 1.2456e-08
4.2388e-07 1.2456e-08
4.2203e-07 1.2456e-08
4.2019e-07 1.2456e-08
4.1835e-07 1.2456e-08
4.1653e-07 1.2456e-08
4.1471e-07 1.2456e-08
4.129e-07 1.2456e-08
4.1109e-07 1.2456e-08
4.093e-07 1.2456e-08
4.0751e-07 1.2456e-08
4.0573e-07 1.2456e-08
4.0396e-07 1.2456e-08
4.0219e-07 1.2456e-08
4.0044e-07 1.2457e-08
3.9869e-07 1.2457e-08
3.9695e-07 1.2457e-08
3.9521e-07 1.2457e-08
3.9349e-07 1.2457e-08
3.9177e-07 1.2457e-08
3.9006e-07 1.2457e-08
3.8835e-07 1.2457e-08
3.8666e-07 1.2457e-08
3.8497e-07 1.2457e-08
3.8329e-07 1.2457e-08
3.8161e-07 1.2457e-08
3.7995e-07 1.2457e-08
3.7829e-07 1.2457e-08
3.7664e-07 1.2457e-08
3.7499e-07 1.2457e-08
3.7335e-07 1.2457e-08
3.7172e-07 1.2457e-08
3.701e-07 1.2458e-08
3.6848e-07 1.2458e-08
3.6687e-07 1.2458e-08
3.6527e-07 1.2458e-08
3.6367e-07 1.2458e-08
3.6209e-07 1.2458e-08
3.605e-07 1.2458e-08
3.5893e-07 1.2458e-08
3.5736e-07 1.2458e-08
3.558e-07 1.2458e-08
3.5425e-07 1.2458e-08
3.527e-07 1.2458e-08
3.5116e-07 1.2458e-08
3.4963e-07 1.2458e-08
3.481e-07 1.2458e-08
3.4658e-07 1.2458e-08
3.4507e-07 1.2458e-08
3.4356e-07 1.2458e-08
3.4206e-07 1.2459e-08
3.4056e-07 1.2459e-08
3.3908e-07 1.2459e-08
3.376e-07 1.2459e-08
3.3612e-07 1.2459e-08
3.3465e-07 1.2459e-08
3.3319e-07 1.2459e-08
3.3174e-07 1.2459e-08
3.3029e-07 1.2459e-08
3.2884e-07 1.2459e-08
3.2741e-07 1.2459e-08
3.2598e-07 1.2459e-08
3.2455e-07 1.2459e-08
3.2314e-07 1.2459e-08
3.2173e-07 1.2459e-08
3.2032e-07 1.2459e-08
3.1892e-07 1.2459e-08
3.1753e-07 1.2459e-08
3.1614e-07 1.2459e-08
3.1476e-07 1.246e-08
3.1339e-07 1.246e-08
3.1202e-07 1.246e-08
3.1065e-07 1.246e-08
3.093e-07 1.246e-08
3.0795e-07 1.246e-08
3.066e-07 1.246e-08
3.0526e-07 1.246e-08
3.0393e-07 1.246e-08
3.026e-07 1.246e-08
3.0128e-07 1.246e-08
2.9996e-07 1.246e-08
2.9865e-07 1.246e-08
2.9735e-07 1.246e-08
2.9605e-07 1.246e-08
2.9476e-07 1.246e-08
2.9347e-07 1.246e-08
2.9219e-07 1.246e-08
2.9091e-07 1.2461e-08
2.8964e-07 1.2461e-08
2.8838e-07 1.2461e-08
2.8712e-07 1.2461e-08
2.8586e-07 1.2461e-08
2.8461e-07 1.2461e-08
2.8337e-07 1.2461e-08
2.8213e-07 1.2461e-08
2.809e-07 1.2461e-08
2.7967e-07 1.2461e-08
2.7845e-07 1.2461e-08
2.7724e-07 1.2461e-08
2.7603e-07 1.2461e-08
2.7482e-07 1.2461e-08
2.7362e-07 1.2461e-08
2.7243e-07 1.2461e-08
2.7124e-07 1.2461e-08
2.7005e-07 1.2461e-08
2.6887e-07 1.2462e-08
2.677e-07 1.2462e-08
2.6653e-07 1.2462e-08
2.6536e-07 1.2462e-08
2.642e-07 1.2462e-08
2.6305e-07 1.2462e-08
2.619e-07 1.2462e-08
2.6076e-07 1.2462e-08
2.5962e-07 1.2462e-08
2.5849e-07 1.2462e-08
2.5736e-07 1.2462e-08
2.5623e-07 1.2462e-08
2.5511e-07 1.2462e-08
2.54e-07 1.2462e-08
2.5289e-07 1.2462e-08
2.5178e-07 1.2462e-08
2.5069e-07 1.2462e-08
2.4959e-07 1.2462e-08
2.485e-07 1.2462e-08
2.4741e-07 1.2463e-08
2.4633e-07 1.2463e-08
2.4526e-07 1.2463e-08
2.4419e-07 1.2463e-08
2.4312e-07 1.2463e-08
2.4206e-07 1.2463e-08
2.41e-07 1.2463e-08
2.3995e-07 1.2463e-08
2.389e-07 1.2463e-08
2.3786e-07 1.2463e-08
2.3682e-07 1.2463e-08
2.3578e-07 1.2463e-08
2.3475e-07 1.2463e-08
2.3373e-07 1.2463e-08
2.3271e-07 1.2463e-08
2.3169e-07 1.2463e-08
2.3068e-07 1.2463e-08
2.2967e-07 1.2463e-08
2.2867e-07 1.2464e-08
2.2767e-07 1.2464e-08
2.2668e-07 1.2464e-08
2.2569e-07 1.2464e-08
2.247e-07 1.2464e-08
2.2372e-07 1.2464e-08
2.2274e-07 1.2464e-08
2.2177e-07 1.2464e-08
2.208e-07 1.2464e-08
2.1984e-07 1.2464e-08
2.1888e-07 1.2464e-08
2.1792e-07 1.2464e-08
2.1697e-07 1.2464e-08
2.1602e-07 1.2464e-08
2.1508e-07 1.2464e-08
2.1414e-07 1.2464e-08
2.132e-07 1.2464e-08
2.1227e-07 1.2464e-08
2.1134e-07 1.2465e-08
2.1042e-07 1.2465e-08
2.095e-07 1.2465e-08
2.0859e-07 1.2465e-08
2.0768e-07 1.2465e-08
2.0677e-07 1.2465e-08
2.0587e-07 1.2465e-08
2.0497e-07 1.2465e-08
2.0407e-07 1.2465e-08
2.0318e-07 1.2465e-08
2.0229e-07 1.2465e-08
2.0141e-07 1.2465e-08
2.0053e-07 1.2465e-08
1.9965e-07 1.2465e-08
1.9878e-07 1.2465e-08
1.9791e-07 1.2465e-08
1.9705e-07 1.2465e-08
1.9619e-07 1.2465e-08
1.9533e-07 1.2465e-08
1.9448e-07 1.2466e-08
1.9363e-07 1.2466e-08
1.9278e-07 1.2466e-08
1.9194e-07 1.2466e-08
1.911e-07 1.2466e-08
1.9027e-07 1.2466e-08
1.8944e-07 1.2466e-08
1.8861e-07 1.2466e-08
1.8779e-07 1.2466e-08
1.8697e-07 1.2466e-08
1.8615e-07 1.2466e-08
1.8534e-07 1.2466e-08
1.8453e-07 1.2466e-08
1.8372e-07 1.2466e-08
1.8292e-07 1.2466e-08
1.8212e-07 1.2466e-08
1.8132e-07 1.2466e-08
1.8053e-07 1.2466e-08
1.7974e-07 1.2467e-08
1.7896e-07 1.2467e-08
1.7818e-07 1.2467e-08
1.774e-07 1.2467e-08
1.7662e-07 1.2467e-08
1.7585e-07 1.2467e-08
1.7508e-07 1.2467e-08
1.7432e-07 1.2467e-08
1.7356e-07 1.2467e-08
1.728e-07 1.2467e-08
1.7205e-07 1.2467e-08
1.7129e-07 1.2467e-08
1.7055e-07 1.2467e-08
1.698e-07 1.2467e-08
1.6906e-07 1.2467e-08
1.6832e-07 1.2467e-08
1.6759e-07 1.2467e-08
1.6685e-07 1.2467e-08
1.6613e-07 1.2468e-08
1.654e-07 1.2468e-08
1.6468e-07 1.2468e-08
1.6396e-07 1.2468e-08
1.6324e-07 1.2468e-08
1.6253e-07 1.2468e-08
1.6182e-07 1.2468e-08
1.6111e-07 1.2468e-08
1.6041e-07 1.2468e-08
1.5971e-07 1.2468e-08
1.5901e-07 1.2468e-08
1.5832e-07 1.2468e-08
1.5762e-07 1.2468e-08
1.5694e-07 1.2468e-08
1.5625e-07 1.2468e-08
1.5557e-07 1.2468e-08
1.5489e-07 1.2468e-08
1.5421e-07 1.2468e-08
1.5354e-07 1.2468e-08
1.5287e-07 1.2469e-08
1.522e-07 1.2469e-08
1.5154e-07 1.2469e-08
1.5087e-07 1.2469e-08
1.5021e-07 1.2469e-08
1.4956e-07 1.2469e-08
1.4891e-07 1.2469e-08
1.4826e-07 1.2469e-08
1.4761e-07 1.2469e-08
1.4696e-07 1.2469e-08
1.4632e-07 1.2469e-08
1.4568e-07 1.2469e-08
1.4505e-07 1.2469e-08
1.4441e-07 1.2469e-08
1.4378e-07 1.2469e-08
1.4315e-07 1.2469e-08
1.4253e-07 1.2469e-08
1.4191e-07 1.2469e-08
1.4129e-07 1.247e-08
1.4067e-07 1.247e-08
1.4005e-07 1.247e-08
1.3944e-07 1.247e-08
1.3883e-07 1.247e-08
1.3823e-07 1.247e-08
1.3762e-07 1.247e-08
1.3702e-07 1.247e-08
1.3642e-07 1.247e-08
1.3583e-07 1.247e-08
1.3524e-07 1.247e-08
1.3464e-07 1.247e-08
1.3406e-07 1.247e-08
1.3347e-07 1.247e-08
1.3289e-07 1.247e-08
1.3231e-07 1.247e-08
1.3173e-07 1.247e-08
1.3115e-07 1.247e-08
1.3058e-07 1.2471e-08
1.3001e-07 1.2471e-08
1.2944e-07 1.2471e-08
1.2888e-07 1.2471e-08
1.2831e-07 1.2471e-08
1.2775e-07 1.2471e-08
1.272e-07 1.2471e-08
1.2664e-07 1.2471e-08
1.2609e-07 1.2471e-08
1.2554e-07 1.2471e-08
1.2499e-07 1.2471e-08
1.2444e-07 1.2471e-08
1.239e-07 1.2471e-08
1.2336e-07 1.2471e-08
1.2282e-07 1.2471e-08
1.2228e-07 1.2471e-08
1.2175e-07 1.2471e-08
1.2122e-07 1.2471e-08
1.2069e-07 1.2471e-08
1.2016e-07 1.2472e-08
1.1964e-07 1.2472e-08
1.1911e-07 1.2472e-08
1.1859e-07 1.2472e-08
1.1808e-07 1.2472e-08
1.1756e-07 1.2472e-08
1.1705e-07 1.2472e-08
1.1653e-07 1.2472e-08
1.1603e-07 1.2472e-08
1.1552e-07 1.2472e-08
1.1501e-07 1.2472e-08
1.1451e-07 1.2472e-08
1.1401e-07 1.2472e-08
1.1351e-07 1.2472e-08
1.1302e-07 1.2472e-08
1.1252e-07 1.2472e-08
1.1203e-07 1.2472e-08
1.1154e-07 1.2472e-08
1.1106e-07 1.2473e-08
1.1057e-07 1.2473e-08
1.1009e-07 1.2473e-08
1.0961e-07 1.2473e-08
1.0913e-07 1.2473e-08
1.0865e-07 1.2473e-08
1.0818e-07 1.2473e-08
1.0771e-07 1.2473e-08
1.0724e-07 1.2473e-08
1.0677e-07 1.2473e-08
1.063e-07 1.2473e-08
1.0584e-07 1.2473e-08
1.0537e-07 1.2473e-08
1.0491e-07 1.2473e-08
1.0446e-07 1.2473e-08
1.04e-07 1.2473e-08
1.0354e-07 1.2473e-08
1.0309e-07 1.2473e-08
1.0264e-07 1.2474e-08
1.0219e-07 1.2474e-08
1.0175e-07 1.2474e-08
1.013e-07 1.2474e-08
1.0086e-07 1.2474e-08
1.0042e-07 1.2474e-08
9.9982e-08 1.2474e-08
9.9545e-08 1.2474e-08
9.911e-08 1.2474e-08
9.8677e-08 1.2474e-08
9.8246e-08 1.2474e-08
9.7817e-08 1.2474e-08
9.739e-08 1.2474e-08
9.6965e-08 1.2474e-08
9.6541e-08 1.2474e-08
9.612e-08 1.2474e-08
9.57e-08 1.2474e-08
9.5282e-08 1.2474e-08
9.4866e-08 1.2474e-08
9.4451e-08 1.2475e-08
9.4039e-08 1.2475e-08
9.3628e-08 1.2475e-08
9.3219e-08 1.2475e-08
9.2812e-08 1.2475e-08
9.2407e-08 1.2475e-08
9.2003e-08 1.2475e-08
9.1601e-08 1.2475e-08
9.1201e-08 1.2475e-08
9.0803e-08 1.2475e-08
9.0406e-08 1.2475e-08
9.0011e-08 1.2475e-08
8.9618e-08 1.2475e-08
8.9227e-08 1.2475e-08
8.8837e-08 1.2475e-08
8.8449e-08 1.2475e-08
8.8063e-08 1.2475e-08
8.7678e-08 1.2475e-08
8.7295e-08 1.2476e-08
8.6914e-08 1.2476e-08
8.6534e-08 1.2476e-08
8.6156e-08 1.2476e-08
8.578e-08 1.2476e-08
8.5405e-08 1.2476e-08
8.5032e-08 1.2476e-08
8.4661e-08 1.2476e-08
8.4291e-08 1.2476e-08
8.3923e-08 1.2476e-08
8.3557e-08 1.2476e-08
8.3192e-08 1.2476e-08
8.2828e-08 1.2476e-08
8.2466e-08 1.2476e-08
8.2106e-08 1.2476e-08
8.1748e-08 1.2476e-08
8.1391e-08 1.2476e-08
8.1035e-08 1.2476e-08
8.0681e-08 1.2477e-08
8.0329e-08 1.2477e-08
7.9978e-08 1.2477e-08
7.9629e-08 1.2477e-08
7.9281e-08 1.2477e-08
7.8935e-08 1.2477e-08
7.859e-08 1.2477e-08
7.8247e-08 1.2477e-08
7.7905e-08 1.2477e-08
7.7565e-08 1.2477e-08
7.7226e-08 1.2477e-08
7.6889e-08 1.2477e-08
7.6553e-08 1.2477e-08
7.6218e-08 1.2477e-08
7.5885e-08 1.2477e-08
7.5554e-08 1.2477e-08
7.5224e-08 1.2477e-08
7.4895e-08 1.2477e-08
7.4568e-08 1.2477e-08
7.4243e-08 1.2478e-08
7.3918e-08 1.2478e-08
7.3596e-08 1.2478e-08
7.3274e-08 1.2478e-08
7.2954e-08 1.2478e-08
7.2635e-08 1.2478e-08
7.2318e-08 1.2478e-08
7.2002e-08 1.2478e-08
7.1688e-08 1.2478e-08
7.1375e-08 1.2478e-08
7.1063e-08 1.2478e-08
7.0753e-08 1.2478e-08
7.0444e-08 1.2478e-08
7.0136e-08 1.2478e-08
6.983e-08 1.2478e-08
6.9525e-08 1.2478e-08
6.9221e-08 1.2478e-08
6.8919e-08 1.2478e-08
6.8618e-08 1.2479e-08
6.8318e-08 1.2479e-08
6.802e-08 1.2479e-08
6.7722e-08 1.2479e-08
6.7427e-08 1.2479e-08
6.7132e-08 1.2479e-08
6.6839e-08 1.2479e-08
6.6547e-08 1.2479e-08
6.6256e-08 1.2479e-08
6.5967e-08 1.2479e-08
6.5679e-08 1.2479e-08
6.5392e-08 1.2479e-08
6.5106e-08 1.2479e-08
6.4822e-08 1.2479e-08
6.4539e-08 1.2479e-08
6.4257e-08 1.2479e-08
6.3976e-08 1.2479e-08
6.3697e-08 1.2479e-08
6.3419e-08 1.248e-08
6.3142e-08 1.248e-08
6.2866e-08 1.248e-08
6.2591e-08 1.248e-08
6.2318e-08 1.248e-08
6.2046e-08 1.248e-08
6.1775e-08 1.248e-08
6.1505e-08 1.248e-08
6.1236e-08 1.248e-08
6.0969e-08 1.248e-08
6.0703e-08 1.248e-08
6.0438e-08 1.248e-08
6.0174e-08 1.248e-08
5.9911e-08 1.248e-08
5.9649e-08 1.248e-08
5.9389e-08 1.248e-08
5.9129e-08 1.248e-08
5.8871e-08 1.248e-08
5.8614e-08 1.2481e-08
5.8358e-08 1.2481e-08
5.8103e-08 1.2481e-08
5.7849e-08 1.2481e-08
5.7597e-08 1.2481e-08
5.7345e-08 1.2481e-08
5.7094e-08 1.2481e-08
5.6845e-08 1.2481e-08
5.6597e-08 1.2481e-08
5.635e-08 1.2481e-08
5.6104e-08 1.2481e-08
5.5858e-08 1.2481e-08
5.5615e-08 1.2481e-08
5.5372e-08 1.2481e-08
5.513e-08 1.2481e-08
5.4889e-08 1.2481e-08
5.4649e-08 1.2481e-08
5.4411e-08 1.2481e-08
5.4173e-08 1.2481e-08
5.3936e-08 1.2482e-08
5.3701e-08 1.2482e-08
5.3466e-08 1.2482e-08
5.3233e-08 1.2482e-08
5.3e-08 1.2482e-08
5.2769e-08 1.2482e-08
5.2538e-08 1.2482e-08
5.2309e-08 1.2482e-08
5.208e-08 1.2482e-08
5.1853e-08 1.2482e-08
5.1626e-08 1.2482e-08
5.1401e-08 1.2482e-08
5.1176e-08 1.2482e-08
5.0953e-08 1.2482e-08
5.073e-08 1.2482e-08
5.0509e-08 1.2482e-08
5.0288e-08 1.2482e-08
5.0068e-08 1.2482e-08
4.985e-08 1.2483e-08
4.9632e-08 1.2483e-08
4.9415e-08 1.2483e-08
4.9199e-08 1.2483e-08
4.8985e-08 1.2483e-08
4.8771e-08 1.2483e-08
4.8558e-08 1.2483e-08
4.8346e-08 1.2483e-08
4.8134e-08 1.2483e-08
4.7924e-08 1.2483e-08
4.7715e-08 1.2483e-08
4.7506e-08 1.2483e-08
4.7299e-08 1.2483e-08
4.7092e-08 1.2483e-08
4.6887e-08 1.2483e-08
4.6682e-08 1.2483e-08
4.6478e-08 1.2483e-08
4.6275e-08 1.2483e-08
4.6073e-08 1.2484e-08
4.5872e-08 1.2484e-08
4.5671e-08 1.2484e-08
4.5472e-08 1.2484e-08
4.5273e-08 1.2484e-08
4.5076e-08 1.2484e-08
4.4879e-08 1.2484e-08
4.4683e-08 1.2484e-08
4.4487e-08 1.2484e-08
4.4293e-08 1.2484e-08
4.41e-08 1.2484e-08
4.3907e-08 1.2484e-08
4.3715e-08 1.2484e-08
4.3524e-08 1.2484e-08
4.3334e-08 1.2484e-08
4.3145e-08 1.2484e-08
4.2957e-08 1.2484e-08
4.2769e-08 1.2484e-08
4.2582e-08 1.2484e-08
4.2396e-08 1.2485e-08
4.2211e-08 1.2485e-08
4.2027e-08 1.2485e-08
4.1843e-08 1.2485e-08
4.166e-08 1.2485e-08
4.1478e-08 1.2485e-08
4.1297e-08 1.2485e-08
4.1117e-08 1.2485e-08
4.0937e-08 1.2485e-08
4.0758e-08 1.2485e-08
4.058e-08 1.2485e-08
4.0403e-08 1.2485e-08
4.0227e-08 1.2485e-08
4.0051e-08 1.2485e-08
3.9876e-08 1.2485e-08
3.9702e-08 1.2485e-08
3.9529e-08 1.2485e-08
3.9356e-08 1.2485e-08
3.9184e-08 1.2486e-08
3.9013e-08 1.2486e-08
3.8842e-08 1.2486e-08
3.8673e-08 1.2486e-08
3.8504e-08 1.2486e-08
3.8336e-08 1.2486e-08
3.8168e-08 1.2486e-08
3.8002e-08 1.2486e-08
3.7836e-08 1.2486e-08
3.767e-08 1.2486e-08
3.7506e-08 1.2486e-08
3.7342e-08 1.2486e-08
3.7179e-08 1.2486e-08
3.7017e-08 1.2486e-08
3.6855e-08 1.2486e-08
3.6694e-08 1.2486e-08
3.6534e-08 1.2486e-08
3.6374e-08 1.2486e-08
3.6215e-08 1.2487e-08
3.6057e-08 1.2487e-08
3.59e-08 1.2487e-08
3.5743e-08 1.2487e-08
3.5587e-08 1.2487e-08
3.5431e-08 1.2487e-08
3.5276e-08 1.2487e-08
3.5122e-08 1.2487e-08
3.4969e-08 1.2487e-08
3.4816e-08 1.2487e-08
3.4664e-08 1.2487e-08
3.4513e-08 1.2487e-08
3.4362e-08 1.2487e-08
3.4212e-08 1.2487e-08
3.4063e-08 1.2487e-08
3.3914e-08 1.2487e-08
3.3766e-08 1.2487e-08
3.3618e-08 1.2487e-08
3.3471e-08 1.2487e-08
3.3325e-08 1.2488e-08
3.318e-08 1.2488e-08
3.3035e-08 1.2488e-08
3.289e-08 1.2488e-08
3.2747e-08 1.2488e-08
3.2604e-08 1.2488e-08
3.2461e-08 1.2488e-08
3.232e-08 1.2488e-08
3.2178e-08 1.2488e-08
3.2038e-08 1.2488e-08
3.1898e-08 1.2488e-08
3.1759e-08 1.2488e-08
3.162e-08 1.2488e-08
3.1482e-08 1.2488e-08
3.1344e-08 1.2488e-08
3.1207e-08 1.2488e-08
3.1071e-08 1.2488e-08
3.0935e-08 1.2488e-08
3.08e-08 1.2489e-08
3.0666e-08 1.2489e-08
3.0532e-08 1.2489e-08
3.0398e-08 1.2489e-08
3.0266e-08 1.2489e-08
3.0133e-08 1.2489e-08
3.0002e-08 1.2489e-08
2.9871e-08 1.2489e-08
2.974e-08 1.2489e-08
2.961e-08 1.2489e-08
2.9481e-08 1.2489e-08
2.9352e-08 1.2489e-08
2.9224e-08 1.2489e-08
2.9097e-08 1.2489e-08
2.8969e-08 1.2489e-08
2.8843e-08 1.2489e-08
2.8717e-08 1.2489e-08
2.8592e-08 1.2489e-08
2.8467e-08 1.249e-08
2.8342e-08 1.249e-08
2.8219e-08 1.249e-08
2.8095e-08 1.249e-08
2.7973e-08 1.249e-08
2.785e-08 1.249e-08
2.7729e-08 1.249e-08
2.7608e-08 1.249e-08
2.7487e-08 1.249e-08
2.7367e-08 1.249e-08
2.7248e-08 1.249e-08
2.7128e-08 1.249e-08
2.701e-08 1.249e-08
2.6892e-08 1.249e-08
2.6775e-08 1.249e-08
2.6658e-08 1.249e-08
2.6541e-08 1.249e-08
2.6425e-08 1.249e-08
2.631e-08 1.2491e-08
2.6195e-08 1.2491e-08
2.6081e-08 1.2491e-08
2.5967e-08 1.2491e-08
2.5853e-08 1.2491e-08
2.574e-08 1.2491e-08
2.5628e-08 1.2491e-08
2.5516e-08 1.2491e-08
2.5405e-08 1.2491e-08
2.5294e-08 1.2491e-08
2.5183e-08 1.2491e-08
2.5073e-08 1.2491e-08
2.4964e-08 1.2491e-08
2.4855e-08 1.2491e-08
2.4746e-08 1.2491e-08
2.4638e-08 1.2491e-08
2.453e-08 1.2491e-08
2.4423e-08 1.2491e-08
2.4316e-08 1.2491e-08
2.421e-08 1.2492e-08
2.4105e-08 1.2492e-08
2.3999e-08 1.2492e-08
2.3894e-08 1.2492e-08
2.379e-08 1.2492e-08
2.3686e-08 1.2492e-08
2.3583e-08 1.2492e-08
2.348e-08 1.2492e-08
2.3377e-08 1.2492e-08
2.3275e-08 1.2492e-08
2.3173e-08 1.2492e-08
2.3072e-08 1.2492e-08
2.2971e-08 1.2492e-08
2.2871e-08 1.2492e-08
2.2771e-08 1.2492e-08
2.2672e-08 1.2492e-08
2.2573e-08 1.2492e-08
2.2474e-08 1.2492e-08
2.2376e-08 1.2493e-08
2.2278e-08 1.2493e-08
2.2181e-08 1.2493e-08
2.2084e-08 1.2493e-08
2.1988e-08 1.2493e-08
2.1892e-08 1.2493e-08
2.1796e-08 1.2493e-08
2.1701e-08 1.2493e-08
2.1606e-08 1.2493e-08
2.1512e-08 1.2493e-08
2.1418e-08 1.2493e-08
2.1324e-08 1.2493e-08
2.1231e-08 1.2493e-08
2.1138e-08 1.2493e-08
2.1046e-08 1.2493e-08
2.0954e-08 1.2493e-08
2.0863e-08 1.2493e-08
2.0771e-08 1.2493e-08
2.0681e-08 1.2494e-08
2.059e-08 1.2494e-08
2.05e-08 1.2494e-08
2.0411e-08 1.2494e-08
2.0322e-08 1.2494e-08
2.0233e-08 1.2494e-08
2.0145e-08 1.2494e-08
2.0057e-08 1.2494e-08
1.9969e-08 1.2494e-08
1.9882e-08 1.2494e-08
1.9795e-08 1.2494e-08
1.9708e-08 1.2494e-08
1.9622e-08 1.2494e-08
1.9537e-08 1.2494e-08
1.9451e-08 1.2494e-08
1.9366e-08 1.2494e-08
1.9282e-08 1.2494e-08
1.9198e-08 1.2494e-08
1.9114e-08 1.2494e-08
1.903e-08 1.2495e-08
1.8947e-08 1.2495e-08
1.8864e-08 1.2495e-08
1.8782e-08 1.2495e-08
1.87e-08 1.2495e-08
1.8618e-08 1.2495e-08
1.8537e-08 1.2495e-08
1.8456e-08 1.2495e-08
1.8375e-08 1.2495e-08
1.8295e-08 1.2495e-08
1.8215e-08 1.2495e-08
1.8136e-08 1.2495e-08
1.8057e-08 1.2495e-08
1.7978e-08 1.2495e-08
1.7899e-08 1.2495e-08
1.7821e-08 1.2495e-08
1.7743e-08 1.2495e-08
1.7666e-08 1.2495e-08
1.7588e-08 1.2496e-08
1.7512e-08 1.2496e-08
1.7435e-08 1.2496e-08
1.7359e-08 1.2496e-08
1.7283e-08 1.2496e-08
1.7208e-08 1.2496e-08
1.7133e-08 1.2496e-08
1.7058e-08 1.2496e-08
1.6983e-08 1.2496e-08
1.6909e-08 1.2496e-08
1.6835e-08 1.2496e-08
1.6762e-08 1.2496e-08
1.6688e-08 1.2496e-08
1.6616e-08 1.2496e-08
1.6543e-08 1.2496e-08
1.6471e-08 1.2496e-08
1.6399e-08 1.2496e-08
1.6327e-08 1.2496e-08
1.6256e-08 1.2497e-08
1.6185e-08 1.2497e-08
1.6114e-08 1.2497e-08
1.6044e-08 1.2497e-08
1.5974e-08 1.2497e-08
1.5904e-08 1.2497e-08
1.5834e-08 1.2497e-08
1.5765e-08 1.2497e-08
1.5696e-08 1.2497e-08
1.5628e-08 1.2497e-08
1.556e-08 1.2497e-08
1.5492e-08 1.2497e-08
1.5424e-08 1.2497e-08
1.5357e-08 1.2497e-08
1.529e-08 1.2497e-08
1.5223e-08 1.2497e-08
1.5156e-08 1.2497e-08
1.509e-08 1.2497e-08
1.5024e-08 1.2498e-08
1.4959e-08 1.2498e-08
1.4893e-08 1.2498e-08
1.4828e-08 1.2498e-08
1.4763e-08 1.2498e-08
1.4699e-08 1.2498e-08
1.4635e-08 1.2498e-08
1.4571e-08 1.2498e-08
1.4507e-08 1.2498e-08
1.4444e-08 1.2498e-08
1.4381e-08 1.2498e-08
1.4318e-08 1.2498e-08
1.4255e-08 1.2498e-08
1.4193e-08 1.2498e-08
1.4131e-08 1.2498e-08
1.4069e-08 1.2498e-08
1.4008e-08 1.2498e-08
1.3947e-08 1.2498e-08
1.3886e-08 1.2498e-08
1.3825e-08 1.2499e-08
1.3765e-08 1.2499e-08
1.3705e-08 1.2499e-08
1.3645e-08 1.2499e-08
1.3585e-08 1.2499e-08
1.3526e-08 1.2499e-08
1.3467e-08 1.2499e-08
1.3408e-08 1.2499e-08
1.335e-08 1.2499e-08
1.3291e-08 1.2499e-08
1.3233e-08 1.2499e-08
1.3175e-08 1.2499e-08
1.3118e-08 1.2499e-08
1.3061e-08 1.2499e-08
1.3003e-08 1.2499e-08
1.2947e-08 1.2499e-08
1.289e-08 1.2499e-08
1.2834e-08 1.2499e-08
1.2778e-08 1.25e-08
1.2722e-08 1.25e-08
1.2666e-08 1.25e-08
1.2611e-08 1.25e-08
1.2556e-08 1.25e-08
1.2501e-08 1.25e-08
1.2447e-08 1.25e-08
1.2392e-08 1.25e-08
1.2338e-08 1.25e-08
1.2284e-08 1.25e-08
1.2231e-08 1.25e-08
1.2177e-08 1.25e-08
1.2124e-08 1.25e-08
1.2071e-08 1.25e-08
1.2018e-08 1.25e-08
1.1966e-08 1.25e-08
1.1914e-08 1.25e-08
1.1861e-08 1.25e-08
1.181e-08 1.2501e-08
1.1758e-08 1.2501e-08
1.1707e-08 1.2501e-08
1.1656e-08 1.2501e-08
1.1605e-08 1.2501e-08
1.1554e-08 1.2501e-08
1.1504e-08 1.2501e-08
1.1453e-08 1.2501e-08
1.1403e-08 1.2501e-08
1.1353e-08 1.2501e-08
1.1304e-08 1.2501e-08
1.1255e-08 1.2501e-08
1.1205e-08 1.2501e-08
1.1156e-08 1.2501e-08
1.1108e-08 1.2501e-08
1.1059e-08 1.2501e-08
1.1011e-08 1.2501e-08
1.0963e-08 1.2501e-08
1.0915e-08 1.2501e-08
1.0867e-08 1.2502e-08
1.082e-08 1.2502e-08
1.0773e-08 1.2502e-08
1.0725e-08 1.2502e-08
1.0679e-08 1.2502e-08
1.0632e-08 1.2502e-08
1.0586e-08 1.2502e-08
1.0539e-08 1.2502e-08
1.0493e-08 1.2502e-08
1.0447e-08 1.2502e-08
1.0402e-08 1.2502e-08
1.0356e-08 1.2502e-08
1.0311e-08 1.2502e-08
1.0266e-08 1.2502e-08
1.0221e-08 1.2502e-08
1.0177e-08 1.2502e-08
1.0132e-08 1.2502e-08
1.0088e-08 1.2502e-08
1.0044e-08 1.2503e-08
1e-08 1.2503e-08
