1e-08 1.2559e-07
1.0044e-08 1.2559e-07
1.0088e-08 1.2559e-07
1.0132e-08 1.2559e-07
1.0177e-08 1.2559e-07
1.0221e-08 1.2559e-07
1.0266e-08 1.2559e-07
1.0311e-08 1.2559e-07
1.0356e-08 1.2559e-07
1.0402e-08 1.2559e-07
1.0447e-08 1.2559e-07
1.0493e-08 1.2559e-07
1.0539e-08 1.2559e-07
1.0586e-08 1.2559e-07
1.0632e-08 1.2559e-07
1.0679e-08 1.2559e-07
1.0725e-08 1.2559e-07
1.0773e-08 1.2559e-07
1.082e-08 1.2559e-07
1.0867e-08 1.2559e-07
1.0915e-08 1.2559e-07
1.0963e-08 1.2559e-07
1.1011e-08 1.2559e-07
1.1059e-08 1.2559e-07
1.1108e-08 1.2559e-07
1.1156e-08 1.2559e-07
1.1205e-08 1.2559e-07
1.1255e-08 1.2559e-07
1.1304e-08 1.2559e-07
1.1353e-08 1.2559e-07
1.1403e-08 1.2559e-07
1.1453e-08 1.2559e-07
1.1504e-08 1.2559e-07
1.1554e-08 1.2559e-07
1.1605e-08 1.2559e-07
1.1656e-08 1.2559e-07
1.1707e-08 1.2559e-07
1.1758e-08 1.2559e-07
1.181e-08 1.2559e-07
1.1861e-08 1.2559e-07
1.1914e-08 1.2559e-07
1.1966e-08 1.2559e-07
1.2018e-08 1.2559e-07
1.2071e-08 1.2559e-07
1.2124e-08 1.2559e-07
1.2177e-08 1.2559e-07
1.2231e-08 1.2559e-07
1.2284e-08 1.2559e-07
1.2338e-08 1.2559e-07
1.2392e-08 1.2559e-07
1.2447e-08 1.2559e-07
1.2501e-08 1.2559e-07
1.2556e-08 1.2559e-07
1.2611e-08 1.2559e-07
1.2666e-08 1.2559e-07
1.2722e-08 1.2559e-07
1.2778e-08 1.2559e-07
1.2834e-08 1.2559e-07
1.289e-08 1.2559e-07
1.2947e-08 1.2559e-07
1.3003e-08 1.2559e-07
1.3061e-08 1.2559e-07
1.3118e-08 1.2559e-07
1.3175e-08 1.2559e-07
1.3233e-08 1.2559e-07
1.3291e-08 1.2559e-07
1.335e-08 1.2559e-07
1.3408e-08 1.2559e-07
1.3467e-08 1.2559e-07
1.3526e-08 1.2559e-07
1.3585e-08 1.2559e-07
1.3645e-08 1.2559e-07
1.3705e-08 1.2559e-07
1.3765e-08 1.2559e-07
1.3825e-08 1.2559e-07
1.3886e-08 1.2559e-07
1.3947e-08 1.2559e-07
1.4008e-08 1.2559e-07
1.4069e-08 1.2559e-07
1.4131e-08 1.2559e-07
1.4193e-08 1.2559e-07
1.4255e-08 1.2559e-07
1.4318e-08 1.2559e-07
1.4381e-08 1.2559e-07
1.4444e-08 1.2559e-07
1.4507e-08 1.2559e-07
1.4571e-08 1.2559e-07
1.4635e-08 1.2559e-07
1.4699e-08 1.2559e-07
1.4763e-08 1.2559e-07
1.4828e-08 1.2559e-07
1.4893e-08 1.2559e-07
1.4959e-08 1.2559e-07
1.5024e-08 1.2559e-07
1.509e-08 1.2559e-07
1.5156e-08 1.2559e-07
1.5223e-08 1.2559e-07
1.529e-08 1.2559e-07
1.5357e-08 1.2559e-07
1.5424e-08 1.2559e-07
1.5492e-08 1.2559e-07
1.556e-08 1.2559e-07
1.5628e-08 1.2559e-07
1.5696e-08 1.2559e-07
1.5765e-08 1.2559e-07
1.5834e-08 1.2559e-07
1.5904e-08 1.2559e-07
1.5974e-08 1.2559e-07
1.6044e-08 1.2559e-07
1.6114e-08 1.2559e-07
1.6185e-08 1.2559e-07
1.6256e-08 1.2559e-07
1.6327e-08 1.2559e-07
1.6399e-08 1.2559e-07
1.6471e-08 1.2559e-07
1.6543e-08 1.2559e-07
1.6616e-08 1.2559e-07
1.6688e-08 1.2559e-07
1.6762e-08 1.2559e-07
1.6835e-08 1.2559e-07
1.6909e-08 1.2559e-07
1.6983e-08 1.2559e-07
1.7058e-08 1.2559e-07
1.7133e-08 1.2559e-07
1.7208e-08 1.2559e-07
1.7283e-08 1.2559e-07
1.7359e-08 1.2559e-07
1.7435e-08 1.2559e-07
1.7512e-08 1.2559e-07
1.7588e-08 1.2559e-07
1.7666e-08 1.2559e-07
1.7743e-08 1.2559e-07
1.7821e-08 1.2559e-07
1.7899e-08 1.2559e-07
1.7978e-08 1.2559e-07
1.8057e-08 1.2559e-07
1.8136e-08 1.2559e-07
1.8215e-08 1.2559e-07
1.8295e-08 1.2559e-07
1.8375e-08 1.2559e-07
1.8456e-08 1.2559e-07
1.8537e-08 1.2559e-07
1.8618e-08 1.2559e-07
1.87e-08 1.2559e-07
1.8782e-08 1.2559e-07
1.8864e-08 1.2559e-07
1.8947e-08 1.2559e-07
1.903e-08 1.2559e-07
1.9114e-08 1.2559e-07
1.9198e-08 1.2559e-07
1.9282e-08 1.2559e-07
1.9366e-08 1.2559e-07
1.9451e-08 1.2559e-07
1.9537e-08 1.2559e-07
1.9622e-08 1.2559e-07
1.9708e-08 1.2559e-07
1.9795e-08 1.2559e-07
1.9882e-08 1.2559e-07
1.9969e-08 1.2559e-07
2.0057e-08 1.2559e-07
2.0145e-08 1.2559e-07
2.0233e-08 1.2559e-07
2.0322e-08 1.2559e-07
2.0411e-08 1.2559e-07
2.05e-08 1.2559e-07
2.059e-08 1.2559e-07
2.0681e-08 1.2559e-07
2.0771e-08 1.2559e-07
2.0863e-08 1.2559e-07
2.0954e-08 1.2559e-07
2.1046e-08 1.2559e-07
2.1138e-08 1.2559e-07
2.1231e-08 1.2559e-07
2.1324e-08 1.2559e-07
2.1418e-08 1.2559e-07
2.1512e-08 1.2559e-07
2.1606e-08 1.2559e-07
2.1701e-08 1.2559e-07
2.1796e-08 1.2559e-07
2.1892e-08 1.2559e-07
2.1988e-08 1.2559e-07
2.2084e-08 1.2559e-07
2.2181e-08 1.2559e-07
2.2278e-08 1.2559e-07
2.2376e-08 1.2559e-07
2.2474e-08 1.2559e-07
2.2573e-08 1.2559e-07
2.2672e-08 1.2559e-07
2.2771e-08 1.2559e-07
2.2871e-08 1.2559e-07
2.2971e-08 1.2559e-07
2.3072e-08 1.2559e-07
2.3173e-08 1.2559e-07
2.3275e-08 1.2559e-07
2.3377e-08 1.2559e-07
2.348e-08 1.2559e-07
2.3583e-08 1.2559e-07
2.3686e-08 1.2559e-07
2.379e-08 1.2559e-07
2.3894e-08 1.2559e-07
2.3999e-08 1.2559e-07
2.4105e-08 1.2559e-07
2.421e-08 1.2559e-07
2.4316e-08 1.2559e-07
2.4423e-08 1.2559e-07
2.453e-08 1.2559e-07
2.4638e-08 1.2559e-07
2.4746e-08 1.2559e-07
2.4855e-08 1.2559e-07
2.4964e-08 1.2559e-07
2.5073e-08 1.2559e-07
2.5183e-08 1.2559e-07
2.5294e-08 1.2559e-07
2.5405e-08 1.2559e-07
2.5516e-08 1.2559e-07
2.5628e-08 1.2559e-07
2.574e-08 1.2559e-07
2.5853e-08 1.2559e-07
2.5967e-08 1.2559e-07
2.6081e-08 1.2559e-07
2.6195e-08 1.2559e-07
2.631e-08 1.2559e-07
2.6425e-08 1.2559e-07
2.6541e-08 1.2559e-07
2.6658e-08 1.2559e-07
2.6775e-08 1.2559e-07
2.6892e-08 1.2559e-07
2.701e-08 1.2559e-07
2.7128e-08 1.2559e-07
2.7248e-08 1.2559e-07
2.7367e-08 1.2559e-07
2.7487e-08 1.2559e-07
2.7608e-08 1.2559e-07
2.7729e-08 1.2559e-07
2.785e-08 1.2559e-07
2.7973e-08 1.2559e-07
2.8095e-08 1.2559e-07
2.8219e-08 1.2559e-07
2.8342e-08 1.2559e-07
2.8467e-08 1.2559e-07
2.8592e-08 1.2559e-07
2.8717e-08 1.2559e-07
2.8843e-08 1.2559e-07
2.8969e-08 1.2559e-07
2.9097e-08 1.2559e-07
2.9224e-08 1.2559e-07
2.9352e-08 1.2559e-07
2.9481e-08 1.2559e-07
2.961e-08 1.2559e-07
2.974e-08 1.2559e-07
2.9871e-08 1.2559e-07
3.0002e-08 1.2559e-07
3.0133e-08 1.2559e-07
3.0266e-08 1.2559e-07
3.0398e-08 1.2559e-07
3.0532e-08 1.2559e-07
3.0666e-08 1.2559e-07
3.08e-08 1.2559e-07
3.0935e-08 1.2559e-07
3.1071e-08 1.2559e-07
3.1207e-08 1.2559e-07
3.1344e-08 1.2559e-07
3.1482e-08 1.2559e-07
3.162e-08 1.2559e-07
3.1759e-08 1.2559e-07
3.1898e-08 1.2559e-07
3.2038e-08 1.2559e-07
3.2178e-08 1.2559e-07
3.232e-08 1.2559e-07
3.2461e-08 1.2559e-07
3.2604e-08 1.2559e-07
3.2747e-08 1.2559e-07
3.289e-08 1.2559e-07
3.3035e-08 1.2559e-07
3.318e-08 1.2559e-07
3.3325e-08 1.2559e-07
3.3471e-08 1.2559e-07
3.3618e-08 1.2559e-07
3.3766e-08 1.2559e-07
3.3914e-08 1.2559e-07
3.4063e-08 1.2559e-07
3.4212e-08 1.2559e-07
3.4362e-08 1.2559e-07
3.4513e-08 1.2559e-07
3.4664e-08 1.2559e-07
3.4816e-08 1.2559e-07
3.4969e-08 1.2559e-07
3.5122e-08 1.2559e-07
3.5276e-08 1.2559e-07
3.5431e-08 1.2559e-07
3.5587e-08 1.2559e-07
3.5743e-08 1.2559e-07
3.59e-08 1.2559e-07
3.6057e-08 1.2559e-07
3.6215e-08 1.2559e-07
3.6374e-08 1.2559e-07
3.6534e-08 1.2559e-07
3.6694e-08 1.2559e-07
3.6855e-08 1.2559e-07
3.7017e-08 1.2559e-07
3.7179e-08 1.2559e-07
3.7342e-08 1.2559e-07
3.7506e-08 1.2559e-07
3.767e-08 1.2559e-07
3.7836e-08 1.2559e-07
3.8002e-08 1.2559e-07
3.8168e-08 1.2559e-07
3.8336e-08 1.2559e-07
3.8504e-08 1.2559e-07
3.8673e-08 1.2559e-07
3.8842e-08 1.2559e-07
3.9013e-08 1.2559e-07
3.9184e-08 1.2559e-07
3.9356e-08 1.2559e-07
3.9529e-08 1.2559e-07
3.9702e-08 1.2559e-07
3.9876e-08 1.2559e-07
4.0051e-08 1.2559e-07
4.0227e-08 1.2559e-07
4.0403e-08 1.2559e-07
4.058e-08 1.2559e-07
4.0758e-08 1.2559e-07
4.0937e-08 1.2559e-07
4.1117e-08 1.2559e-07
4.1297e-08 1.2559e-07
4.1478e-08 1.2559e-07
4.166e-08 1.2559e-07
4.1843e-08 1.2559e-07
4.2027e-08 1.2559e-07
4.2211e-08 1.2559e-07
4.2396e-08 1.2559e-07
4.2582e-08 1.2559e-07
4.2769e-08 1.2559e-07
4.2957e-08 1.2559e-07
4.3145e-08 1.2559e-07
4.3334e-08 1.2559e-07
4.3524e-08 1.2559e-07
4.3715e-08 1.2559e-07
4.3907e-08 1.2559e-07
4.41e-08 1.2559e-07
4.4293e-08 1.2559e-07
4.4487e-08 1.2559e-07
4.4683e-08 1.2559e-07
4.4879e-08 1.2559e-07
4.5076e-08 1.2559e-07
4.5273e-08 1.2559e-07
4.5472e-08 1.2559e-07
4.5671e-08 1.2559e-07
4.5872e-08 1.2559e-07
4.6073e-08 1.2559e-07
4.6275e-08 1.2559e-07
4.6478e-08 1.2559e-07
4.6682e-08 1.2559e-07
4.6887e-08 1.2559e-07
4.7092e-08 1.2559e-07
4.7299e-08 1.2559e-07
4.7506e-08 1.2559e-07
4.7715e-08 1.2559e-07
4.7924e-08 1.2559e-07
4.8134e-08 1.2559e-07
4.8346e-08 1.2559e-07
4.8558e-08 1.2559e-07
4.8771e-08 1.2559e-07
4.8985e-08 1.2559e-07
4.9199e-08 1.2559e-07
4.9415e-08 1.2559e-07
4.9632e-08 1.2559e-07
4.985e-08 1.2559e-07
5.0068e-08 1.2559e-07
5.0288e-08 1.2559e-07
5.0509e-08 1.2559e-07
5.073e-08 1.2559e-07
5.0953e-08 1.2559e-07
5.1176e-08 1.2559e-07
5.1401e-08 1.2559e-07
5.1626e-08 1.2559e-07
5.1853e-08 1.2559e-07
5.208e-08 1.2559e-07
5.2309e-08 1.2559e-07
5.2538e-08 1.2559e-07
5.2769e-08 1.2559e-07
5.3e-08 1.2559e-07
5.3233e-08 1.2559e-07
5.3466e-08 1.2559e-07
5.3701e-08 1.2559e-07
5.3936e-08 1.2559e-07
5.4173e-08 1.2559e-07
5.4411e-08 1.2559e-07
5.4649e-08 1.2559e-07
5.4889e-08 1.2559e-07
5.513e-08 1.2559e-07
5.5372e-08 1.2559e-07
5.5615e-08 1.2559e-07
5.5858e-08 1.2559e-07
5.6104e-08 1.2559e-07
5.635e-08 1.2559e-07
5.6597e-08 1.2559e-07
5.6845e-08 1.2559e-07
5.7094e-08 1.2559e-07
5.7345e-08 1.2559e-07
5.7597e-08 1.2559e-07
5.7849e-08 1.2559e-07
5.8103e-08 1.2559e-07
5.8358e-08 1.2559e-07
5.8614e-08 1.2559e-07
5.8871e-08 1.2559e-07
5.9129e-08 1.2559e-07
5.9389e-08 1.2559e-07
5.9649e-08 1.2559e-07
5.9911e-08 1.2559e-07
6.0174e-08 1.2559e-07
6.0438e-08 1.2559e-07
6.0703e-08 1.2559e-07
6.0969e-08 1.2559e-07
6.1236e-08 1.2559e-07
6.1505e-08 1.2559e-07
6.1775e-08 1.2559e-07
6.2046e-08 1.2559e-07
6.2318e-08 1.2559e-07
6.2591e-08 1.2559e-07
6.2866e-08 1.2559e-07
6.3142e-08 1.2559e-07
6.3419e-08 1.2559e-07
6.3697e-08 1.2559e-07
6.3976e-08 1.2559e-07
6.4257e-08 1.2559e-07
6.4539e-08 1.2559e-07
6.4822e-08 1.2559e-07
6.5106e-08 1.2559e-07
6.5392e-08 1.2559e-07
6.5679e-08 1.2559e-07
6.5967e-08 1.2559e-07
6.6256e-08 1.2559e-07
6.6547e-08 1.2559e-07
6.6839e-08 1.2559e-07
6.7132e-08 1.2559e-07
6.7427e-08 1.2559e-07
6.7722e-08 1.2559e-07
6.802e-08 1.2559e-07
6.8318e-08 1.2559e-07
6.8618e-08 1.2559e-07
6.8919e-08 1.2559e-07
6.9221e-08 1.2559e-07
6.9525e-08 1.2559e-07
6.983e-08 1.2559e-07
7.0136e-08 1.2559e-07
7.0444e-08 1.2559e-07
7.0753e-08 1.2559e-07
7.1063e-08 1.2559e-07
7.1375e-08 1.2559e-07
7.1688e-08 1.2559e-07
7.2002e-08 1.2559e-07
7.2318e-08 1.2559e-07
7.2635e-08 1.2559e-07
7.2954e-08 1.2559e-07
7.3274e-08 1.2559e-07
7.3596e-08 1.2559e-07
7.3918e-08 1.2559e-07
7.4243e-08 1.2559e-07
7.4568e-08 1.2559e-07
7.4895e-08 1.2559e-07
7.5224e-08 1.2559e-07
7.5554e-08 1.2559e-07
7.5885e-08 1.2559e-07
7.6218e-08 1.2559e-07
7.6553e-08 1.2559e-07
7.6889e-08 1.2559e-07
7.7226e-08 1.2559e-07
7.7565e-08 1.2559e-07
7.7905e-08 1.2559e-07
7.8247e-08 1.2559e-07
7.859e-08 1.2559e-07
7.8935e-08 1.2559e-07
7.9281e-08 1.2559e-07
7.9629e-08 1.2559e-07
7.9978e-08 1.2559e-07
8.0329e-08 1.2559e-07
8.0681e-08 1.2559e-07
8.1035e-08 1.2559e-07
8.1391e-08 1.2559e-07
8.1748e-08 1.2559e-07
8.2106e-08 1.2559e-07
8.2466e-08 1.2559e-07
8.2828e-08 1.2559e-07
8.3192e-08 1.2559e-07
8.3557e-08 1.2559e-07
8.3923e-08 1.2559e-07
8.4291e-08 1.2559e-07
8.4661e-08 1.2559e-07
8.5032e-08 1.2559e-07
8.5405e-08 1.2559e-07
8.578e-08 1.2559e-07
8.6156e-08 1.2559e-07
8.6534e-08 1.2559e-07
8.6914e-08 1.2559e-07
8.7295e-08 1.2559e-07
8.7678e-08 1.2559e-07
8.8063e-08 1.2559e-07
8.8449e-08 1.2559e-07
8.8837e-08 1.2559e-07
8.9227e-08 1.2559e-07
8.9618e-08 1.2559e-07
9.0011e-08 1.2559e-07
9.0406e-08 1.2559e-07
9.0803e-08 1.2559e-07
9.1201e-08 1.2559e-07
9.1601e-08 1.2559e-07
9.2003e-08 1.2559e-07
9.2407e-08 1.2559e-07
9.2812e-08 1.2559e-07
9.3219e-08 1.2559e-07
9.3628e-08 1.2559e-07
9.4039e-08 1.2559e-07
9.4451e-08 1.2559e-07
9.4866e-08 1.2559e-07
9.5282e-08 1.2559e-07
9.57e-08 1.2559e-07
9.612e-08 1.2559e-07
9.6541e-08 1.2559e-07
9.6965e-08 1.2559e-07
9.739e-08 1.2559e-07
9.7817e-08 1.2559e-07
9.8246e-08 1.2559e-07
9.8677e-08 1.2559e-07
9.911e-08 1.2559e-07
9.9545e-08 1.2559e-07
9.9982e-08 1.2559e-07
1.0042e-07 1.2559e-07
1.0086e-07 1.2559e-07
1.013e-07 1.2559e-07
1.0175e-07 1.2559e-07
1.0219e-07 1.2559e-07
1.0264e-07 1.2559e-07
1.0309e-07 1.2559e-07
1.0354e-07 1.2559e-07
1.04e-07 1.2559e-07
1.0446e-07 1.2559e-07
1.0491e-07 1.2559e-07
1.0537e-07 1.2559e-07
1.0584e-07 1.2559e-07
1.063e-07 1.2559e-07
1.0677e-07 1.2559e-07
1.0724e-07 1.2559e-07
1.0771e-07 1.2559e-07
1.0818e-07 1.2559e-07
1.0865e-07 1.2559e-07
1.0913e-07 1.2559e-07
1.0961e-07 1.2559e-07
1.1009e-07 1.2559e-07
1.1057e-07 1.2559e-07
1.1106e-07 1.2559e-07
1.1154e-07 1.2559e-07
1.1203e-07 1.2559e-07
1.1252e-07 1.2559e-07
1.1302e-07 1.2559e-07
1.1351e-07 1.2559e-07
1.1401e-07 1.2559e-07
1.1451e-07 1.2559e-07
1.1501e-07 1.2559e-07
1.1552e-07 1.2559e-07
1.1603e-07 1.2559e-07
1.1653e-07 1.2559e-07
1.1705e-07 1.2559e-07
1.1756e-07 1.2559e-07
1.1808e-07 1.2559e-07
1.1859e-07 1.2559e-07
1.1911e-07 1.2559e-07
1.1964e-07 1.2559e-07
1.2016e-07 1.2559e-07
1.2069e-07 1.2559e-07
1.2122e-07 1.2559e-07
1.2175e-07 1.2559e-07
1.2228e-07 1.2559e-07
1.2282e-07 1.2559e-07
1.2336e-07 1.2559e-07
1.239e-07 1.2559e-07
1.2444e-07 1.2559e-07
1.2499e-07 1.2559e-07
1.2554e-07 1.2559e-07
1.2609e-07 1.2559e-07
1.2664e-07 1.2559e-07
1.272e-07 1.2559e-07
1.2775e-07 1.2559e-07
1.2831e-07 1.2559e-07
1.2888e-07 1.2559e-07
1.2944e-07 1.2559e-07
1.3001e-07 1.2559e-07
1.3058e-07 1.2559e-07
1.3115e-07 1.2559e-07
1.3173e-07 1.2559e-07
1.3231e-07 1.2559e-07
1.3289e-07 1.2559e-07
1.3347e-07 1.2559e-07
1.3406e-07 1.2559e-07
1.3464e-07 1.2559e-07
1.3524e-07 1.2559e-07
1.3583e-07 1.2559e-07
1.3642e-07 1.2559e-07
1.3702e-07 1.2559e-07
1.3762e-07 1.2559e-07
1.3823e-07 1.2559e-07
1.3883e-07 1.2559e-07
1.3944e-07 1.2559e-07
1.4005e-07 1.2559e-07
1.4067e-07 1.2559e-07
1.4129e-07 1.2559e-07
1.4191e-07 1.2559e-07
1.4253e-07 1.2559e-07
1.4315e-07 1.2559e-07
1.4378e-07 1.2559e-07
1.4441e-07 1.2559e-07
1.4505e-07 1.2559e-07
1.4568e-07 1.2559e-07
1.4632e-07 1.2559e-07
1.4696e-07 1.2559e-07
1.4761e-07 1.2559e-07
1.4826e-07 1.2559e-07
1.4891e-07 1.2559e-07
1.4956e-07 1.2559e-07
1.5021e-07 1.2559e-07
1.5087e-07 1.2559e-07
1.5154e-07 1.2559e-07
1.522e-07 1.2559e-07
1.5287e-07 1.2559e-07
1.5354e-07 1.2559e-07
1.5421e-07 1.2559e-07
1.5489e-07 1.2559e-07
1.5557e-07 1.2559e-07
1.5625e-07 1.2559e-07
1.5694e-07 1.2559e-07
1.5762e-07 1.2559e-07
1.5832e-07 1.2559e-07
1.5901e-07 1.2559e-07
1.5971e-07 1.2559e-07
1.6041e-07 1.2559e-07
1.6111e-07 1.2559e-07
1.6182e-07 1.2559e-07
1.6253e-07 1.2559e-07
1.6324e-07 1.2559e-07
1.6396e-07 1.2559e-07
1.6468e-07 1.2559e-07
1.654e-07 1.2559e-07
1.6613e-07 1.2559e-07
1.6685e-07 1.2559e-07
1.6759e-07 1.2559e-07
1.6832e-07 1.2559e-07
1.6906e-07 1.2559e-07
1.698e-07 1.2559e-07
1.7055e-07 1.2559e-07
1.7129e-07 1.2559e-07
1.7205e-07 1.2559e-07
1.728e-07 1.2559e-07
1.7356e-07 1.2559e-07
1.7432e-07 1.2559e-07
1.7508e-07 1.2559e-07
1.7585e-07 1.2559e-07
1.7662e-07 1.2559e-07
1.774e-07 1.2559e-07
1.7818e-07 1.2559e-07
1.7896e-07 1.2559e-07
1.7974e-07 1.2559e-07
1.8053e-07 1.2559e-07
1.8132e-07 1.2559e-07
1.8212e-07 1.2559e-07
1.8292e-07 1.2559e-07
1.8372e-07 1.2559e-07
1.8453e-07 1.2559e-07
1.8534e-07 1.2559e-07
1.8615e-07 1.2559e-07
1.8697e-07 1.2559e-07
1.8779e-07 1.2559e-07
1.8861e-07 1.2559e-07
1.8944e-07 1.2559e-07
1.9027e-07 1.2559e-07
1.911e-07 1.2559e-07
1.9194e-07 1.2559e-07
1.9278e-07 1.2559e-07
1.9363e-07 1.2559e-07
1.9448e-07 1.2559e-07
1.9533e-07 1.2559e-07
1.9619e-07 1.2559e-07
1.9705e-07 1.2559e-07
1.9791e-07 1.2559e-07
1.9878e-07 1.2559e-07
1.9965e-07 1.2559e-07
2.0053e-07 1.2559e-07
2.0141e-07 1.2559e-07
2.0229e-07 1.2559e-07
2.0318e-07 1.2559e-07
2.0407e-07 1.2559e-07
2.0497e-07 1.2559e-07
2.0587e-07 1.2559e-07
2.0677e-07 1.2559e-07
2.0768e-07 1.2559e-07
2.0859e-07 1.2559e-07
2.095e-07 1.2559e-07
2.1042e-07 1.2559e-07
2.1134e-07 1.2559e-07
2.1227e-07 1.2559e-07
2.132e-07 1.2559e-07
2.1414e-07 1.2559e-07
2.1508e-07 1.2559e-07
2.1602e-07 1.2559e-07
2.1697e-07 1.2559e-07
2.1792e-07 1.2559e-07
2.1888e-07 1.2559e-07
2.1984e-07 1.2559e-07
2.208e-07 1.2559e-07
2.2177e-07 1.2559e-07
2.2274e-07 1.2559e-07
2.2372e-07 1.2559e-07
2.247e-07 1.2559e-07
2.2569e-07 1.2559e-07
2.2668e-07 1.2559e-07
2.2767e-07 1.2559e-07
2.2867e-07 1.2559e-07
2.2967e-07 1.2559e-07
2.3068e-07 1.2559e-07
2.3169e-07 1.2559e-07
2.3271e-07 1.2559e-07
2.3373e-07 1.2559e-07
2.3475e-07 1.2559e-07
2.3578e-07 1.2559e-07
2.3682e-07 1.2559e-07
2.3786e-07 1.2559e-07
2.389e-07 1.2559e-07
2.3995e-07 1.2559e-07
2.41e-07 1.2559e-07
2.4206e-07 1.2559e-07
2.4312e-07 1.2559e-07
2.4419e-07 1.2559e-07
2.4526e-07 1.2559e-07
2.4633e-07 1.2559e-07
2.4741e-07 1.2559e-07
2.485e-07 1.2559e-07
2.4959e-07 1.2559e-07
2.5069e-07 1.2559e-07
2.5178e-07 1.2559e-07
2.5289e-07 1.2559e-07
2.54e-07 1.2559e-07
2.5511e-07 1.2559e-07
2.5623e-07 1.2559e-07
2.5736e-07 1.2559e-07
2.5849e-07 1.2559e-07
2.5962e-07 1.2559e-07
2.6076e-07 1.2559e-07
2.619e-07 1.2559e-07
2.6305e-07 1.2559e-07
2.642e-07 1.2559e-07
2.6536e-07 1.2559e-07
2.6653e-07 1.2559e-07
2.677e-07 1.2559e-07
2.6887e-07 1.2559e-07
2.7005e-07 1.2559e-07
2.7124e-07 1.2559e-07
2.7243e-07 1.2559e-07
2.7362e-07 1.2559e-07
2.7482e-07 1.2559e-07
2.7603e-07 1.2559e-07
2.7724e-07 1.2559e-07
2.7845e-07 1.2559e-07
2.7967e-07 1.2559e-07
2.809e-07 1.2559e-07
2.8213e-07 1.2559e-07
2.8337e-07 1.2559e-07
2.8461e-07 1.2559e-07
2.8586e-07 1.2559e-07
2.8712e-07 1.2559e-07
2.8838e-07 1.2559e-07
2.8964e-07 1.2559e-07
2.9091e-07 1.2559e-07
2.9219e-07 1.2559e-07
2.9347e-07 1.2559e-07
2.9476e-07 1.2559e-07
2.9605e-07 1.2559e-07
2.9735e-07 1.2559e-07
2.9865e-07 1.2559e-07
2.9996e-07 1.2559e-07
3.0128e-07 1.2559e-07
3.026e-07 1.2559e-07
3.0393e-07 1.2559e-07
3.0526e-07 1.2559e-07
3.066e-07 1.2559e-07
3.0795e-07 1.2559e-07
3.093e-07 1.2559e-07
3.1065e-07 1.2559e-07
3.1202e-07 1.2559e-07
3.1339e-07 1.2559e-07
3.1476e-07 1.2559e-07
3.1614e-07 1.2559e-07
3.1753e-07 1.2559e-07
3.1892e-07 1.2559e-07
3.2032e-07 1.2559e-07
3.2173e-07 1.2559e-07
3.2314e-07 1.2559e-07
3.2455e-07 1.2559e-07
3.2598e-07 1.2559e-07
3.2741e-07 1.2559e-07
3.2884e-07 1.2559e-07
3.3029e-07 1.2559e-07
3.3174e-07 1.2559e-07
3.3319e-07 1.2559e-07
3.3465e-07 1.2559e-07
3.3612e-07 1.2559e-07
3.376e-07 1.2559e-07
3.3908e-07 1.2559e-07
3.4056e-07 1.2559e-07
3.4206e-07 1.2559e-07
3.4356e-07 1.2559e-07
3.4507e-07 1.2559e-07
3.4658e-07 1.2559e-07
3.481e-07 1.2559e-07
3.4963e-07 1.2559e-07
3.5116e-07 1.2559e-07
3.527e-07 1.2559e-07
3.5425e-07 1.2559e-07
3.558e-07 1.2559e-07
3.5736e-07 1.2559e-07
3.5893e-07 1.2559e-07
3.605e-07 1.2559e-07
3.6209e-07 1.2559e-07
3.6367e-07 1.2559e-07
3.6527e-07 1.2559e-07
3.6687e-07 1.2559e-07
3.6848e-07 1.2559e-07
3.701e-07 1.2559e-07
3.7172e-07 1.2559e-07
3.7335e-07 1.2559e-07
3.7499e-07 1.2559e-07
3.7664e-07 1.2559e-07
3.7829e-07 1.2559e-07
3.7995e-07 1.2559e-07
3.8161e-07 1.2559e-07
3.8329e-07 1.2559e-07
3.8497e-07 1.2559e-07
3.8666e-07 1.2559e-07
3.8835e-07 1.2559e-07
3.9006e-07 1.2559e-07
3.9177e-07 1.2559e-07
3.9349e-07 1.2559e-07
3.9521e-07 1.2559e-07
3.9695e-07 1.2559e-07
3.9869e-07 1.2559e-07
4.0044e-07 1.2559e-07
4.0219e-07 1.2559e-07
4.0396e-07 1.2559e-07
4.0573e-07 1.2559e-07
4.0751e-07 1.2559e-07
4.093e-07 1.2559e-07
4.1109e-07 1.2559e-07
4.129e-07 1.2559e-07
4.1471e-07 1.2559e-07
4.1653e-07 1.2559e-07
4.1835e-07 1.2559e-07
4.2019e-07 1.2559e-07
4.2203e-07 1.2559e-07
4.2388e-07 1.2559e-07
4.2574e-07 1.2559e-07
4.2761e-07 1.2559e-07
4.2949e-07 1.2559e-07
4.3137e-07 1.2559e-07
4.3326e-07 1.2559e-07
4.3516e-07 1.2559e-07
4.3707e-07 1.2559e-07
4.3899e-07 1.2559e-07
4.4092e-07 1.2559e-07
4.4285e-07 1.2559e-07
4.4479e-07 1.2559e-07
4.4674e-07 1.2559e-07
4.487e-07 1.2559e-07
4.5067e-07 1.2559e-07
4.5265e-07 1.2559e-07
4.5464e-07 1.2559e-07
4.5663e-07 1.2559e-07
4.5863e-07 1.2559e-07
4.6065e-07 1.2559e-07
4.6267e-07 1.2559e-07
4.647e-07 1.2559e-07
4.6673e-07 1.2559e-07
4.6878e-07 1.2559e-07
4.7084e-07 1.2559e-07
4.729e-07 1.2559e-07
4.7498e-07 1.2559e-07
4.7706e-07 1.2559e-07
4.7915e-07 1.2559e-07
4.8126e-07 1.2559e-07
4.8337e-07 1.2559e-07
4.8549e-07 1.2559e-07
4.8762e-07 1.2559e-07
4.8976e-07 1.2559e-07
4.9191e-07 1.2559e-07
4.9406e-07 1.2559e-07
4.9623e-07 1.2559e-07
4.9841e-07 1.2559e-07
5.0059e-07 1.2559e-07
5.0279e-07 1.2559e-07
5.05e-07 1.2559e-07
5.0721e-07 1.2559e-07
5.0944e-07 1.2559e-07
5.1167e-07 1.2559e-07
5.1391e-07 1.2559e-07
5.1617e-07 1.2559e-07
5.1843e-07 1.2559e-07
5.2071e-07 1.2559e-07
5.2299e-07 1.2559e-07
5.2529e-07 1.2559e-07
5.2759e-07 1.2559e-07
5.2991e-07 1.2559e-07
5.3223e-07 1.2559e-07
5.3456e-07 1.2559e-07
5.3691e-07 1.2559e-07
5.3926e-07 1.2559e-07
5.4163e-07 1.2559e-07
5.4401e-07 1.2559e-07
5.4639e-07 1.2559e-07
5.4879e-07 1.2559e-07
5.512e-07 1.2559e-07
5.5362e-07 1.2559e-07
5.5604e-07 1.2559e-07
5.5848e-07 1.2559e-07
5.6093e-07 1.2559e-07
5.6339e-07 1.2559e-07
5.6587e-07 1.2559e-07
5.6835e-07 1.2559e-07
5.7084e-07 1.2559e-07
5.7334e-07 1.2559e-07
5.7586e-07 1.2559e-07
5.7839e-07 1.2559e-07
5.8092e-07 1.2559e-07
5.8347e-07 1.2559e-07
5.8603e-07 1.2559e-07
5.886e-07 1.2559e-07
5.9118e-07 1.2559e-07
5.9378e-07 1.2559e-07
5.9638e-07 1.2559e-07
5.99e-07 1.2559e-07
6.0163e-07 1.2559e-07
6.0427e-07 1.2559e-07
6.0692e-07 1.2559e-07
6.0958e-07 1.2559e-07
6.1225e-07 1.2559e-07
6.1494e-07 1.2559e-07
6.1764e-07 1.2559e-07
6.2035e-07 1.2559e-07
6.2307e-07 1.2559e-07
6.258e-07 1.2559e-07
6.2855e-07 1.2559e-07
6.313e-07 1.2559e-07
6.3407e-07 1.2559e-07
6.3685e-07 1.2559e-07
6.3965e-07 1.2559e-07
6.4245e-07 1.2559e-07
6.4527e-07 1.2559e-07
6.481e-07 1.2559e-07
6.5095e-07 1.2559e-07
6.538e-07 1.2559e-07
6.5667e-07 1.2559e-07
6.5955e-07 1.2559e-07
6.6244e-07 1.2559e-07
6.6535e-07 1.2559e-07
6.6827e-07 1.2559e-07
6.712e-07 1.2559e-07
6.7414e-07 1.2559e-07
6.771e-07 1.2559e-07
6.8007e-07 1.2559e-07
6.8305e-07 1.2559e-07
6.8605e-07 1.2559e-07
6.8906e-07 1.2559e-07
6.9208e-07 1.2559e-07
6.9512e-07 1.2559e-07
6.9817e-07 1.2559e-07
7.0123e-07 1.2559e-07
7.0431e-07 1.2559e-07
7.074e-07 1.2559e-07
7.105e-07 1.2559e-07
7.1362e-07 1.2559e-07
7.1675e-07 1.2559e-07
7.1989e-07 1.2559e-07
7.2305e-07 1.2559e-07
7.2622e-07 1.2559e-07
7.2941e-07 1.2559e-07
7.3261e-07 1.2559e-07
7.3582e-07 1.2559e-07
7.3905e-07 1.2559e-07
7.4229e-07 1.2559e-07
7.4555e-07 1.2559e-07
7.4882e-07 1.2559e-07
7.521e-07 1.2559e-07
7.554e-07 1.2559e-07
7.5872e-07 1.2559e-07
7.6204e-07 1.2559e-07
7.6539e-07 1.2559e-07
7.6875e-07 1.2559e-07
7.7212e-07 1.2559e-07
7.755e-07 1.2559e-07
7.7891e-07 1.2559e-07
7.8232e-07 1.2559e-07
7.8576e-07 1.2559e-07
7.892e-07 1.2559e-07
7.9266e-07 1.2559e-07
7.9614e-07 1.2559e-07
7.9963e-07 1.2559e-07
8.0314e-07 1.2559e-07
8.0667e-07 1.2559e-07
8.102e-07 1.2559e-07
8.1376e-07 1.2559e-07
8.1733e-07 1.2559e-07
8.2091e-07 1.2559e-07
8.2451e-07 1.2559e-07
8.2813e-07 1.2559e-07
8.3176e-07 1.2559e-07
8.3541e-07 1.2559e-07
8.3908e-07 1.2559e-07
8.4276e-07 1.2559e-07
8.4646e-07 1.2559e-07
8.5017e-07 1.2559e-07
8.539e-07 1.2559e-07
8.5764e-07 1.2559e-07
8.6141e-07 1.2559e-07
8.6519e-07 1.2559e-07
8.6898e-07 1.2559e-07
8.7279e-07 1.2559e-07
8.7662e-07 1.2559e-07
8.8047e-07 1.2559e-07
8.8433e-07 1.2559e-07
8.8821e-07 1.2559e-07
8.9211e-07 1.2559e-07
8.9602e-07 1.2559e-07
8.9995e-07 1.2559e-07
9.039e-07 1.2559e-07
9.0786e-07 1.2559e-07
9.1184e-07 1.2559e-07
9.1584e-07 1.2559e-07
9.1986e-07 1.2559e-07
9.239e-07 1.2559e-07
9.2795e-07 1.2559e-07
9.3202e-07 1.2559e-07
9.3611e-07 1.2559e-07
9.4022e-07 1.2559e-07
9.4434e-07 1.2559e-07
9.4848e-07 1.2559e-07
9.5264e-07 1.2559e-07
9.5682e-07 1.2559e-07
9.6102e-07 1.2559e-07
9.6524e-07 1.2559e-07
9.6947e-07 1.2559e-07
9.7372e-07 1.2559e-07
9.78e-07 1.2559e-07
9.8229e-07 1.2559e-07
9.8659e-07 1.2559e-07
9.9092e-07 1.2559e-07
9.9527e-07 1.2559e-07
9.9964e-07 1.2559e-07
1.004e-06 1.2559e-07
1.0084e-06 1.2559e-07
1.0128e-06 1.2559e-07
1.0173e-06 1.2559e-07
1.0218e-06 1.2559e-07
1.0262e-06 1.2559e-07
1.0307e-06 1.2559e-07
1.0353e-06 1.2559e-07
1.0398e-06 1.2559e-07
1.0444e-06 1.2559e-07
1.0489e-06 1.2559e-07
1.0535e-06 1.2559e-07
1.0582e-06 1.2559e-07
1.0628e-06 1.2559e-07
1.0675e-06 1.2559e-07
1.0722e-06 1.2559e-07
1.0769e-06 1.2559e-07
1.0816e-06 1.2559e-07
1.0863e-06 1.2559e-07
1.0911e-06 1.2559e-07
1.0959e-06 1.2559e-07
1.1007e-06 1.2559e-07
1.1055e-06 1.2559e-07
1.1104e-06 1.2559e-07
1.1152e-06 1.2559e-07
1.1201e-06 1.2559e-07
1.125e-06 1.2559e-07
1.13e-06 1.2559e-07
1.1349e-06 1.2559e-07
1.1399e-06 1.2559e-07
1.1449e-06 1.2559e-07
1.1499e-06 1.2559e-07
1.155e-06 1.2559e-07
1.16e-06 1.2559e-07
1.1651e-06 1.2559e-07
1.1702e-06 1.2559e-07
1.1754e-06 1.2559e-07
1.1805e-06 1.2559e-07
1.1857e-06 1.2559e-07
1.1909e-06 1.2559e-07
1.1961e-06 1.2559e-07
1.2014e-06 1.2559e-07
1.2067e-06 1.2559e-07
1.212e-06 1.2559e-07
1.2173e-06 1.2559e-07
1.2226e-06 1.2559e-07
1.228e-06 1.2559e-07
1.2334e-06 1.2559e-07
1.2388e-06 1.2559e-07
1.2442e-06 1.2559e-07
1.2497e-06 1.2559e-07
1.2551e-06 1.2559e-07
1.2606e-06 1.2559e-07
1.2662e-06 1.2559e-07
1.2717e-06 1.2559e-07
1.2773e-06 1.2559e-07
1.2829e-06 1.2559e-07
1.2885e-06 1.2559e-07
1.2942e-06 1.2559e-07
1.2999e-06 1.2559e-07
1.3056e-06 1.2559e-07
1.3113e-06 1.2559e-07
1.3171e-06 1.2559e-07
1.3228e-06 1.2559e-07
1.3286e-06 1.2559e-07
1.3345e-06 1.2559e-07
1.3403e-06 1.2559e-07
1.3462e-06 1.2559e-07
1.3521e-06 1.2559e-07
1.358e-06 1.2559e-07
1.364e-06 1.2559e-07
1.37e-06 1.2559e-07
1.376e-06 1.2559e-07
1.382e-06 1.2559e-07
1.3881e-06 1.2559e-07
1.3942e-06 1.2559e-07
1.4003e-06 1.2559e-07
1.4064e-06 1.2559e-07
1.4126e-06 1.2559e-07
1.4188e-06 1.2559e-07
1.425e-06 1.2559e-07
1.4313e-06 1.2559e-07
1.4376e-06 1.2559e-07
1.4439e-06 1.2559e-07
1.4502e-06 1.2559e-07
1.4566e-06 1.2559e-07
1.4629e-06 1.2559e-07
1.4694e-06 1.2559e-07
1.4758e-06 1.2559e-07
1.4823e-06 1.2559e-07
1.4888e-06 1.2559e-07
1.4953e-06 1.2559e-07
1.5019e-06 1.2559e-07
1.5085e-06 1.2559e-07
1.5151e-06 1.2559e-07
1.5217e-06 1.2559e-07
1.5284e-06 1.2559e-07
1.5351e-06 1.2559e-07
1.5418e-06 1.2559e-07
1.5486e-06 1.2559e-07
1.5554e-06 1.2559e-07
1.5622e-06 1.2559e-07
1.5691e-06 1.2559e-07
1.576e-06 1.2559e-07
1.5829e-06 1.2559e-07
1.5898e-06 1.2559e-07
1.5968e-06 1.2559e-07
1.6038e-06 1.2559e-07
1.6108e-06 1.2559e-07
1.6179e-06 1.2559e-07
1.625e-06 1.2559e-07
1.6321e-06 1.2559e-07
1.6393e-06 1.2559e-07
1.6465e-06 1.2559e-07
1.6537e-06 1.2559e-07
1.661e-06 1.2559e-07
1.6682e-06 1.2559e-07
1.6756e-06 1.2559e-07
1.6829e-06 1.2559e-07
1.6903e-06 1.2559e-07
1.6977e-06 1.2559e-07
1.7051e-06 1.2559e-07
1.7126e-06 1.2559e-07
1.7201e-06 1.2559e-07
1.7277e-06 1.2559e-07
1.7353e-06 1.2559e-07
1.7429e-06 1.2559e-07
1.7505e-06 1.2559e-07
1.7582e-06 1.2559e-07
1.7659e-06 1.2559e-07
1.7737e-06 1.2559e-07
1.7814e-06 1.2559e-07
1.7893e-06 1.2559e-07
1.7971e-06 1.2559e-07
1.805e-06 1.2559e-07
1.8129e-06 1.2559e-07
1.8209e-06 1.2559e-07
1.8289e-06 1.2559e-07
1.8369e-06 1.2559e-07
1.8449e-06 1.2559e-07
1.853e-06 1.2559e-07
1.8612e-06 1.2559e-07
1.8693e-06 1.2559e-07
1.8775e-06 1.2559e-07
1.8858e-06 1.2559e-07
1.894e-06 1.2559e-07
1.9023e-06 1.2559e-07
1.9107e-06 1.2559e-07
1.9191e-06 1.2559e-07
1.9275e-06 1.2559e-07
1.9359e-06 1.2559e-07
1.9444e-06 1.2559e-07
1.953e-06 1.2559e-07
1.9615e-06 1.2559e-07
1.9701e-06 1.2559e-07
1.9788e-06 1.2559e-07
1.9875e-06 1.2559e-07
1.9962e-06 1.2559e-07
2.0049e-06 1.2559e-07
2.0137e-06 1.2559e-07
2.0226e-06 1.2559e-07
2.0314e-06 1.2559e-07
2.0403e-06 1.2559e-07
2.0493e-06 1.2559e-07
2.0583e-06 1.2559e-07
2.0673e-06 1.2559e-07
2.0764e-06 1.2559e-07
2.0855e-06 1.2559e-07
2.0946e-06 1.2559e-07
2.1038e-06 1.2559e-07
2.1131e-06 1.2559e-07
2.1223e-06 1.2559e-07
2.1316e-06 1.2559e-07
2.141e-06 1.2559e-07
2.1504e-06 1.2559e-07
2.1598e-06 1.2559e-07
2.1693e-06 1.2559e-07
2.1788e-06 1.2559e-07
2.1884e-06 1.2559e-07
2.198e-06 1.2559e-07
2.2076e-06 1.2559e-07
2.2173e-06 1.2559e-07
2.227e-06 1.2559e-07
2.2368e-06 1.2559e-07
2.2466e-06 1.2559e-07
2.2565e-06 1.2559e-07
2.2663e-06 1.2559e-07
2.2763e-06 1.2559e-07
2.2863e-06 1.2559e-07
2.2963e-06 1.2559e-07
2.3064e-06 1.2559e-07
2.3165e-06 1.2559e-07
2.3267e-06 1.2559e-07
2.3369e-06 1.2559e-07
2.3471e-06 1.2559e-07
2.3574e-06 1.2559e-07
2.3678e-06 1.2559e-07
2.3781e-06 1.2559e-07
2.3886e-06 1.2559e-07
2.3991e-06 1.2559e-07
2.4096e-06 1.2559e-07
2.4201e-06 1.2559e-07
2.4308e-06 1.2559e-07
2.4414e-06 1.2559e-07
2.4521e-06 1.2559e-07
2.4629e-06 1.2559e-07
2.4737e-06 1.2559e-07
2.4845e-06 1.2559e-07
2.4954e-06 1.2559e-07
2.5064e-06 1.2559e-07
2.5174e-06 1.2559e-07
2.5284e-06 1.2559e-07
2.5395e-06 1.2559e-07
2.5507e-06 1.2559e-07
2.5619e-06 1.2559e-07
2.5731e-06 1.2559e-07
2.5844e-06 1.2559e-07
2.5957e-06 1.2559e-07
2.6071e-06 1.2559e-07
2.6185e-06 1.2559e-07
2.63e-06 1.2559e-07
2.6416e-06 1.2559e-07
2.6532e-06 1.2559e-07
2.6648e-06 1.2559e-07
2.6765e-06 1.2559e-07
2.6882e-06 1.2559e-07
2.7e-06 1.2559e-07
2.7119e-06 1.2559e-07
2.7238e-06 1.2559e-07
2.7357e-06 1.2559e-07
2.7477e-06 1.2559e-07
2.7598e-06 1.2559e-07
2.7719e-06 1.2559e-07
2.784e-06 1.2559e-07
2.7962e-06 1.2559e-07
2.8085e-06 1.2559e-07
2.8208e-06 1.2559e-07
2.8332e-06 1.2559e-07
2.8456e-06 1.2559e-07
2.8581e-06 1.2559e-07
2.8707e-06 1.2559e-07
2.8832e-06 1.2559e-07
2.8959e-06 1.2559e-07
2.9086e-06 1.2559e-07
2.9214e-06 1.2559e-07
2.9342e-06 1.2559e-07
2.947e-06 1.2559e-07
2.96e-06 1.2559e-07
2.973e-06 1.2559e-07
2.986e-06 1.2559e-07
2.9991e-06 1.2559e-07
3.0123e-06 1.2559e-07
3.0255e-06 1.2559e-07
3.0387e-06 1.2559e-07
3.0521e-06 1.2559e-07
3.0655e-06 1.2559e-07
3.0789e-06 1.2559e-07
3.0924e-06 1.2559e-07
3.106e-06 1.2559e-07
3.1196e-06 1.2559e-07
3.1333e-06 1.2559e-07
3.147e-06 1.2559e-07
3.1608e-06 1.2559e-07
3.1747e-06 1.2559e-07
3.1886e-06 1.2559e-07
3.2026e-06 1.2559e-07
3.2167e-06 1.2559e-07
3.2308e-06 1.2559e-07
3.245e-06 1.2559e-07
3.2592e-06 1.2559e-07
3.2735e-06 1.2559e-07
3.2878e-06 1.2559e-07
3.3023e-06 1.2559e-07
3.3168e-06 1.2559e-07
3.3313e-06 1.2559e-07
3.3459e-06 1.2559e-07
3.3606e-06 1.2559e-07
3.3753e-06 1.2559e-07
3.3901e-06 1.2559e-07
3.405e-06 1.2559e-07
3.42e-06 1.2559e-07
3.435e-06 1.2559e-07
3.45e-06 1.2559e-07
3.4652e-06 1.2559e-07
3.4804e-06 1.2559e-07
3.4956e-06 1.2559e-07
3.511e-06 1.2559e-07
3.5264e-06 1.2559e-07
3.5418e-06 1.2559e-07
3.5574e-06 1.2559e-07
3.573e-06 1.2559e-07
3.5886e-06 1.2559e-07
3.6044e-06 1.2559e-07
3.6202e-06 1.2559e-07
3.6361e-06 1.2559e-07
3.652e-06 1.2559e-07
3.6681e-06 1.2559e-07
3.6841e-06 1.2559e-07
3.7003e-06 1.2559e-07
3.7165e-06 1.2559e-07
3.7328e-06 1.2559e-07
3.7492e-06 1.2559e-07
3.7657e-06 1.2559e-07
3.7822e-06 1.2559e-07
3.7988e-06 1.2559e-07
3.8154e-06 1.2559e-07
3.8322e-06 1.2559e-07
3.849e-06 1.2559e-07
3.8659e-06 1.2559e-07
3.8828e-06 1.2559e-07
3.8999e-06 1.2559e-07
3.917e-06 1.2559e-07
3.9342e-06 1.2559e-07
3.9514e-06 1.2559e-07
3.9687e-06 1.2559e-07
3.9862e-06 1.2559e-07
4.0036e-06 1.2559e-07
4.0212e-06 1.2559e-07
4.0388e-06 1.2559e-07
4.0566e-06 1.2559e-07
4.0744e-06 1.2559e-07
4.0922e-06 1.2559e-07
4.1102e-06 1.2559e-07
4.1282e-06 1.2559e-07
4.1463e-06 1.2559e-07
4.1645e-06 1.2559e-07
4.1828e-06 1.2559e-07
4.2011e-06 1.2559e-07
4.2196e-06 1.2559e-07
4.2381e-06 1.2559e-07
4.2567e-06 1.2559e-07
4.2753e-06 1.2559e-07
4.2941e-06 1.2559e-07
4.3129e-06 1.2559e-07
4.3319e-06 1.2559e-07
4.3509e-06 1.2559e-07
4.3699e-06 1.2559e-07
4.3891e-06 1.2559e-07
4.4084e-06 1.2559e-07
4.4277e-06 1.2559e-07
4.4471e-06 1.2559e-07
4.4666e-06 1.2559e-07
4.4862e-06 1.2559e-07
4.5059e-06 1.2559e-07
4.5257e-06 1.2559e-07
4.5455e-06 1.2559e-07
4.5655e-06 1.2559e-07
4.5855e-06 1.2559e-07
4.6056e-06 1.2559e-07
4.6258e-06 1.2559e-07
4.6461e-06 1.2559e-07
4.6665e-06 1.2559e-07
4.687e-06 1.2559e-07
4.7075e-06 1.2559e-07
4.7282e-06 1.2559e-07
4.7489e-06 1.2559e-07
4.7697e-06 1.2559e-07
4.7907e-06 1.2559e-07
4.8117e-06 1.2559e-07
4.8328e-06 1.2559e-07
4.854e-06 1.2559e-07
4.8753e-06 1.2559e-07
4.8967e-06 1.2559e-07
4.9182e-06 1.2559e-07
4.9397e-06 1.2559e-07
4.9614e-06 1.2559e-07
4.9832e-06 1.2559e-07
5.005e-06 1.2559e-07
5.027e-06 1.2559e-07
5.049e-06 1.2559e-07
5.0712e-06 1.2559e-07
5.0934e-06 1.2559e-07
5.1158e-06 1.2559e-07
5.1382e-06 1.2559e-07
5.1608e-06 1.2559e-07
5.1834e-06 1.2559e-07
5.2061e-06 1.2559e-07
5.229e-06 1.2559e-07
5.2519e-06 1.2559e-07
5.2749e-06 1.2559e-07
5.2981e-06 1.2559e-07
5.3213e-06 1.2559e-07
5.3447e-06 1.2559e-07
5.3681e-06 1.2559e-07
5.3917e-06 1.2559e-07
5.4153e-06 1.2559e-07
5.4391e-06 1.2559e-07
5.4629e-06 1.2559e-07
5.4869e-06 1.2559e-07
5.511e-06 1.2559e-07
5.5351e-06 1.2559e-07
5.5594e-06 1.2559e-07
5.5838e-06 1.2559e-07
5.6083e-06 1.2559e-07
5.6329e-06 1.2559e-07
5.6576e-06 1.2559e-07
5.6824e-06 1.2559e-07
5.7074e-06 1.2559e-07
5.7324e-06 1.2559e-07
5.7576e-06 1.2559e-07
5.7828e-06 1.2559e-07
5.8082e-06 1.2559e-07
5.8337e-06 1.2559e-07
5.8592e-06 1.2559e-07
5.885e-06 1.2559e-07
5.9108e-06 1.2559e-07
5.9367e-06 1.2559e-07
5.9627e-06 1.2559e-07
5.9889e-06 1.2559e-07
6.0152e-06 1.2559e-07
6.0416e-06 1.2559e-07
6.0681e-06 1.2559e-07
6.0947e-06 1.2559e-07
6.1214e-06 1.2559e-07
6.1483e-06 1.2559e-07
6.1752e-06 1.2559e-07
6.2023e-06 1.2559e-07
6.2295e-06 1.2559e-07
6.2569e-06 1.2559e-07
6.2843e-06 1.2559e-07
6.3119e-06 1.2559e-07
6.3396e-06 1.2559e-07
6.3674e-06 1.2559e-07
6.3953e-06 1.2559e-07
6.4234e-06 1.2559e-07
6.4515e-06 1.2559e-07
6.4798e-06 1.2559e-07
6.5083e-06 1.2559e-07
6.5368e-06 1.2559e-07
6.5655e-06 1.2559e-07
6.5943e-06 1.2559e-07
6.6232e-06 1.2559e-07
6.6523e-06 1.2559e-07
6.6815e-06 1.2559e-07
6.7108e-06 1.2559e-07
6.7402e-06 1.2559e-07
6.7698e-06 1.2559e-07
6.7995e-06 1.2559e-07
6.8293e-06 1.2559e-07
6.8593e-06 1.2559e-07
6.8894e-06 1.2559e-07
6.9196e-06 1.2559e-07
6.9499e-06 1.2559e-07
6.9804e-06 1.2559e-07
7.011e-06 1.2559e-07
7.0418e-06 1.2559e-07
7.0727e-06 1.2559e-07
7.1037e-06 1.2559e-07
7.1349e-06 1.2559e-07
7.1662e-06 1.2559e-07
7.1976e-06 1.2559e-07
7.2292e-06 1.2559e-07
7.2609e-06 1.2559e-07
7.2927e-06 1.2559e-07
7.3247e-06 1.2559e-07
7.3569e-06 1.2559e-07
7.3891e-06 1.2559e-07
7.4216e-06 1.2559e-07
7.4541e-06 1.2559e-07
7.4868e-06 1.2559e-07
7.5197e-06 1.2559e-07
7.5526e-06 1.2559e-07
7.5858e-06 1.2559e-07
7.6191e-06 1.2559e-07
7.6525e-06 1.2559e-07
7.686e-06 1.2559e-07
7.7198e-06 1.2559e-07
7.7536e-06 1.2559e-07
7.7876e-06 1.2559e-07
7.8218e-06 1.2559e-07
7.8561e-06 1.2559e-07
7.8906e-06 1.2559e-07
7.9252e-06 1.2559e-07
7.96e-06 1.2559e-07
7.9949e-06 1.2559e-07
8.03e-06 1.2559e-07
8.0652e-06 1.2559e-07
8.1006e-06 1.2559e-07
8.1361e-06 1.2559e-07
8.1718e-06 1.2559e-07
8.2076e-06 1.2559e-07
8.2436e-06 1.2559e-07
8.2798e-06 1.2559e-07
8.3161e-06 1.2559e-07
8.3526e-06 1.2559e-07
8.3892e-06 1.2559e-07
8.426e-06 1.2559e-07
8.463e-06 1.2559e-07
8.5001e-06 1.2559e-07
8.5374e-06 1.2559e-07
8.5749e-06 1.2559e-07
8.6125e-06 1.2559e-07
8.6503e-06 1.2559e-07
8.6882e-06 1.2559e-07
8.7263e-06 1.2559e-07
8.7646e-06 1.2559e-07
8.8031e-06 1.2559e-07
8.8417e-06 1.2559e-07
8.8805e-06 1.2559e-07
8.9194e-06 1.2559e-07
8.9586e-06 1.2559e-07
8.9979e-06 1.2559e-07
9.0373e-06 1.2559e-07
9.077e-06 1.2559e-07
9.1168e-06 1.2559e-07
9.1568e-06 1.2559e-07
9.1969e-06 1.2559e-07
9.2373e-06 1.2559e-07
9.2778e-06 1.2559e-07
9.3185e-06 1.2559e-07
9.3594e-06 1.2559e-07
9.4005e-06 1.2559e-07
9.4417e-06 1.2559e-07
9.4831e-06 1.2559e-07
9.5247e-06 1.2559e-07
9.5665e-06 1.2559e-07
9.6085e-06 1.2559e-07
9.6506e-06 1.2559e-07
9.6929e-06 1.2559e-07
9.7355e-06 1.2559e-07
9.7782e-06 1.2559e-07
9.8211e-06 1.2559e-07
9.8641e-06 1.2559e-07
9.9074e-06 1.2559e-07
9.9509e-06 1.2559e-07
9.9945e-06 1.2559e-07
1.0038e-05 1.2559e-07
1.0082e-05 1.2559e-07
1.0127e-05 1.2559e-07
1.0171e-05 1.2559e-07
1.0216e-05 1.2559e-07
1.0261e-05 1.2559e-07
1.0306e-05 1.2559e-07
1.0351e-05 1.2559e-07
1.0396e-05 1.2559e-07
1.0442e-05 1.2559e-07
1.0488e-05 1.2559e-07
1.0534e-05 1.2559e-07
1.058e-05 1.2559e-07
1.0626e-05 1.2559e-07
1.0673e-05 1.2559e-07
1.072e-05 1.2559e-07
1.0767e-05 1.2559e-07
1.0814e-05 1.2559e-07
1.0861e-05 1.2559e-07
1.0909e-05 1.2559e-07
1.0957e-05 1.2559e-07
1.1005e-05 1.2559e-07
1.1053e-05 1.2559e-07
1.1102e-05 1.2559e-07
1.115e-05 1.2559e-07
1.1199e-05 1.2559e-07
1.1248e-05 1.2559e-07
1.1298e-05 1.2559e-07
1.1347e-05 1.2559e-07
1.1397e-05 1.2559e-07
1.1447e-05 1.2559e-07
1.1497e-05 1.2559e-07
1.1548e-05 1.2559e-07
1.1598e-05 1.2559e-07
1.1649e-05 1.2559e-07
1.17e-05 1.2559e-07
1.1752e-05 1.2559e-07
1.1803e-05 1.2559e-07
1.1855e-05 1.2559e-07
1.1907e-05 1.2559e-07
1.1959e-05 1.2559e-07
1.2012e-05 1.2559e-07
1.2064e-05 1.2559e-07
1.2117e-05 1.2559e-07
1.217e-05 1.2559e-07
1.2224e-05 1.2559e-07
1.2277e-05 1.2559e-07
1.2331e-05 1.2559e-07
1.2385e-05 1.2559e-07
1.244e-05 1.2559e-07
1.2494e-05 1.2559e-07
1.2549e-05 1.2559e-07
1.2604e-05 1.2559e-07
1.2659e-05 1.2559e-07
1.2715e-05 1.2559e-07
1.2771e-05 1.2559e-07
1.2827e-05 1.2559e-07
1.2883e-05 1.2559e-07
1.294e-05 1.2559e-07
1.2996e-05 1.2559e-07
1.3053e-05 1.2559e-07
1.3111e-05 1.2559e-07
1.3168e-05 1.2559e-07
1.3226e-05 1.2559e-07
1.3284e-05 1.2559e-07
1.3342e-05 1.2559e-07
1.3401e-05 1.2559e-07
1.346e-05 1.2559e-07
1.3519e-05 1.2559e-07
1.3578e-05 1.2559e-07
1.3637e-05 1.2559e-07
1.3697e-05 1.2559e-07
1.3757e-05 1.2559e-07
1.3818e-05 1.2559e-07
1.3878e-05 1.2559e-07
1.3939e-05 1.2559e-07
1.4e-05 1.2559e-07
1.4062e-05 1.2559e-07
1.4123e-05 1.2559e-07
1.4185e-05 1.2559e-07
1.4248e-05 1.2559e-07
1.431e-05 1.2559e-07
1.4373e-05 1.2559e-07
1.4436e-05 1.2559e-07
1.4499e-05 1.2559e-07
1.4563e-05 1.2559e-07
1.4627e-05 1.2559e-07
1.4691e-05 1.2559e-07
1.4755e-05 1.2559e-07
1.482e-05 1.2559e-07
1.4885e-05 1.2559e-07
1.495e-05 1.2559e-07
1.5016e-05 1.2559e-07
1.5082e-05 1.2559e-07
1.5148e-05 1.2559e-07
1.5214e-05 1.2559e-07
1.5281e-05 1.2559e-07
1.5348e-05 1.2559e-07
1.5416e-05 1.2559e-07
1.5483e-05 1.2559e-07
1.5551e-05 1.2559e-07
1.5619e-05 1.2559e-07
1.5688e-05 1.2559e-07
1.5757e-05 1.2559e-07
1.5826e-05 1.2559e-07
1.5895e-05 1.2559e-07
1.5965e-05 1.2559e-07
1.6035e-05 1.2559e-07
1.6105e-05 1.2559e-07
1.6176e-05 1.2559e-07
1.6247e-05 1.2559e-07
1.6318e-05 1.2559e-07
1.639e-05 1.2559e-07
1.6462e-05 1.2559e-07
1.6534e-05 1.2559e-07
1.6606e-05 1.2559e-07
1.6679e-05 1.2559e-07
1.6752e-05 1.2559e-07
1.6826e-05 1.2559e-07
1.69e-05 1.2559e-07
1.6974e-05 1.2559e-07
1.7048e-05 1.2559e-07
1.7123e-05 1.2559e-07
1.7198e-05 1.2559e-07
1.7274e-05 1.2559e-07
1.735e-05 1.2559e-07
1.7426e-05 1.2559e-07
1.7502e-05 1.2559e-07
1.7579e-05 1.2559e-07
1.7656e-05 1.2559e-07
1.7733e-05 1.2559e-07
1.7811e-05 1.2559e-07
1.7889e-05 1.2559e-07
1.7968e-05 1.2559e-07
1.8047e-05 1.2559e-07
1.8126e-05 1.2559e-07
1.8205e-05 1.2559e-07
1.8285e-05 1.2559e-07
1.8365e-05 1.2559e-07
1.8446e-05 1.2559e-07
1.8527e-05 1.2559e-07
1.8608e-05 1.2559e-07
1.869e-05 1.2559e-07
1.8772e-05 1.2559e-07
1.8854e-05 1.2559e-07
1.8937e-05 1.2559e-07
1.902e-05 1.2559e-07
1.9103e-05 1.2559e-07
1.9187e-05 1.2559e-07
1.9271e-05 1.2559e-07
1.9356e-05 1.2559e-07
1.9441e-05 1.2559e-07
1.9526e-05 1.2559e-07
1.9612e-05 1.2559e-07
1.9698e-05 1.2559e-07
1.9784e-05 1.2559e-07
1.9871e-05 1.2559e-07
1.9958e-05 1.2559e-07
2.0046e-05 1.2559e-07
2.0134e-05 1.2559e-07
2.0222e-05 1.2559e-07
2.0311e-05 1.2559e-07
2.04e-05 1.2559e-07
2.0489e-05 1.2559e-07
2.0579e-05 1.2559e-07
2.0669e-05 1.2559e-07
2.076e-05 1.2559e-07
2.0851e-05 1.2559e-07
2.0943e-05 1.2559e-07
2.1034e-05 1.2559e-07
2.1127e-05 1.2559e-07
2.1219e-05 1.2559e-07
2.1312e-05 1.2559e-07
2.1406e-05 1.2559e-07
2.15e-05 1.2559e-07
2.1594e-05 1.2559e-07
2.1689e-05 1.2559e-07
2.1784e-05 1.2559e-07
2.188e-05 1.2559e-07
2.1976e-05 1.2559e-07
2.2072e-05 1.2559e-07
2.2169e-05 1.2559e-07
2.2266e-05 1.2559e-07
2.2364e-05 1.2559e-07
2.2462e-05 1.2559e-07
2.256e-05 1.2559e-07
2.2659e-05 1.2559e-07
2.2759e-05 1.2559e-07
2.2859e-05 1.2559e-07
2.2959e-05 1.2559e-07
2.306e-05 1.2559e-07
2.3161e-05 1.2559e-07
2.3262e-05 1.2559e-07
2.3364e-05 1.2559e-07
2.3467e-05 1.2559e-07
2.357e-05 1.2559e-07
2.3673e-05 1.2559e-07
2.3777e-05 1.2559e-07
2.3881e-05 1.2559e-07
2.3986e-05 1.2559e-07
2.4091e-05 1.2559e-07
2.4197e-05 1.2559e-07
2.4303e-05 1.2559e-07
2.441e-05 1.2559e-07
2.4517e-05 1.2559e-07
2.4624e-05 1.2559e-07
2.4732e-05 1.2559e-07
2.4841e-05 1.2559e-07
2.495e-05 1.2559e-07
2.5059e-05 1.2559e-07
2.5169e-05 1.2559e-07
2.528e-05 1.2559e-07
2.5391e-05 1.2559e-07
2.5502e-05 1.2559e-07
2.5614e-05 1.2559e-07
2.5726e-05 1.2559e-07
2.5839e-05 1.2559e-07
2.5952e-05 1.2559e-07
2.6066e-05 1.2559e-07
2.6181e-05 1.2559e-07
2.6296e-05 1.2559e-07
2.6411e-05 1.2559e-07
2.6527e-05 1.2559e-07
2.6643e-05 1.2559e-07
2.676e-05 1.2559e-07
2.6877e-05 1.2559e-07
2.6995e-05 1.2559e-07
2.7114e-05 1.2559e-07
2.7233e-05 1.2559e-07
2.7352e-05 1.2559e-07
2.7472e-05 1.2559e-07
2.7593e-05 1.2559e-07
2.7714e-05 1.2559e-07
2.7835e-05 1.2559e-07
2.7957e-05 1.2559e-07
2.808e-05 1.2559e-07
2.8203e-05 1.2559e-07
2.8327e-05 1.2559e-07
2.8451e-05 1.2559e-07
2.8576e-05 1.2559e-07
2.8701e-05 1.2559e-07
2.8827e-05 1.2559e-07
2.8954e-05 1.2559e-07
2.9081e-05 1.2559e-07
2.9208e-05 1.2559e-07
2.9336e-05 1.2559e-07
2.9465e-05 1.2559e-07
2.9594e-05 1.2559e-07
2.9724e-05 1.2559e-07
2.9855e-05 1.2559e-07
2.9985e-05 1.2559e-07
3.0117e-05 1.2559e-07
3.0249e-05 1.2559e-07
3.0382e-05 1.2559e-07
3.0515e-05 1.2559e-07
3.0649e-05 1.2559e-07
3.0783e-05 1.2559e-07
3.0918e-05 1.2559e-07
3.1054e-05 1.2559e-07
3.119e-05 1.2559e-07
3.1327e-05 1.2559e-07
3.1465e-05 1.2559e-07
3.1603e-05 1.2559e-07
3.1741e-05 1.2559e-07
3.188e-05 1.2559e-07
3.202e-05 1.2559e-07
3.2161e-05 1.2559e-07
3.2302e-05 1.2559e-07
3.2444e-05 1.2559e-07
3.2586e-05 1.2559e-07
3.2729e-05 1.2559e-07
3.2872e-05 1.2559e-07
3.3017e-05 1.2559e-07
3.3161e-05 1.2559e-07
3.3307e-05 1.2559e-07
3.3453e-05 1.2559e-07
3.36e-05 1.2559e-07
3.3747e-05 1.2559e-07
3.3895e-05 1.2559e-07
3.4044e-05 1.2559e-07
3.4193e-05 1.2559e-07
3.4343e-05 1.2559e-07
3.4494e-05 1.2559e-07
3.4645e-05 1.2559e-07
3.4797e-05 1.2559e-07
3.495e-05 1.2559e-07
3.5103e-05 1.2559e-07
3.5257e-05 1.2559e-07
3.5412e-05 1.2559e-07
3.5567e-05 1.2559e-07
3.5723e-05 1.2559e-07
3.588e-05 1.2559e-07
3.6037e-05 1.2559e-07
3.6195e-05 1.2559e-07
3.6354e-05 1.2559e-07
3.6514e-05 1.2559e-07
3.6674e-05 1.2559e-07
3.6835e-05 1.2559e-07
3.6996e-05 1.2559e-07
3.7159e-05 1.2559e-07
3.7322e-05 1.2559e-07
3.7485e-05 1.2559e-07
3.765e-05 1.2559e-07
3.7815e-05 1.2559e-07
3.7981e-05 1.2559e-07
3.8147e-05 1.2559e-07
3.8315e-05 1.2559e-07
3.8483e-05 1.2559e-07
3.8652e-05 1.2559e-07
3.8821e-05 1.2559e-07
3.8992e-05 1.2559e-07
3.9163e-05 1.2559e-07
3.9334e-05 1.2559e-07
3.9507e-05 1.2559e-07
3.968e-05 1.2559e-07
3.9854e-05 1.2559e-07
4.0029e-05 1.2559e-07
4.0205e-05 1.2559e-07
4.0381e-05 1.2559e-07
4.0558e-05 1.2559e-07
4.0736e-05 1.2559e-07
4.0915e-05 1.2559e-07
4.1094e-05 1.2559e-07
4.1275e-05 1.2559e-07
4.1456e-05 1.2559e-07
4.1638e-05 1.2559e-07
4.182e-05 1.2559e-07
4.2004e-05 1.2559e-07
4.2188e-05 1.2559e-07
4.2373e-05 1.2559e-07
4.2559e-05 1.2559e-07
4.2746e-05 1.2559e-07
4.2933e-05 1.2559e-07
4.3121e-05 1.2559e-07
4.3311e-05 1.2559e-07
4.3501e-05 1.2559e-07
4.3691e-05 1.2559e-07
4.3883e-05 1.2559e-07
4.4076e-05 1.2559e-07
4.4269e-05 1.2559e-07
4.4463e-05 1.2559e-07
4.4658e-05 1.2559e-07
4.4854e-05 1.2559e-07
4.5051e-05 1.2559e-07
4.5249e-05 1.2559e-07
4.5447e-05 1.2559e-07
4.5646e-05 1.2559e-07
4.5847e-05 1.2559e-07
4.6048e-05 1.2559e-07
4.625e-05 1.2559e-07
4.6453e-05 1.2559e-07
4.6656e-05 1.2559e-07
4.6861e-05 1.2559e-07
4.7067e-05 1.2559e-07
4.7273e-05 1.2559e-07
4.748e-05 1.2559e-07
4.7689e-05 1.2559e-07
4.7898e-05 1.2559e-07
4.8108e-05 1.2559e-07
4.8319e-05 1.2559e-07
4.8531e-05 1.2559e-07
4.8744e-05 1.2559e-07
4.8958e-05 1.2559e-07
4.9173e-05 1.2559e-07
4.9388e-05 1.2559e-07
4.9605e-05 1.2559e-07
4.9823e-05 1.2559e-07
5.0041e-05 1.2559e-07
5.0261e-05 1.2559e-07
5.0481e-05 1.2559e-07
5.0703e-05 1.2559e-07
5.0925e-05 1.2559e-07
5.1148e-05 1.2559e-07
5.1373e-05 1.2559e-07
5.1598e-05 1.2559e-07
5.1824e-05 1.2559e-07
5.2052e-05 1.2559e-07
5.228e-05 1.2559e-07
5.251e-05 1.2559e-07
5.274e-05 1.2559e-07
5.2971e-05 1.2559e-07
5.3204e-05 1.2559e-07
5.3437e-05 1.2559e-07
5.3671e-05 1.2559e-07
5.3907e-05 1.2559e-07
5.4143e-05 1.2559e-07
5.4381e-05 1.2559e-07
5.4619e-05 1.2559e-07
5.4859e-05 1.2559e-07
5.51e-05 1.2559e-07
5.5341e-05 1.2559e-07
5.5584e-05 1.2559e-07
5.5828e-05 1.2559e-07
5.6073e-05 1.2559e-07
5.6319e-05 1.2559e-07
5.6566e-05 1.2559e-07
5.6814e-05 1.2559e-07
5.7063e-05 1.2559e-07
5.7314e-05 1.2559e-07
5.7565e-05 1.2559e-07
5.7818e-05 1.2559e-07
5.8071e-05 1.2559e-07
5.8326e-05 1.2559e-07
5.8582e-05 1.2559e-07
5.8839e-05 1.2559e-07
5.9097e-05 1.2559e-07
5.9356e-05 1.2559e-07
5.9617e-05 1.2559e-07
5.9878e-05 1.2559e-07
6.0141e-05 1.2559e-07
6.0405e-05 1.2559e-07
6.067e-05 1.2559e-07
6.0936e-05 1.2559e-07
6.1203e-05 1.2559e-07
6.1471e-05 1.2559e-07
6.1741e-05 1.2559e-07
6.2012e-05 1.2559e-07
6.2284e-05 1.2559e-07
6.2557e-05 1.2559e-07
6.2832e-05 1.2559e-07
6.3107e-05 1.2559e-07
6.3384e-05 1.2559e-07
6.3662e-05 1.2559e-07
6.3941e-05 1.2559e-07
6.4222e-05 1.2559e-07
6.4504e-05 1.2559e-07
6.4787e-05 1.2559e-07
6.5071e-05 1.2559e-07
6.5356e-05 1.2559e-07
6.5643e-05 1.2559e-07
6.5931e-05 1.2559e-07
6.622e-05 1.2559e-07
6.6511e-05 1.2559e-07
6.6802e-05 1.2559e-07
6.7095e-05 1.2559e-07
6.739e-05 1.2559e-07
6.7685e-05 1.2559e-07
6.7982e-05 1.2559e-07
6.8281e-05 1.2559e-07
6.858e-05 1.2559e-07
6.8881e-05 1.2559e-07
6.9183e-05 1.2559e-07
6.9487e-05 1.2559e-07
6.9791e-05 1.2559e-07
7.0098e-05 1.2559e-07
7.0405e-05 1.2559e-07
7.0714e-05 1.2559e-07
7.1024e-05 1.2559e-07
7.1336e-05 1.2559e-07
7.1649e-05 1.2559e-07
7.1963e-05 1.2559e-07
7.2279e-05 1.2559e-07
7.2596e-05 1.2559e-07
7.2914e-05 1.2559e-07
7.3234e-05 1.2559e-07
7.3555e-05 1.2559e-07
7.3878e-05 1.2559e-07
7.4202e-05 1.2559e-07
7.4528e-05 1.2559e-07
7.4855e-05 1.2559e-07
7.5183e-05 1.2559e-07
7.5513e-05 1.2559e-07
7.5844e-05 1.2559e-07
7.6177e-05 1.2559e-07
7.6511e-05 1.2559e-07
7.6846e-05 1.2559e-07
7.7184e-05 1.2559e-07
7.7522e-05 1.2559e-07
7.7862e-05 1.2559e-07
7.8204e-05 1.2559e-07
7.8547e-05 1.2559e-07
7.8891e-05 1.2559e-07
7.9238e-05 1.2559e-07
7.9585e-05 1.2559e-07
7.9934e-05 1.2559e-07
8.0285e-05 1.2559e-07
8.0637e-05 1.2559e-07
8.0991e-05 1.2559e-07
8.1346e-05 1.2559e-07
8.1703e-05 1.2559e-07
8.2061e-05 1.2559e-07
8.2421e-05 1.2559e-07
8.2783e-05 1.2559e-07
8.3146e-05 1.2559e-07
8.3511e-05 1.2559e-07
8.3877e-05 1.2559e-07
8.4245e-05 1.2559e-07
8.4615e-05 1.2559e-07
8.4986e-05 1.2559e-07
8.5359e-05 1.2559e-07
8.5733e-05 1.2559e-07
8.6109e-05 1.2559e-07
8.6487e-05 1.2559e-07
8.6866e-05 1.2559e-07
8.7247e-05 1.2559e-07
8.763e-05 1.2559e-07
8.8015e-05 1.2559e-07
8.8401e-05 1.2559e-07
8.8789e-05 1.2559e-07
8.9178e-05 1.2559e-07
8.9569e-05 1.2559e-07
8.9962e-05 1.2559e-07
9.0357e-05 1.2559e-07
9.0753e-05 1.2559e-07
9.1151e-05 1.2559e-07
9.1551e-05 1.2559e-07
9.1953e-05 1.2559e-07
9.2356e-05 1.2559e-07
9.2761e-05 1.2559e-07
9.3168e-05 1.2559e-07
9.3577e-05 1.2559e-07
9.3987e-05 1.2559e-07
9.44e-05 1.2559e-07
9.4814e-05 1.2559e-07
9.523e-05 1.2559e-07
9.5647e-05 1.2559e-07
9.6067e-05 1.2559e-07
9.6488e-05 1.2559e-07
9.6912e-05 1.2559e-07
9.7337e-05 1.2559e-07
9.7764e-05 1.2559e-07
9.8193e-05 1.2559e-07
9.8624e-05 1.2559e-07
9.9056e-05 1.2559e-07
9.9491e-05 1.2559e-07
9.9927e-05 1.2559e-07
0.00010037 1.2559e-07
0.00010081 1.2559e-07
0.00010125 1.2559e-07
0.00010169 1.2559e-07
0.00010214 1.2559e-07
0.00010259 1.2559e-07
0.00010304 1.2559e-07
0.00010349 1.2559e-07
0.00010394 1.2559e-07
0.0001044 1.2559e-07
0.00010486 1.2559e-07
0.00010532 1.2559e-07
0.00010578 1.2559e-07
0.00010624 1.2559e-07
0.00010671 1.2559e-07
0.00010718 1.2559e-07
0.00010765 1.2559e-07
0.00010812 1.2559e-07
0.00010859 1.2559e-07
0.00010907 1.2559e-07
0.00010955 1.2559e-07
0.00011003 1.2559e-07
0.00011051 1.2559e-07
0.000111 1.2559e-07
0.00011148 1.2559e-07
0.00011197 1.2559e-07
0.00011246 1.2559e-07
0.00011296 1.2559e-07
0.00011345 1.2559e-07
0.00011395 1.2559e-07
0.00011445 1.2559e-07
0.00011495 1.2559e-07
0.00011546 1.2559e-07
0.00011596 1.2559e-07
0.00011647 1.2559e-07
0.00011698 1.2559e-07
0.0001175 1.2559e-07
0.00011801 1.2559e-07
0.00011853 1.2559e-07
0.00011905 1.2559e-07
0.00011957 1.2559e-07
0.0001201 1.2559e-07
0.00012062 1.2559e-07
0.00012115 1.2559e-07
0.00012168 1.2559e-07
0.00012222 1.2559e-07
0.00012275 1.2559e-07
0.00012329 1.2559e-07
0.00012383 1.2559e-07
0.00012437 1.2559e-07
0.00012492 1.2559e-07
0.00012547 1.2559e-07
0.00012602 1.2559e-07
0.00012657 1.2559e-07
0.00012713 1.2559e-07
0.00012768 1.2559e-07
0.00012824 1.2559e-07
0.00012881 1.2559e-07
0.00012937 1.2559e-07
0.00012994 1.2559e-07
0.00013051 1.2559e-07
0.00013108 1.2559e-07
0.00013166 1.2559e-07
0.00013224 1.2559e-07
0.00013282 1.2559e-07
0.0001334 1.2559e-07
0.00013398 1.2559e-07
0.00013457 1.2559e-07
0.00013516 1.2559e-07
0.00013575 1.2559e-07
0.00013635 1.2559e-07
0.00013695 1.2559e-07
0.00013755 1.2559e-07
0.00013815 1.2559e-07
0.00013876 1.2559e-07
0.00013937 1.2559e-07
0.00013998 1.2559e-07
0.00014059 1.2559e-07
0.00014121 1.2559e-07
0.00014183 1.2559e-07
0.00014245 1.2559e-07
0.00014308 1.2559e-07
0.0001437 1.2559e-07
0.00014433 1.2559e-07
0.00014497 1.2559e-07
0.0001456 1.2559e-07
0.00014624 1.2559e-07
0.00014688 1.2559e-07
0.00014753 1.2559e-07
0.00014817 1.2559e-07
0.00014882 1.2559e-07
0.00014948 1.2559e-07
0.00015013 1.2559e-07
0.00015079 1.2559e-07
0.00015145 1.2559e-07
0.00015212 1.2559e-07
0.00015278 1.2559e-07
0.00015345 1.2559e-07
0.00015413 1.2559e-07
0.0001548 1.2559e-07
0.00015548 1.2559e-07
0.00015617 1.2559e-07
0.00015685 1.2559e-07
0.00015754 1.2559e-07
0.00015823 1.2559e-07
0.00015892 1.2559e-07
0.00015962 1.2559e-07
0.00016032 1.2559e-07
0.00016102 1.2559e-07
0.00016173 1.2559e-07
0.00016244 1.2559e-07
0.00016315 1.2559e-07
0.00016387 1.2559e-07
0.00016459 1.2559e-07
0.00016531 1.2559e-07
0.00016603 1.2559e-07
0.00016676 1.2559e-07
0.00016749 1.2559e-07
0.00016823 1.2559e-07
0.00016897 1.2559e-07
0.00016971 1.2559e-07
0.00017045 1.2559e-07
0.0001712 1.2559e-07
0.00017195 1.2559e-07
0.00017271 1.2559e-07
0.00017346 1.2559e-07
0.00017422 1.2559e-07
0.00017499 1.2559e-07
0.00017576 1.2559e-07
0.00017653 1.2559e-07
0.0001773 1.2559e-07
0.00017808 1.2559e-07
0.00017886 1.2559e-07
0.00017965 1.2559e-07
0.00018043 1.2559e-07
0.00018123 1.2559e-07
0.00018202 1.2559e-07
0.00018282 1.2559e-07
0.00018362 1.2559e-07
0.00018443 1.2559e-07
0.00018524 1.2559e-07
0.00018605 1.2559e-07
0.00018686 1.2559e-07
0.00018768 1.2559e-07
0.00018851 1.2559e-07
0.00018933 1.2559e-07
0.00019016 1.2559e-07
0.000191 1.2559e-07
0.00019184 1.2559e-07
0.00019268 1.2559e-07
0.00019352 1.2559e-07
0.00019437 1.2559e-07
0.00019522 1.2559e-07
0.00019608 1.2559e-07
0.00019694 1.2559e-07
0.00019781 1.2559e-07
0.00019867 1.2559e-07
0.00019954 1.2559e-07
0.00020042 1.2559e-07
0.0002013 1.2559e-07
0.00020218 1.2559e-07
0.00020307 1.2559e-07
0.00020396 1.2559e-07
0.00020485 1.2559e-07
0.00020575 1.2559e-07
0.00020666 1.2559e-07
0.00020756 1.2559e-07
0.00020847 1.2559e-07
0.00020939 1.2559e-07
0.00021031 1.2559e-07
0.00021123 1.2559e-07
0.00021216 1.2559e-07
0.00021309 1.2559e-07
0.00021402 1.2559e-07
0.00021496 1.2559e-07
0.0002159 1.2559e-07
0.00021685 1.2559e-07
0.0002178 1.2559e-07
0.00021876 1.2559e-07
0.00021972 1.2559e-07
0.00022068 1.2559e-07
0.00022165 1.2559e-07
0.00022262 1.2559e-07
0.0002236 1.2559e-07
0.00022458 1.2559e-07
0.00022556 1.2559e-07
0.00022655 1.2559e-07
0.00022755 1.2559e-07
0.00022854 1.2559e-07
0.00022955 1.2559e-07
0.00023055 1.2559e-07
0.00023157 1.2559e-07
0.00023258 1.2559e-07
0.0002336 1.2559e-07
0.00023463 1.2559e-07
0.00023566 1.2559e-07
0.00023669 1.2559e-07
0.00023773 1.2559e-07
0.00023877 1.2559e-07
0.00023982 1.2559e-07
0.00024087 1.2559e-07
0.00024193 1.2559e-07
0.00024299 1.2559e-07
0.00024405 1.2559e-07
0.00024512 1.2559e-07
0.0002462 1.2559e-07
0.00024728 1.2559e-07
0.00024836 1.2559e-07
0.00024945 1.2559e-07
0.00025055 1.2559e-07
0.00025165 1.2559e-07
0.00025275 1.2559e-07
0.00025386 1.2559e-07
0.00025497 1.2559e-07
0.00025609 1.2559e-07
0.00025722 1.2559e-07
0.00025834 1.2559e-07
0.00025948 1.2559e-07
0.00026062 1.2559e-07
0.00026176 1.2559e-07
0.00026291 1.2559e-07
0.00026406 1.2559e-07
0.00026522 1.2559e-07
0.00026638 1.2559e-07
0.00026755 1.2559e-07
0.00026872 1.2559e-07
0.0002699 1.2559e-07
0.00027109 1.2559e-07
0.00027228 1.2559e-07
0.00027347 1.2559e-07
0.00027467 1.2559e-07
0.00027588 1.2559e-07
0.00027709 1.2559e-07
0.0002783 1.2559e-07
0.00027952 1.2559e-07
0.00028075 1.2559e-07
0.00028198 1.2559e-07
0.00028322 1.2559e-07
0.00028446 1.2559e-07
0.00028571 1.2559e-07
0.00028696 1.2559e-07
0.00028822 1.2559e-07
0.00028948 1.2559e-07
0.00029075 1.2559e-07
0.00029203 1.2559e-07
0.00029331 1.2559e-07
0.0002946 1.2559e-07
0.00029589 1.2559e-07
0.00029719 1.2559e-07
0.00029849 1.2559e-07
0.0002998 1.2559e-07
0.00030112 1.2559e-07
0.00030244 1.2559e-07
0.00030376 1.2559e-07
0.0003051 1.2559e-07
0.00030643 1.2559e-07
0.00030778 1.2559e-07
0.00030913 1.2559e-07
0.00031048 1.2559e-07
0.00031185 1.2559e-07
0.00031321 1.2559e-07
0.00031459 1.2559e-07
0.00031597 1.2559e-07
0.00031735 1.2559e-07
0.00031875 1.2559e-07
0.00032015 1.2559e-07
0.00032155 1.2559e-07
0.00032296 1.2559e-07
0.00032438 1.2559e-07
0.0003258 1.2559e-07
0.00032723 1.2559e-07
0.00032866 1.2559e-07
0.00033011 1.2559e-07
0.00033155 1.2559e-07
0.00033301 1.2559e-07
0.00033447 1.2559e-07
0.00033594 1.2559e-07
0.00033741 1.2559e-07
0.00033889 1.2559e-07
0.00034038 1.2559e-07
0.00034187 1.2559e-07
0.00034337 1.2559e-07
0.00034488 1.2559e-07
0.00034639 1.2559e-07
0.00034791 1.2559e-07
0.00034944 1.2559e-07
0.00035097 1.2559e-07
0.00035251 1.2559e-07
0.00035405 1.2559e-07
0.00035561 1.2559e-07
0.00035717 1.2559e-07
0.00035873 1.2559e-07
0.00036031 1.2559e-07
0.00036189 1.2559e-07
0.00036348 1.2559e-07
0.00036507 1.2559e-07
0.00036667 1.2559e-07
0.00036828 1.2559e-07
0.0003699 1.2559e-07
0.00037152 1.2559e-07
0.00037315 1.2559e-07
0.00037479 1.2559e-07
0.00037643 1.2559e-07
0.00037808 1.2559e-07
0.00037974 1.2559e-07
0.00038141 1.2559e-07
0.00038308 1.2559e-07
0.00038476 1.2559e-07
0.00038645 1.2559e-07
0.00038814 1.2559e-07
0.00038984 1.2559e-07
0.00039155 1.2559e-07
0.00039327 1.2559e-07
0.000395 1.2559e-07
0.00039673 1.2559e-07
0.00039847 1.2559e-07
0.00040022 1.2559e-07
0.00040197 1.2559e-07
0.00040374 1.2559e-07
0.00040551 1.2559e-07
0.00040729 1.2559e-07
0.00040907 1.2559e-07
0.00041087 1.2559e-07
0.00041267 1.2559e-07
0.00041448 1.2559e-07
0.0004163 1.2559e-07
0.00041813 1.2559e-07
0.00041996 1.2559e-07
0.0004218 1.2559e-07
0.00042365 1.2559e-07
0.00042551 1.2559e-07
0.00042738 1.2559e-07
0.00042925 1.2559e-07
0.00043114 1.2559e-07
0.00043303 1.2559e-07
0.00043493 1.2559e-07
0.00043683 1.2559e-07
0.00043875 1.2559e-07
0.00044068 1.2559e-07
0.00044261 1.2559e-07
0.00044455 1.2559e-07
0.0004465 1.2559e-07
0.00044846 1.2559e-07
0.00045043 1.2559e-07
0.0004524 1.2559e-07
0.00045439 1.2559e-07
0.00045638 1.2559e-07
0.00045838 1.2559e-07
0.00046039 1.2559e-07
0.00046241 1.2559e-07
0.00046444 1.2559e-07
0.00046648 1.2559e-07
0.00046853 1.2559e-07
0.00047058 1.2559e-07
0.00047264 1.2559e-07
0.00047472 1.2559e-07
0.0004768 1.2559e-07
0.00047889 1.2559e-07
0.00048099 1.2559e-07
0.0004831 1.2559e-07
0.00048522 1.2559e-07
0.00048735 1.2559e-07
0.00048949 1.2559e-07
0.00049164 1.2559e-07
0.00049379 1.2559e-07
0.00049596 1.2559e-07
0.00049813 1.2559e-07
0.00050032 1.2559e-07
0.00050251 1.2559e-07
0.00050472 1.2559e-07
0.00050693 1.2559e-07
0.00050916 1.2559e-07
0.00051139 1.2559e-07
0.00051363 1.2559e-07
0.00051589 1.2559e-07
0.00051815 1.2559e-07
0.00052042 1.2559e-07
0.00052271 1.2559e-07
0.000525 1.2559e-07
0.0005273 1.2559e-07
0.00052962 1.2559e-07
0.00053194 1.2559e-07
0.00053427 1.2559e-07
0.00053662 1.2559e-07
0.00053897 1.2559e-07
0.00054133 1.2559e-07
0.00054371 1.2559e-07
0.00054609 1.2559e-07
0.00054849 1.2559e-07
0.0005509 1.2559e-07
0.00055331 1.2559e-07
0.00055574 1.2559e-07
0.00055818 1.2559e-07
0.00056063 1.2559e-07
0.00056309 1.2559e-07
0.00056556 1.2559e-07
0.00056804 1.2559e-07
0.00057053 1.2559e-07
0.00057303 1.2559e-07
0.00057555 1.2559e-07
0.00057807 1.2559e-07
0.00058061 1.2559e-07
0.00058315 1.2559e-07
0.00058571 1.2559e-07
0.00058828 1.2559e-07
0.00059086 1.2559e-07
0.00059345 1.2559e-07
0.00059606 1.2559e-07
0.00059867 1.2559e-07
0.0006013 1.2559e-07
0.00060394 1.2559e-07
0.00060658 1.2559e-07
0.00060925 1.2559e-07
0.00061192 1.2559e-07
0.0006146 1.2559e-07
0.0006173 1.2559e-07
0.00062001 1.2559e-07
0.00062273 1.2559e-07
0.00062546 1.2559e-07
0.0006282 1.2559e-07
0.00063096 1.2559e-07
0.00063373 1.2559e-07
0.00063651 1.2559e-07
0.0006393 1.2559e-07
0.0006421 1.2559e-07
0.00064492 1.2559e-07
0.00064775 1.2559e-07
0.00065059 1.2559e-07
0.00065344 1.2559e-07
0.00065631 1.2559e-07
0.00065919 1.2559e-07
0.00066208 1.2559e-07
0.00066499 1.2559e-07
0.0006679 1.2559e-07
0.00067083 1.2559e-07
0.00067378 1.2559e-07
0.00067673 1.2559e-07
0.0006797 1.2559e-07
0.00068268 1.2559e-07
0.00068568 1.2559e-07
0.00068868 1.2559e-07
0.00069171 1.2559e-07
0.00069474 1.2559e-07
0.00069779 1.2559e-07
0.00070085 1.2559e-07
0.00070392 1.2559e-07
0.00070701 1.2559e-07
0.00071011 1.2559e-07
0.00071323 1.2559e-07
0.00071636 1.2559e-07
0.0007195 1.2559e-07
0.00072266 1.2559e-07
0.00072583 1.2559e-07
0.00072901 1.2559e-07
0.00073221 1.2559e-07
0.00073542 1.2559e-07
0.00073865 1.2559e-07
0.00074189 1.2559e-07
0.00074514 1.2559e-07
0.00074841 1.2559e-07
0.00075169 1.2559e-07
0.00075499 1.2559e-07
0.0007583 1.2559e-07
0.00076163 1.2559e-07
0.00076497 1.2559e-07
0.00076832 1.2559e-07
0.0007717 1.2559e-07
0.00077508 1.2559e-07
0.00077848 1.2559e-07
0.0007819 1.2559e-07
0.00078533 1.2559e-07
0.00078877 1.2559e-07
0.00079223 1.2559e-07
0.00079571 1.2559e-07
0.0007992 1.2559e-07
0.0008027 1.2559e-07
0.00080622 1.2559e-07
0.00080976 1.2559e-07
0.00081331 1.2559e-07
0.00081688 1.2559e-07
0.00082046 1.2559e-07
0.00082406 1.2559e-07
0.00082768 1.2559e-07
0.00083131 1.2559e-07
0.00083496 1.2559e-07
0.00083862 1.2559e-07
0.0008423 1.2559e-07
0.00084599 1.2559e-07
0.0008497 1.2559e-07
0.00085343 1.2559e-07
0.00085718 1.2559e-07
0.00086094 1.2559e-07
0.00086471 1.2559e-07
0.00086851 1.2559e-07
0.00087232 1.2559e-07
0.00087614 1.2559e-07
0.00087999 1.2559e-07
0.00088385 1.2559e-07
0.00088772 1.2559e-07
0.00089162 1.2559e-07
0.00089553 1.2559e-07
0.00089946 1.2559e-07
0.0009034 1.2559e-07
0.00090737 1.2559e-07
0.00091135 1.2559e-07
0.00091534 1.2559e-07
0.00091936 1.2559e-07
0.00092339 1.2559e-07
0.00092744 1.2559e-07
0.00093151 1.2559e-07
0.0009356 1.2559e-07
0.0009397 1.2559e-07
0.00094382 1.2559e-07
0.00094797 1.2559e-07
0.00095212 1.2559e-07
0.0009563 1.2559e-07
0.0009605 1.2559e-07
0.00096471 1.2559e-07
0.00096894 1.2559e-07
0.00097319 1.2559e-07
0.00097746 1.2559e-07
0.00098175 1.2559e-07
0.00098606 1.2559e-07
0.00099038 1.2559e-07
0.00099473 1.2559e-07
0.00099909 1.2559e-07
0.0010035 1.2559e-07
0.0010079 1.2559e-07
0.0010123 1.2559e-07
0.0010167 1.2559e-07
0.0010212 1.2559e-07
0.0010257 1.2559e-07
0.0010302 1.2559e-07
0.0010347 1.2559e-07
0.0010392 1.2559e-07
0.0010438 1.2559e-07
0.0010484 1.2559e-07
0.001053 1.2559e-07
0.0010576 1.2559e-07
0.0010622 1.2559e-07
0.0010669 1.2559e-07
0.0010716 1.2559e-07
0.0010763 1.2559e-07
0.001081 1.2559e-07
0.0010857 1.2559e-07
0.0010905 1.2559e-07
0.0010953 1.2559e-07
0.0011001 1.2559e-07
0.0011049 1.2559e-07
0.0011098 1.2559e-07
0.0011146 1.2559e-07
0.0011195 1.2559e-07
0.0011244 1.2559e-07
0.0011294 1.2559e-07
0.0011343 1.2559e-07
0.0011393 1.2559e-07
0.0011443 1.2559e-07
0.0011493 1.2559e-07
0.0011543 1.2559e-07
0.0011594 1.2559e-07
0.0011645 1.2559e-07
0.0011696 1.2559e-07
0.0011747 1.2559e-07
0.0011799 1.2559e-07
0.0011851 1.2559e-07
0.0011903 1.2559e-07
0.0011955 1.2559e-07
0.0012007 1.2559e-07
0.001206 1.2559e-07
0.0012113 1.2559e-07
0.0012166 1.2559e-07
0.0012219 1.2559e-07
0.0012273 1.2559e-07
0.0012327 1.2559e-07
0.0012381 1.2559e-07
0.0012435 1.2559e-07
0.001249 1.2559e-07
0.0012545 1.2559e-07
0.00126 1.2559e-07
0.0012655 1.2559e-07
0.001271 1.2559e-07
0.0012766 1.2559e-07
0.0012822 1.2559e-07
0.0012878 1.2559e-07
0.0012935 1.2559e-07
0.0012992 1.2559e-07
0.0013049 1.2559e-07
0.0013106 1.2559e-07
0.0013163 1.2559e-07
0.0013221 1.2559e-07
0.0013279 1.2559e-07
0.0013337 1.2559e-07
0.0013396 1.2559e-07
0.0013455 1.2559e-07
0.0013514 1.2559e-07
0.0013573 1.2559e-07
0.0013632 1.2559e-07
0.0013692 1.2559e-07
0.0013752 1.2559e-07
0.0013813 1.2559e-07
0.0013873 1.2559e-07
0.0013934 1.2559e-07
0.0013995 1.2559e-07
0.0014057 1.2559e-07
0.0014118 1.2559e-07
0.001418 1.2559e-07
0.0014242 1.2559e-07
0.0014305 1.2559e-07
0.0014368 1.2559e-07
0.0014431 1.2559e-07
0.0014494 1.2559e-07
0.0014558 1.2559e-07
0.0014621 1.2559e-07
0.0014686 1.2559e-07
0.001475 1.2559e-07
0.0014815 1.2559e-07
0.001488 1.2559e-07
0.0014945 1.2559e-07
0.0015011 1.2559e-07
0.0015076 1.2559e-07
0.0015143 1.2559e-07
0.0015209 1.2559e-07
0.0015276 1.2559e-07
0.0015343 1.2559e-07
0.001541 1.2559e-07
0.0015478 1.2559e-07
0.0015545 1.2559e-07
0.0015614 1.2559e-07
0.0015682 1.2559e-07
0.0015751 1.2559e-07
0.001582 1.2559e-07
0.0015889 1.2559e-07
0.0015959 1.2559e-07
0.0016029 1.2559e-07
0.0016099 1.2559e-07
0.001617 1.2559e-07
0.0016241 1.2559e-07
0.0016312 1.2559e-07
0.0016384 1.2559e-07
0.0016456 1.2559e-07
0.0016528 1.2559e-07
0.00166 1.2559e-07
0.0016673 1.2559e-07
0.0016746 1.2559e-07
0.001682 1.2559e-07
0.0016894 1.2559e-07
0.0016968 1.2559e-07
0.0017042 1.2559e-07
0.0017117 1.2559e-07
0.0017192 1.2559e-07
0.0017267 1.2559e-07
0.0017343 1.2559e-07
0.0017419 1.2559e-07
0.0017496 1.2559e-07
0.0017572 1.2559e-07
0.001765 1.2559e-07
0.0017727 1.2559e-07
0.0017805 1.2559e-07
0.0017883 1.2559e-07
0.0017961 1.2559e-07
0.001804 1.2559e-07
0.0018119 1.2559e-07
0.0018199 1.2559e-07
0.0018279 1.2559e-07
0.0018359 1.2559e-07
0.0018439 1.2559e-07
0.001852 1.2559e-07
0.0018601 1.2559e-07
0.0018683 1.2559e-07
0.0018765 1.2559e-07
0.0018847 1.2559e-07
0.001893 1.2559e-07
0.0019013 1.2559e-07
0.0019096 1.2559e-07
0.001918 1.2559e-07
0.0019264 1.2559e-07
0.0019349 1.2559e-07
0.0019434 1.2559e-07
0.0019519 1.2559e-07
0.0019605 1.2559e-07
0.0019691 1.2559e-07
0.0019777 1.2559e-07
0.0019864 1.2559e-07
0.0019951 1.2559e-07
0.0020038 1.2559e-07
0.0020126 1.2559e-07
0.0020215 1.2559e-07
0.0020303 1.2559e-07
0.0020392 1.2559e-07
0.0020482 1.2559e-07
0.0020572 1.2559e-07
0.0020662 1.2559e-07
0.0020752 1.2559e-07
0.0020844 1.2559e-07
0.0020935 1.2559e-07
0.0021027 1.2559e-07
0.0021119 1.2559e-07
0.0021212 1.2559e-07
0.0021305 1.2559e-07
0.0021398 1.2559e-07
0.0021492 1.2559e-07
0.0021586 1.2559e-07
0.0021681 1.2559e-07
0.0021776 1.2559e-07
0.0021872 1.2559e-07
0.0021968 1.2559e-07
0.0022064 1.2559e-07
0.0022161 1.2559e-07
0.0022258 1.2559e-07
0.0022356 1.2559e-07
0.0022454 1.2559e-07
0.0022552 1.2559e-07
0.0022651 1.2559e-07
0.002275 1.2559e-07
0.002285 1.2559e-07
0.0022951 1.2559e-07
0.0023051 1.2559e-07
0.0023152 1.2559e-07
0.0023254 1.2559e-07
0.0023356 1.2559e-07
0.0023458 1.2559e-07
0.0023561 1.2559e-07
0.0023665 1.2559e-07
0.0023768 1.2559e-07
0.0023873 1.2559e-07
0.0023977 1.2559e-07
0.0024083 1.2559e-07
0.0024188 1.2559e-07
0.0024294 1.2559e-07
0.0024401 1.2559e-07
0.0024508 1.2559e-07
0.0024615 1.2559e-07
0.0024723 1.2559e-07
0.0024832 1.2559e-07
0.0024941 1.2559e-07
0.002505 1.2559e-07
0.002516 1.2559e-07
0.0025271 1.2559e-07
0.0025381 1.2559e-07
0.0025493 1.2559e-07
0.0025605 1.2559e-07
0.0025717 1.2559e-07
0.002583 1.2559e-07
0.0025943 1.2559e-07
0.0026057 1.2559e-07
0.0026171 1.2559e-07
0.0026286 1.2559e-07
0.0026401 1.2559e-07
0.0026517 1.2559e-07
0.0026633 1.2559e-07
0.002675 1.2559e-07
0.0026868 1.2559e-07
0.0026985 1.2559e-07
0.0027104 1.2559e-07
0.0027223 1.2559e-07
0.0027342 1.2559e-07
0.0027462 1.2559e-07
0.0027583 1.2559e-07
0.0027704 1.2559e-07
0.0027825 1.2559e-07
0.0027947 1.2559e-07
0.002807 1.2559e-07
0.0028193 1.2559e-07
0.0028317 1.2559e-07
0.0028441 1.2559e-07
0.0028566 1.2559e-07
0.0028691 1.2559e-07
0.0028817 1.2559e-07
0.0028943 1.2559e-07
0.002907 1.2559e-07
0.0029198 1.2559e-07
0.0029326 1.2559e-07
0.0029454 1.2559e-07
0.0029584 1.2559e-07
0.0029713 1.2559e-07
0.0029844 1.256e-07
0.0029975 1.256e-07
0.0030106 1.256e-07
0.0030238 1.256e-07
0.0030371 1.256e-07
0.0030504 1.256e-07
0.0030638 1.256e-07
0.0030772 1.256e-07
0.0030907 1.256e-07
0.0031043 1.256e-07
0.0031179 1.256e-07
0.0031316 1.256e-07
0.0031453 1.256e-07
0.0031591 1.256e-07
0.003173 1.256e-07
0.0031869 1.256e-07
0.0032009 1.256e-07
0.0032149 1.256e-07
0.003229 1.256e-07
0.0032432 1.256e-07
0.0032574 1.256e-07
0.0032717 1.256e-07
0.003286 1.256e-07
0.0033005 1.256e-07
0.0033149 1.256e-07
0.0033295 1.256e-07
0.0033441 1.256e-07
0.0033588 1.256e-07
0.0033735 1.256e-07
0.0033883 1.256e-07
0.0034032 1.256e-07
0.0034181 1.256e-07
0.0034331 1.256e-07
0.0034481 1.256e-07
0.0034633 1.256e-07
0.0034785 1.256e-07
0.0034937 1.256e-07
0.003509 1.256e-07
0.0035244 1.256e-07
0.0035399 1.256e-07
0.0035554 1.256e-07
0.003571 1.256e-07
0.0035867 1.256e-07
0.0036024 1.256e-07
0.0036182 1.256e-07
0.0036341 1.256e-07
0.00365 1.256e-07
0.0036661 1.256e-07
0.0036821 1.256e-07
0.0036983 1.256e-07
0.0037145 1.256e-07
0.0037308 1.256e-07
0.0037472 1.256e-07
0.0037636 1.256e-07
0.0037801 1.256e-07
0.0037967 1.256e-07
0.0038134 1.256e-07
0.0038301 1.256e-07
0.0038469 1.256e-07
0.0038638 1.256e-07
0.0038807 1.256e-07
0.0038977 1.256e-07
0.0039148 1.256e-07
0.003932 1.256e-07
0.0039493 1.256e-07
0.0039666 1.256e-07
0.003984 1.256e-07
0.0040015 1.256e-07
0.004019 1.256e-07
0.0040366 1.256e-07
0.0040543 1.256e-07
0.0040721 1.256e-07
0.00409 1.256e-07
0.0041079 1.256e-07
0.004126 1.256e-07
0.0041441 1.256e-07
0.0041622 1.256e-07
0.0041805 1.256e-07
0.0041988 1.256e-07
0.0042173 1.256e-07
0.0042358 1.256e-07
0.0042543 1.256e-07
0.004273 1.256e-07
0.0042917 1.2561e-07
0.0043106 1.2561e-07
0.0043295 1.2561e-07
0.0043485 1.2561e-07
0.0043676 1.2561e-07
0.0043867 1.2561e-07
0.004406 1.2561e-07
0.0044253 1.2561e-07
0.0044447 1.2561e-07
0.0044642 1.2561e-07
0.0044838 1.2561e-07
0.0045034 1.2561e-07
0.0045232 1.2561e-07
0.004543 1.2561e-07
0.004563 1.2562e-07
0.004583 1.2562e-07
0.0046031 1.2562e-07
0.0046233 1.2562e-07
0.0046436 1.2562e-07
0.0046639 1.2563e-07
0.0046844 1.2563e-07
0.0047049 1.2563e-07
0.0047256 1.2563e-07
0.0047463 1.2564e-07
0.0047671 1.2564e-07
0.0047881 1.2564e-07
0.0048091 1.2564e-07
0.0048302 1.2565e-07
0.0048513 1.2565e-07
0.0048726 1.2565e-07
0.004894 1.2565e-07
0.0049155 1.2565e-07
0.004937 1.2565e-07
0.0049587 1.2565e-07
0.0049804 1.2566e-07
0.0050023 1.2566e-07
0.0050242 1.2566e-07
0.0050463 1.2566e-07
0.0050684 1.2565e-07
0.0050906 1.2565e-07
0.005113 1.2565e-07
0.0051354 1.2565e-07
0.0051579 1.2565e-07
0.0051806 1.2565e-07
0.0052033 1.2565e-07
0.0052261 1.2565e-07
0.005249 1.2565e-07
0.0052721 1.2565e-07
0.0052952 1.2565e-07
0.0053184 1.2565e-07
0.0053418 1.2565e-07
0.0053652 1.2565e-07
0.0053887 1.2565e-07
0.0054124 1.2565e-07
0.0054361 1.2564e-07
0.0054599 1.2564e-07
0.0054839 1.2564e-07
0.005508 1.2564e-07
0.0055321 1.2564e-07
0.0055564 1.2564e-07
0.0055808 1.2564e-07
0.0056052 1.2564e-07
0.0056298 1.2564e-07
0.0056545 1.2564e-07
0.0056793 1.2564e-07
0.0057042 1.2564e-07
0.0057293 1.2564e-07
0.0057544 1.2563e-07
0.0057796 1.2563e-07
0.005805 1.2563e-07
0.0058305 1.2563e-07
0.005856 1.2563e-07
0.0058817 1.2563e-07
0.0059075 1.2563e-07
0.0059335 1.2563e-07
0.0059595 1.2563e-07
0.0059856 1.2563e-07
0.0060119 1.2563e-07
0.0060383 1.2563e-07
0.0060647 1.2563e-07
0.0060913 1.2563e-07
0.0061181 1.2563e-07
0.0061449 1.2563e-07
0.0061719 1.2563e-07
0.0061989 1.2563e-07
0.0062261 1.2563e-07
0.0062534 1.2563e-07
0.0062809 1.2563e-07
0.0063084 1.2563e-07
0.0063361 1.2563e-07
0.0063639 1.2563e-07
0.0063918 1.2564e-07
0.0064199 1.2564e-07
0.006448 1.2564e-07
0.0064763 1.2564e-07
0.0065047 1.2564e-07
0.0065332 1.2564e-07
0.0065619 1.2564e-07
0.0065907 1.2564e-07
0.0066196 1.2564e-07
0.0066486 1.2564e-07
0.0066778 1.2564e-07
0.0067071 1.2564e-07
0.0067365 1.2564e-07
0.0067661 1.2564e-07
0.0067958 1.2564e-07
0.0068256 1.2564e-07
0.0068555 1.2564e-07
0.0068856 1.2564e-07
0.0069158 1.2564e-07
0.0069461 1.2564e-07
0.0069766 1.2564e-07
0.0070072 1.2564e-07
0.0070379 1.2564e-07
0.0070688 1.2564e-07
0.0070998 1.2564e-07
0.007131 1.2564e-07
0.0071623 1.2564e-07
0.0071937 1.2564e-07
0.0072252 1.2564e-07
0.0072569 1.2564e-07
0.0072888 1.2564e-07
0.0073207 1.2564e-07
0.0073529 1.2564e-07
0.0073851 1.2564e-07
0.0074175 1.2563e-07
0.00745 1.2563e-07
0.0074827 1.2563e-07
0.0075156 1.2563e-07
0.0075485 1.2563e-07
0.0075816 1.2563e-07
0.0076149 1.2563e-07
0.0076483 1.2563e-07
0.0076818 1.2563e-07
0.0077155 1.2563e-07
0.0077494 1.2562e-07
0.0077834 1.2562e-07
0.0078175 1.2562e-07
0.0078518 1.2562e-07
0.0078863 1.2562e-07
0.0079209 1.2562e-07
0.0079556 1.2562e-07
0.0079905 1.2562e-07
0.0080256 1.2562e-07
0.0080608 1.2561e-07
0.0080961 1.2561e-07
0.0081316 1.2561e-07
0.0081673 1.2561e-07
0.0082032 1.2561e-07
0.0082391 1.2561e-07
0.0082753 1.2561e-07
0.0083116 1.2561e-07
0.008348 1.256e-07
0.0083847 1.256e-07
0.0084214 1.256e-07
0.0084584 1.256e-07
0.0084955 1.256e-07
0.0085328 1.256e-07
0.0085702 1.256e-07
0.0086078 1.256e-07
0.0086455 1.2559e-07
0.0086835 1.2559e-07
0.0087216 1.2559e-07
0.0087598 1.2559e-07
0.0087983 1.2559e-07
0.0088369 1.2559e-07
0.0088756 1.2559e-07
0.0089146 1.2558e-07
0.0089537 1.2558e-07
0.0089929 1.2558e-07
0.0090324 1.2558e-07
0.009072 1.2558e-07
0.0091118 1.2558e-07
0.0091518 1.2557e-07
0.0091919 1.2557e-07
0.0092322 1.2557e-07
0.0092727 1.2557e-07
0.0093134 1.2557e-07
0.0093543 1.2557e-07
0.0093953 1.2557e-07
0.0094365 1.2556e-07
0.0094779 1.2556e-07
0.0095195 1.2556e-07
0.0095613 1.2556e-07
0.0096032 1.2556e-07
0.0096453 1.2556e-07
0.0096876 1.2555e-07
0.0097301 1.2555e-07
0.0097728 1.2555e-07
0.0098157 1.2555e-07
0.0098588 1.2555e-07
0.009902 1.2554e-07
0.0099454 1.2554e-07
0.0099891 1.2554e-07
0.010033 1.2554e-07
0.010077 1.2554e-07
0.010121 1.2554e-07
0.010166 1.2553e-07
0.01021 1.2553e-07
0.010255 1.2553e-07
0.0103 1.2553e-07
0.010345 1.2553e-07
0.01039 1.2552e-07
0.010436 1.2552e-07
0.010482 1.2552e-07
0.010528 1.2552e-07
0.010574 1.2551e-07
0.01062 1.2551e-07
0.010667 1.2551e-07
0.010714 1.2551e-07
0.010761 1.2551e-07
0.010808 1.255e-07
0.010855 1.255e-07
0.010903 1.255e-07
0.010951 1.255e-07
0.010999 1.2549e-07
0.011047 1.2549e-07
0.011096 1.2549e-07
0.011144 1.2548e-07
0.011193 1.2548e-07
0.011242 1.2548e-07
0.011292 1.2548e-07
0.011341 1.2547e-07
0.011391 1.2547e-07
0.011441 1.2547e-07
0.011491 1.2547e-07
0.011541 1.2546e-07
0.011592 1.2546e-07
0.011643 1.2546e-07
0.011694 1.2545e-07
0.011745 1.2545e-07
0.011797 1.2545e-07
0.011849 1.2544e-07
0.0119 1.2544e-07
0.011953 1.2544e-07
0.012005 1.2544e-07
0.012058 1.2543e-07
0.012111 1.2543e-07
0.012164 1.2543e-07
0.012217 1.2542e-07
0.012271 1.2542e-07
0.012325 1.2542e-07
0.012379 1.2541e-07
0.012433 1.2541e-07
0.012488 1.2541e-07
0.012542 1.254e-07
0.012597 1.254e-07
0.012653 1.254e-07
0.012708 1.2539e-07
0.012764 1.2539e-07
0.01282 1.2539e-07
0.012876 1.2538e-07
0.012933 1.2538e-07
0.012989 1.2538e-07
0.013046 1.2537e-07
0.013103 1.2537e-07
0.013161 1.2537e-07
0.013219 1.2536e-07
0.013277 1.2536e-07
0.013335 1.2536e-07
0.013393 1.2536e-07
0.013452 1.2535e-07
0.013511 1.2535e-07
0.01357 1.2535e-07
0.01363 1.2534e-07
0.01369 1.2534e-07
0.01375 1.2534e-07
0.01381 1.2533e-07
0.013871 1.2533e-07
0.013932 1.2533e-07
0.013993 1.2532e-07
0.014054 1.2532e-07
0.014116 1.2532e-07
0.014178 1.2531e-07
0.01424 1.2531e-07
0.014302 1.2531e-07
0.014365 1.253e-07
0.014428 1.253e-07
0.014491 1.253e-07
0.014555 1.2529e-07
0.014619 1.2529e-07
0.014683 1.2529e-07
0.014747 1.2529e-07
0.014812 1.2528e-07
0.014877 1.2528e-07
0.014942 1.2528e-07
0.015008 1.2527e-07
0.015074 1.2527e-07
0.01514 1.2527e-07
0.015206 1.2526e-07
0.015273 1.2526e-07
0.01534 1.2526e-07
0.015407 1.2526e-07
0.015475 1.2525e-07
0.015543 1.2525e-07
0.015611 1.2525e-07
0.015679 1.2525e-07
0.015748 1.2524e-07
0.015817 1.2524e-07
0.015887 1.2524e-07
0.015956 1.2523e-07
0.016026 1.2523e-07
0.016097 1.2523e-07
0.016167 1.2523e-07
0.016238 1.2522e-07
0.016309 1.2522e-07
0.016381 1.2522e-07
0.016453 1.2522e-07
0.016525 1.2521e-07
0.016597 1.2521e-07
0.01667 1.2521e-07
0.016743 1.2521e-07
0.016817 1.2521e-07
0.016891 1.252e-07
0.016965 1.252e-07
0.017039 1.252e-07
0.017114 1.252e-07
0.017189 1.252e-07
0.017264 1.2519e-07
0.01734 1.2519e-07
0.017416 1.2519e-07
0.017493 1.2519e-07
0.017569 1.2519e-07
0.017646 1.2518e-07
0.017724 1.2518e-07
0.017801 1.2518e-07
0.01788 1.2518e-07
0.017958 1.2518e-07
0.018037 1.2518e-07
0.018116 1.2518e-07
0.018195 1.2517e-07
0.018275 1.2517e-07
0.018355 1.2517e-07
0.018436 1.2517e-07
0.018517 1.2517e-07
0.018598 1.2517e-07
0.01868 1.2517e-07
0.018762 1.2517e-07
0.018844 1.2517e-07
0.018926 1.2516e-07
0.01901 1.2516e-07
0.019093 1.2516e-07
0.019177 1.2516e-07
0.019261 1.2516e-07
0.019345 1.2516e-07
0.01943 1.2516e-07
0.019515 1.2516e-07
0.019601 1.2516e-07
0.019687 1.2516e-07
0.019773 1.2516e-07
0.01986 1.2516e-07
0.019947 1.2516e-07
0.020035 1.2516e-07
0.020123 1.2516e-07
0.020211 1.2516e-07
0.0203 1.2516e-07
0.020389 1.2516e-07
0.020478 1.2516e-07
0.020568 1.2516e-07
0.020658 1.2516e-07
0.020749 1.2516e-07
0.02084 1.2516e-07
0.020931 1.2516e-07
0.021023 1.2516e-07
0.021115 1.2516e-07
0.021208 1.2516e-07
0.021301 1.2517e-07
0.021394 1.2517e-07
0.021488 1.2517e-07
0.021582 1.2517e-07
0.021677 1.2517e-07
0.021772 1.2517e-07
0.021868 1.2517e-07
0.021964 1.2517e-07
0.02206 1.2517e-07
0.022157 1.2518e-07
0.022254 1.2518e-07
0.022352 1.2518e-07
0.02245 1.2518e-07
0.022548 1.2518e-07
0.022647 1.2518e-07
0.022746 1.2518e-07
0.022846 1.2519e-07
0.022946 1.2519e-07
0.023047 1.2519e-07
0.023148 1.2519e-07
0.02325 1.2519e-07
0.023352 1.252e-07
0.023454 1.252e-07
0.023557 1.252e-07
0.02366 1.252e-07
0.023764 1.252e-07
0.023868 1.2521e-07
0.023973 1.2521e-07
0.024078 1.2521e-07
0.024184 1.2521e-07
0.02429 1.2521e-07
0.024396 1.2522e-07
0.024504 1.2522e-07
0.024611 1.2522e-07
0.024719 1.2522e-07
0.024827 1.2523e-07
0.024936 1.2523e-07
0.025046 1.2523e-07
0.025156 1.2523e-07
0.025266 1.2524e-07
0.025377 1.2524e-07
0.025488 1.2524e-07
0.0256 1.2525e-07
0.025712 1.2525e-07
0.025825 1.2525e-07
0.025938 1.2525e-07
0.026052 1.2526e-07
0.026166 1.2526e-07
0.026281 1.2526e-07
0.026396 1.2527e-07
0.026512 1.2527e-07
0.026629 1.2527e-07
0.026745 1.2527e-07
0.026863 1.2528e-07
0.026981 1.2528e-07
0.027099 1.2528e-07
0.027218 1.2529e-07
0.027337 1.2529e-07
0.027457 1.2529e-07
0.027578 1.253e-07
0.027698 1.253e-07
0.02782 1.253e-07
0.027942 1.2531e-07
0.028065 1.2531e-07
0.028188 1.2531e-07
0.028311 1.2532e-07
0.028436 1.2532e-07
0.02856 1.2533e-07
0.028686 1.2533e-07
0.028811 1.2533e-07
0.028938 1.2534e-07
0.029065 1.2534e-07
0.029192 1.2534e-07
0.02932 1.2535e-07
0.029449 1.2535e-07
0.029578 1.2536e-07
0.029708 1.2536e-07
0.029838 1.2536e-07
0.029969 1.2537e-07
0.030101 1.2537e-07
0.030233 1.2537e-07
0.030365 1.2538e-07
0.030498 1.2538e-07
0.030632 1.2539e-07
0.030767 1.2539e-07
0.030902 1.254e-07
0.031037 1.2541e-07
0.031173 1.2541e-07
0.03131 1.2542e-07
0.031447 1.2542e-07
0.031585 1.2543e-07
0.031724 1.2544e-07
0.031863 1.2545e-07
0.032003 1.2545e-07
0.032143 1.2546e-07
0.032284 1.2547e-07
0.032426 1.2548e-07
0.032568 1.2549e-07
0.032711 1.2549e-07
0.032854 1.255e-07
0.032999 1.2551e-07
0.033143 1.2552e-07
0.033289 1.2553e-07
0.033435 1.2554e-07
0.033581 1.2555e-07
0.033729 1.2556e-07
0.033877 1.2557e-07
0.034025 1.2558e-07
0.034175 1.2559e-07
0.034325 1.256e-07
0.034475 1.2561e-07
0.034626 1.2562e-07
0.034778 1.2564e-07
0.034931 1.2565e-07
0.035084 1.2566e-07
0.035238 1.2567e-07
0.035393 1.2568e-07
0.035548 1.257e-07
0.035704 1.2571e-07
0.03586 1.2572e-07
0.036018 1.2573e-07
0.036176 1.2575e-07
0.036334 1.2576e-07
0.036494 1.2577e-07
0.036654 1.2579e-07
0.036815 1.258e-07
0.036976 1.2581e-07
0.037138 1.2583e-07
0.037301 1.2584e-07
0.037465 1.2586e-07
0.037629 1.2587e-07
0.037794 1.2589e-07
0.03796 1.259e-07
0.038127 1.2591e-07
0.038294 1.2593e-07
0.038462 1.2594e-07
0.038631 1.2596e-07
0.0388 1.2597e-07
0.03897 1.2599e-07
0.039141 1.2601e-07
0.039313 1.2602e-07
0.039485 1.2604e-07
0.039659 1.2605e-07
0.039833 1.2607e-07
0.040007 1.2608e-07
0.040183 1.261e-07
0.040359 1.2612e-07
0.040536 1.2614e-07
0.040714 1.2615e-07
0.040893 1.2617e-07
0.041072 1.2619e-07
0.041252 1.2621e-07
0.041433 1.2623e-07
0.041615 1.2625e-07
0.041797 1.2628e-07
0.041981 1.263e-07
0.042165 1.2632e-07
0.04235 1.2635e-07
0.042536 1.2637e-07
0.042722 1.2639e-07
0.04291 1.2642e-07
0.043098 1.2644e-07
0.043287 1.2647e-07
0.043477 1.265e-07
0.043668 1.2652e-07
0.043859 1.2655e-07
0.044052 1.2658e-07
0.044245 1.2661e-07
0.044439 1.2664e-07
0.044634 1.2667e-07
0.04483 1.2669e-07
0.045026 1.2672e-07
0.045224 1.2675e-07
0.045422 1.2679e-07
0.045621 1.2682e-07
0.045822 1.2685e-07
0.046023 1.2688e-07
0.046224 1.2691e-07
0.046427 1.2695e-07
0.046631 1.2698e-07
0.046835 1.2701e-07
0.047041 1.2704e-07
0.047247 1.2708e-07
0.047455 1.2711e-07
0.047663 1.2715e-07
0.047872 1.2718e-07
0.048082 1.2722e-07
0.048293 1.2725e-07
0.048505 1.2729e-07
0.048717 1.2732e-07
0.048931 1.2736e-07
0.049146 1.274e-07
0.049361 1.2743e-07
0.049578 1.2747e-07
0.049795 1.2751e-07
0.050014 1.2754e-07
0.050233 1.2758e-07
0.050454 1.2762e-07
0.050675 1.2767e-07
0.050897 1.2771e-07
0.05112 1.2776e-07
0.051345 1.278e-07
0.05157 1.2785e-07
0.051796 1.279e-07
0.052023 1.2795e-07
0.052252 1.28e-07
0.052481 1.2805e-07
0.052711 1.281e-07
0.052942 1.2815e-07
0.053175 1.282e-07
0.053408 1.2826e-07
0.053642 1.2831e-07
0.053877 1.2836e-07
0.054114 1.2842e-07
0.054351 1.2848e-07
0.05459 1.2853e-07
0.054829 1.2859e-07
0.05507 1.2865e-07
0.055311 1.2871e-07
0.055554 1.2878e-07
0.055797 1.2884e-07
0.056042 1.289e-07
0.056288 1.2897e-07
0.056535 1.2903e-07
0.056783 1.291e-07
0.057032 1.2917e-07
0.057282 1.2924e-07
0.057534 1.293e-07
0.057786 1.2937e-07
0.058039 1.2945e-07
0.058294 1.2952e-07
0.05855 1.2959e-07
0.058807 1.2967e-07
0.059065 1.2974e-07
0.059324 1.2982e-07
0.059584 1.299e-07
0.059845 1.2997e-07
0.060108 1.3005e-07
0.060372 1.3014e-07
0.060636 1.3022e-07
0.060902 1.303e-07
0.06117 1.3039e-07
0.061438 1.3048e-07
0.061707 1.3057e-07
0.061978 1.3066e-07
0.06225 1.3075e-07
0.062523 1.3084e-07
0.062797 1.3094e-07
0.063073 1.3103e-07
0.063349 1.3113e-07
0.063627 1.3123e-07
0.063907 1.3133e-07
0.064187 1.3143e-07
0.064468 1.3154e-07
0.064751 1.3164e-07
0.065035 1.3175e-07
0.065321 1.3185e-07
0.065607 1.3196e-07
0.065895 1.3207e-07
0.066184 1.3218e-07
0.066474 1.323e-07
0.066766 1.3241e-07
0.067059 1.3253e-07
0.067353 1.3265e-07
0.067648 1.3277e-07
0.067945 1.329e-07
0.068243 1.3302e-07
0.068543 1.3315e-07
0.068843 1.3328e-07
0.069145 1.3342e-07
0.069449 1.3355e-07
0.069753 1.3369e-07
0.070059 1.3383e-07
0.070367 1.3397e-07
0.070675 1.3412e-07
0.070985 1.3426e-07
0.071297 1.3441e-07
0.07161 1.3456e-07
0.071924 1.3472e-07
0.072239 1.3487e-07
0.072556 1.3503e-07
0.072874 1.3519e-07
0.073194 1.3535e-07
0.073515 1.3551e-07
0.073838 1.3568e-07
0.074162 1.3585e-07
0.074487 1.3602e-07
0.074814 1.3619e-07
0.075142 1.3637e-07
0.075471 1.3655e-07
0.075803 1.3673e-07
0.076135 1.3691e-07
0.076469 1.3709e-07
0.076805 1.3728e-07
0.077141 1.3747e-07
0.07748 1.3766e-07
0.07782 1.3786e-07
0.078161 1.3806e-07
0.078504 1.3826e-07
0.078848 1.3846e-07
0.079194 1.3866e-07
0.079542 1.3887e-07
0.079891 1.3908e-07
0.080241 1.393e-07
0.080593 1.3951e-07
0.080947 1.3974e-07
0.081302 1.3996e-07
0.081658 1.4019e-07
0.082017 1.4043e-07
0.082376 1.4067e-07
0.082738 1.4091e-07
0.083101 1.4116e-07
0.083465 1.4141e-07
0.083831 1.4166e-07
0.084199 1.4192e-07
0.084568 1.4218e-07
0.084939 1.4245e-07
0.085312 1.4272e-07
0.085686 1.43e-07
0.086062 1.4327e-07
0.08644 1.4356e-07
0.086819 1.4384e-07
0.0872 1.4413e-07
0.087582 1.4443e-07
0.087967 1.4472e-07
0.088352 1.4502e-07
0.08874 1.4533e-07
0.089129 1.4563e-07
0.08952 1.4595e-07
0.089913 1.4626e-07
0.090307 1.4658e-07
0.090704 1.469e-07
0.091101 1.4723e-07
0.091501 1.4756e-07
0.091902 1.479e-07
0.092306 1.4824e-07
0.092711 1.4859e-07
0.093117 1.4895e-07
0.093526 1.4931e-07
0.093936 1.4967e-07
0.094348 1.5004e-07
0.094762 1.5042e-07
0.095178 1.5081e-07
0.095595 1.512e-07
0.096015 1.5159e-07
0.096436 1.52e-07
0.096859 1.5241e-07
0.097284 1.5283e-07
0.09771 1.5326e-07
0.098139 1.5369e-07
0.09857 1.5413e-07
0.099002 1.5458e-07
0.099436 1.5504e-07
0.099873 1.555e-07
0.10031 1.5598e-07
0.10075 1.5646e-07
0.10119 1.5695e-07
0.10164 1.5744e-07
0.10208 1.5795e-07
0.10253 1.5846e-07
0.10298 1.5897e-07
0.10343 1.595e-07
0.10389 1.6003e-07
0.10434 1.6057e-07
0.1048 1.6112e-07
0.10526 1.6168e-07
0.10572 1.6224e-07
0.10618 1.6281e-07
0.10665 1.6339e-07
0.10712 1.6398e-07
0.10759 1.6457e-07
0.10806 1.6518e-07
0.10853 1.6579e-07
0.10901 1.6641e-07
0.10949 1.6704e-07
0.10997 1.6767e-07
0.11045 1.6832e-07
0.11094 1.6898e-07
0.11142 1.6964e-07
0.11191 1.7031e-07
0.1124 1.7099e-07
0.11289 1.7169e-07
0.11339 1.7239e-07
0.11389 1.731e-07
0.11439 1.7381e-07
0.11489 1.7454e-07
0.11539 1.7528e-07
0.1159 1.7603e-07
0.1159 2.2747e-07
0.11539 2.7167e-07
0.11489 3.2426e-07
0.11439 3.8669e-07
0.11389 4.6059e-07
0.11339 5.4783e-07
0.11289 6.5049e-07
0.1124 7.7087e-07
0.11191 9.1149e-07
0.11142 1.0751e-06
0.11094 1.2645e-06
0.11045 1.4828e-06
0.10997 1.7331e-06
0.10949 2.0184e-06
0.10901 2.3417e-06
0.10853 2.7056e-06
0.10806 3.1125e-06
0.10759 3.564e-06
0.10712 4.061e-06
0.10665 4.6034e-06
0.10618 5.1901e-06
0.10572 5.8182e-06
0.10526 6.4835e-06
0.1048 7.1799e-06
0.10434 7.8996e-06
0.10389 8.6328e-06
0.10343 9.3679e-06
0.10298 1.0092e-05
0.10253 1.0789e-05
0.10208 1.1445e-05
0.10164 1.2042e-05
0.10119 1.2565e-05
0.10075 1.2998e-05
0.10031 1.3327e-05
0.099873 1.3544e-05
0.099436 1.3727e-05
0.099002 1.3907e-05
0.09857 1.4082e-05
0.098139 1.4253e-05
0.09771 1.442e-05
0.097284 1.4582e-05
0.096859 1.474e-05
0.096436 1.4895e-05
0.096015 1.5044e-05
0.095595 1.519e-05
0.095178 1.5332e-05
0.094762 1.547e-05
0.094348 1.5605e-05
0.093936 1.5735e-05
0.093526 1.5862e-05
0.093117 1.5985e-05
0.092711 1.6106e-05
0.092306 1.6222e-05
0.091902 1.6336e-05
0.091501 1.6447e-05
0.091101 1.6556e-05
0.090704 1.6661e-05
0.090307 1.6765e-05
0.089913 1.6866e-05
0.08952 1.6965e-05
0.089129 1.7062e-05
0.08874 1.7158e-05
0.088352 1.7252e-05
0.087967 1.7346e-05
0.087582 1.7438e-05
0.0872 1.7529e-05
0.086819 1.7621e-05
0.08644 1.7712e-05
0.086062 1.7803e-05
0.085686 1.7894e-05
0.085312 1.7985e-05
0.084939 1.8078e-05
0.084568 1.8172e-05
0.084199 1.8266e-05
0.083831 1.8363e-05
0.083465 1.8461e-05
0.083101 1.8562e-05
0.082738 1.8665e-05
0.082376 1.8771e-05
0.082017 1.8879e-05
0.081658 1.8992e-05
0.081302 1.9108e-05
0.080947 1.9228e-05
0.080593 1.9352e-05
0.080241 1.9481e-05
0.079891 1.9615e-05
0.079542 1.9755e-05
0.079194 1.99e-05
0.078848 2.0045e-05
0.078504 2.0192e-05
0.078161 2.034e-05
0.07782 2.0489e-05
0.07748 2.0639e-05
0.077141 2.079e-05
0.076805 2.0942e-05
0.076469 2.1096e-05
0.076135 2.125e-05
0.075803 2.1406e-05
0.075471 2.1562e-05
0.075142 2.172e-05
0.074814 2.1879e-05
0.074487 2.2039e-05
0.074162 2.2201e-05
0.073838 2.2363e-05
0.073515 2.2527e-05
0.073194 2.2692e-05
0.072874 2.2858e-05
0.072556 2.3026e-05
0.072239 2.3194e-05
0.071924 2.3364e-05
0.07161 2.3535e-05
0.071297 2.3707e-05
0.070985 2.3881e-05
0.070675 2.4056e-05
0.070367 2.4232e-05
0.070059 2.4409e-05
0.069753 2.4588e-05
0.069449 2.4768e-05
0.069145 2.4949e-05
0.068843 2.5132e-05
0.068543 2.5316e-05
0.068243 2.5502e-05
0.067945 2.5688e-05
0.067648 2.5876e-05
0.067353 2.6066e-05
0.067059 2.6257e-05
0.066766 2.6449e-05
0.066474 2.6643e-05
0.066184 2.6838e-05
0.065895 2.7034e-05
0.065607 2.7232e-05
0.065321 2.7432e-05
0.065035 2.7632e-05
0.064751 2.7835e-05
0.064468 2.8039e-05
0.064187 2.8244e-05
0.063907 2.8451e-05
0.063627 2.8659e-05
0.063349 2.8869e-05
0.063073 2.908e-05
0.062797 2.9294e-05
0.062523 2.9512e-05
0.06225 2.9732e-05
0.061978 2.9956e-05
0.061707 3.0184e-05
0.061438 3.0414e-05
0.06117 3.0648e-05
0.060902 3.0884e-05
0.060636 3.1124e-05
0.060372 3.1366e-05
0.060108 3.1611e-05
0.059845 3.1859e-05
0.059584 3.2109e-05
0.059324 3.2362e-05
0.059065 3.2618e-05
0.058807 3.2875e-05
0.05855 3.3135e-05
0.058294 3.3397e-05
0.058039 3.3661e-05
0.057786 3.3927e-05
0.057534 3.4194e-05
0.057282 3.4464e-05
0.057032 3.4735e-05
0.056783 3.5007e-05
0.056535 3.528e-05
0.056288 3.5555e-05
0.056042 3.583e-05
0.055797 3.6107e-05
0.055554 3.6384e-05
0.055311 3.6661e-05
0.05507 3.6939e-05
0.054829 3.7218e-05
0.05459 3.7496e-05
0.054351 3.7774e-05
0.054114 3.8052e-05
0.053877 3.8329e-05
0.053642 3.8606e-05
0.053408 3.8881e-05
0.053175 3.9156e-05
0.052942 3.9429e-05
0.052711 3.9701e-05
0.052481 3.9972e-05
0.052252 4.024e-05
0.052023 4.0506e-05
0.051796 4.077e-05
0.05157 4.1032e-05
0.051345 4.129e-05
0.05112 4.1546e-05
0.050897 4.1798e-05
0.050675 4.2047e-05
0.050454 4.2293e-05
0.050233 4.2534e-05
0.050014 4.2771e-05
0.049795 4.3006e-05
0.049578 4.3239e-05
0.049361 4.347e-05
0.049146 4.3699e-05
0.048931 4.3926e-05
0.048717 4.4151e-05
0.048505 4.4374e-05
0.048293 4.4596e-05
0.048082 4.4816e-05
0.047872 4.5034e-05
0.047663 4.5251e-05
0.047455 4.5466e-05
0.047247 4.568e-05
0.047041 4.5893e-05
0.046835 4.6104e-05
0.046631 4.6315e-05
0.046427 4.6524e-05
0.046224 4.6732e-05
0.046023 4.694e-05
0.045822 4.7147e-05
0.045621 4.7353e-05
0.045422 4.7558e-05
0.045224 4.7763e-05
0.045026 4.7968e-05
0.04483 4.8172e-05
0.044634 4.8376e-05
0.044439 4.858e-05
0.044245 4.8784e-05
0.044052 4.8988e-05
0.043859 4.9192e-05
0.043668 4.9396e-05
0.043477 4.9601e-05
0.043287 4.9807e-05
0.043098 5.0013e-05
0.04291 5.022e-05
0.042722 5.0428e-05
0.042536 5.0637e-05
0.04235 5.0847e-05
0.042165 5.1058e-05
0.041981 5.1271e-05
0.041797 5.1485e-05
0.041615 5.1701e-05
0.041433 5.1919e-05
0.041252 5.2139e-05
0.041072 5.2361e-05
0.040893 5.2584e-05
0.040714 5.2811e-05
0.040536 5.304e-05
0.040359 5.3271e-05
0.040183 5.3505e-05
0.040007 5.3743e-05
0.039833 5.3983e-05
0.039659 5.4226e-05
0.039485 5.4469e-05
0.039313 5.4714e-05
0.039141 5.496e-05
0.03897 5.5208e-05
0.0388 5.5456e-05
0.038631 5.5705e-05
0.038462 5.5956e-05
0.038294 5.6207e-05
0.038127 5.646e-05
0.03796 5.6714e-05
0.037794 5.6969e-05
0.037629 5.7225e-05
0.037465 5.7482e-05
0.037301 5.7741e-05
0.037138 5.8001e-05
0.036976 5.8261e-05
0.036815 5.8523e-05
0.036654 5.8787e-05
0.036494 5.9051e-05
0.036334 5.9316e-05
0.036176 5.9583e-05
0.036018 5.9851e-05
0.03586 6.012e-05
0.035704 6.0391e-05
0.035548 6.0662e-05
0.035393 6.0935e-05
0.035238 6.1209e-05
0.035084 6.1484e-05
0.034931 6.1761e-05
0.034778 6.2038e-05
0.034626 6.2317e-05
0.034475 6.2597e-05
0.034325 6.2879e-05
0.034175 6.3162e-05
0.034025 6.3446e-05
0.033877 6.3731e-05
0.033729 6.4018e-05
0.033581 6.4305e-05
0.033435 6.4595e-05
0.033289 6.4885e-05
0.033143 6.5177e-05
0.032999 6.547e-05
0.032854 6.5764e-05
0.032711 6.606e-05
0.032568 6.6357e-05
0.032426 6.6656e-05
0.032284 6.6955e-05
0.032143 6.7256e-05
0.032003 6.7559e-05
0.031863 6.7863e-05
0.031724 6.8168e-05
0.031585 6.8474e-05
0.031447 6.8782e-05
0.03131 6.9091e-05
0.031173 6.9402e-05
0.031037 6.9714e-05
0.030902 7.0028e-05
0.030767 7.0343e-05
0.030632 7.0659e-05
0.030498 7.0977e-05
0.030365 7.1296e-05
0.030233 7.1616e-05
0.030101 7.1938e-05
0.029969 7.2262e-05
0.029838 7.2587e-05
0.029708 7.2913e-05
0.029578 7.3241e-05
0.029449 7.357e-05
0.02932 7.3901e-05
0.029192 7.4234e-05
0.029065 7.4567e-05
0.028938 7.4903e-05
0.028811 7.524e-05
0.028686 7.5578e-05
0.02856 7.5918e-05
0.028436 7.6259e-05
0.028311 7.6602e-05
0.028188 7.6946e-05
0.028065 7.7292e-05
0.027942 7.764e-05
0.02782 7.7989e-05
0.027698 7.834e-05
0.027578 7.8692e-05
0.027457 7.9046e-05
0.027337 7.9401e-05
0.027218 7.9758e-05
0.027099 8.0117e-05
0.026981 8.0477e-05
0.026863 8.0839e-05
0.026745 8.1203e-05
0.026629 8.1568e-05
0.026512 8.1935e-05
0.026396 8.2303e-05
0.026281 8.2673e-05
0.026166 8.3045e-05
0.026052 8.3418e-05
0.025938 8.3794e-05
0.025825 8.417e-05
0.025712 8.4549e-05
0.0256 8.4929e-05
0.025488 8.5311e-05
0.025377 8.5695e-05
0.025266 8.608e-05
0.025156 8.6467e-05
0.025046 8.6856e-05
0.024936 8.7249e-05
0.024827 8.7645e-05
0.024719 8.8044e-05
0.024611 8.8447e-05
0.024504 8.8853e-05
0.024396 8.9262e-05
0.02429 8.9674e-05
0.024184 9.0089e-05
0.024078 9.0507e-05
0.023973 9.0928e-05
0.023868 9.1352e-05
0.023764 9.1778e-05
0.02366 9.2206e-05
0.023557 9.2637e-05
0.023454 9.3071e-05
0.023352 9.3506e-05
0.02325 9.3944e-05
0.023148 9.4384e-05
0.023047 9.4826e-05
0.022946 9.5269e-05
0.022846 9.5715e-05
0.022746 9.6161e-05
0.022647 9.661e-05
0.022548 9.706e-05
0.02245 9.7511e-05
0.022352 9.7963e-05
0.022254 9.8416e-05
0.022157 9.887e-05
0.02206 9.9325e-05
0.021964 9.978e-05
0.021868 0.00010024
0.021772 0.00010069
0.021677 0.00010115
0.021582 0.00010161
0.021488 0.00010206
0.021394 0.00010252
0.021301 0.00010298
0.021208 0.00010343
0.021115 0.00010389
0.021023 0.00010434
0.020931 0.00010479
0.02084 0.00010525
0.020749 0.0001057
0.020658 0.00010615
0.020568 0.0001066
0.020478 0.00010704
0.020389 0.00010749
0.0203 0.00010793
0.020211 0.00010837
0.020123 0.00010881
0.020035 0.00010924
0.019947 0.00010967
0.01986 0.0001101
0.019773 0.00011053
0.019687 0.00011096
0.019601 0.00011138
0.019515 0.00011181
0.01943 0.00011223
0.019345 0.00011265
0.019261 0.00011307
0.019177 0.00011349
0.019093 0.0001139
0.01901 0.00011432
0.018926 0.00011473
0.018844 0.00011515
0.018762 0.00011556
0.01868 0.00011597
0.018598 0.00011638
0.018517 0.00011679
0.018436 0.0001172
0.018355 0.00011761
0.018275 0.00011802
0.018195 0.00011843
0.018116 0.00011884
0.018037 0.00011924
0.017958 0.00011965
0.01788 0.00012006
0.017801 0.00012047
0.017724 0.00012088
0.017646 0.00012129
0.017569 0.0001217
0.017493 0.00012211
0.017416 0.00012252
0.01734 0.00012294
0.017264 0.00012335
0.017189 0.00012376
0.017114 0.00012418
0.017039 0.0001246
0.016965 0.00012502
0.016891 0.00012544
0.016817 0.00012586
0.016743 0.00012629
0.01667 0.00012671
0.016597 0.00012714
0.016525 0.00012757
0.016453 0.00012801
0.016381 0.00012844
0.016309 0.00012888
0.016238 0.00012932
0.016167 0.00012977
0.016097 0.00013021
0.016026 0.00013066
0.015956 0.00013112
0.015887 0.00013158
0.015817 0.00013204
0.015748 0.0001325
0.015679 0.00013297
0.015611 0.00013343
0.015543 0.0001339
0.015475 0.00013437
0.015407 0.00013484
0.01534 0.00013531
0.015273 0.00013579
0.015206 0.00013626
0.01514 0.00013674
0.015074 0.00013722
0.015008 0.0001377
0.014942 0.00013819
0.014877 0.00013867
0.014812 0.00013916
0.014747 0.00013965
0.014683 0.00014014
0.014619 0.00014063
0.014555 0.00014112
0.014491 0.00014162
0.014428 0.00014211
0.014365 0.00014261
0.014302 0.00014311
0.01424 0.00014361
0.014178 0.00014412
0.014116 0.00014462
0.014054 0.00014513
0.013993 0.00014564
0.013932 0.00014615
0.013871 0.00014666
0.01381 0.00014718
0.01375 0.00014769
0.01369 0.00014821
0.01363 0.00014873
0.01357 0.00014925
0.013511 0.00014978
0.013452 0.0001503
0.013393 0.00015083
0.013335 0.00015136
0.013277 0.00015189
0.013219 0.00015242
0.013161 0.00015296
0.013103 0.00015349
0.013046 0.00015403
0.012989 0.00015457
0.012933 0.00015511
0.012876 0.00015566
0.01282 0.0001562
0.012764 0.00015675
0.012708 0.0001573
0.012653 0.00015785
0.012597 0.00015841
0.012542 0.00015896
0.012488 0.00015952
0.012433 0.00016009
0.012379 0.00016065
0.012325 0.00016122
0.012271 0.0001618
0.012217 0.00016237
0.012164 0.00016295
0.012111 0.00016354
0.012058 0.00016412
0.012005 0.00016471
0.011953 0.0001653
0.0119 0.0001659
0.011849 0.00016649
0.011797 0.00016709
0.011745 0.0001677
0.011694 0.0001683
0.011643 0.00016891
0.011592 0.00016951
0.011541 0.00017013
0.011491 0.00017074
0.011441 0.00017135
0.011391 0.00017197
0.011341 0.00017259
0.011292 0.00017321
0.011242 0.00017383
0.011193 0.00017445
0.011144 0.00017507
0.011096 0.0001757
0.011047 0.00017632
0.010999 0.00017695
0.010951 0.00017757
0.010903 0.0001782
0.010855 0.00017883
0.010808 0.00017946
0.010761 0.00018009
0.010714 0.00018072
0.010667 0.00018135
0.01062 0.00018198
0.010574 0.0001826
0.010528 0.00018323
0.010482 0.00018386
0.010436 0.00018449
0.01039 0.00018512
0.010345 0.00018574
0.0103 0.00018637
0.010255 0.00018699
0.01021 0.00018761
0.010166 0.00018823
0.010121 0.00018885
0.010077 0.00018947
0.010033 0.00019009
0.0099891 0.0001907
0.0099454 0.00019131
0.009902 0.00019192
0.0098588 0.00019253
0.0098157 0.00019314
0.0097728 0.00019375
0.0097301 0.00019435
0.0096876 0.00019496
0.0096453 0.00019556
0.0096032 0.00019616
0.0095613 0.00019676
0.0095195 0.00019737
0.0094779 0.00019797
0.0094365 0.00019857
0.0093953 0.00019917
0.0093543 0.00019976
0.0093134 0.00020036
0.0092727 0.00020096
0.0092322 0.00020156
0.0091919 0.00020216
0.0091518 0.00020276
0.0091118 0.00020336
0.009072 0.00020396
0.0090324 0.00020456
0.0089929 0.00020516
0.0089537 0.00020576
0.0089146 0.00020636
0.0088756 0.00020696
0.0088369 0.00020756
0.0087983 0.00020817
0.0087598 0.00020877
0.0087216 0.00020938
0.0086835 0.00020999
0.0086455 0.0002106
0.0086078 0.00021121
0.0085702 0.00021182
0.0085328 0.00021244
0.0084955 0.00021305
0.0084584 0.00021367
0.0084214 0.00021429
0.0083847 0.00021491
0.008348 0.00021554
0.0083116 0.00021617
0.0082753 0.0002168
0.0082391 0.00021743
0.0082032 0.00021806
0.0081673 0.0002187
0.0081316 0.00021935
0.0080961 0.00021999
0.0080608 0.00022064
0.0080256 0.00022129
0.0079905 0.00022195
0.0079556 0.00022261
0.0079209 0.00022327
0.0078863 0.00022394
0.0078518 0.00022461
0.0078175 0.00022527
0.0077834 0.00022595
0.0077494 0.00022662
0.0077155 0.0002273
0.0076818 0.00022797
0.0076483 0.00022865
0.0076149 0.00022933
0.0075816 0.00023002
0.0075485 0.0002307
0.0075156 0.00023139
0.0074827 0.00023208
0.00745 0.00023277
0.0074175 0.00023347
0.0073851 0.00023416
0.0073529 0.00023486
0.0073207 0.00023556
0.0072888 0.00023626
0.0072569 0.00023697
0.0072252 0.00023767
0.0071937 0.00023838
0.0071623 0.00023909
0.007131 0.00023981
0.0070998 0.00024052
0.0070688 0.00024124
0.0070379 0.00024196
0.0070072 0.00024268
0.0069766 0.0002434
0.0069461 0.00024413
0.0069158 0.00024485
0.0068856 0.00024558
0.0068555 0.00024632
0.0068256 0.00024705
0.0067958 0.00024779
0.0067661 0.00024853
0.0067365 0.00024927
0.0067071 0.00025001
0.0066778 0.00025075
0.0066486 0.0002515
0.0066196 0.00025225
0.0065907 0.000253
0.0065619 0.00025376
0.0065332 0.00025451
0.0065047 0.00025527
0.0064763 0.00025603
0.006448 0.0002568
0.0064199 0.00025756
0.0063918 0.00025833
0.0063639 0.0002591
0.0063361 0.00025987
0.0063084 0.00026065
0.0062809 0.00026142
0.0062534 0.0002622
0.0062261 0.00026299
0.0061989 0.00026377
0.0061719 0.00026456
0.0061449 0.00026534
0.0061181 0.00026614
0.0060913 0.00026693
0.0060647 0.00026772
0.0060383 0.00026852
0.0060119 0.00026932
0.0059856 0.00027013
0.0059595 0.00027093
0.0059335 0.00027174
0.0059075 0.00027255
0.0058817 0.00027336
0.005856 0.00027418
0.0058305 0.00027499
0.005805 0.00027581
0.0057796 0.00027663
0.0057544 0.00027746
0.0057293 0.00027829
0.0057042 0.00027912
0.0056793 0.00027995
0.0056545 0.00028078
0.0056298 0.00028162
0.0056052 0.00028246
0.0055808 0.0002833
0.0055564 0.00028415
0.0055321 0.00028499
0.005508 0.00028584
0.0054839 0.00028669
0.0054599 0.00028755
0.0054361 0.00028841
0.0054124 0.00028927
0.0053887 0.00029013
0.0053652 0.00029099
0.0053418 0.00029186
0.0053184 0.00029273
0.0052952 0.0002936
0.0052721 0.00029448
0.005249 0.00029536
0.0052261 0.00029624
0.0052033 0.00029712
0.0051806 0.00029801
0.0051579 0.00029889
0.0051354 0.00029978
0.005113 0.00030068
0.0050906 0.00030157
0.0050684 0.00030247
0.0050463 0.00030338
0.0050242 0.00030428
0.0050023 0.00030519
0.0049804 0.0003061
0.0049587 0.00030701
0.004937 0.00030792
0.0049155 0.00030884
0.004894 0.00030976
0.0048726 0.00031069
0.0048513 0.00031161
0.0048302 0.00031254
0.0048091 0.00031347
0.0047881 0.00031441
0.0047671 0.00031534
0.0047463 0.00031628
0.0047256 0.00031723
0.0047049 0.00031817
0.0046844 0.00031912
0.0046639 0.00032007
0.0046436 0.00032103
0.0046233 0.00032198
0.0046031 0.00032294
0.004583 0.00032391
0.004563 0.00032487
0.004543 0.00032584
0.0045232 0.00032681
0.0045034 0.00032779
0.0044838 0.00032876
0.0044642 0.00032974
0.0044447 0.00033073
0.0044253 0.00033171
0.004406 0.0003327
0.0043867 0.00033369
0.0043676 0.00033469
0.0043485 0.00033568
0.0043295 0.00033668
0.0043106 0.00033769
0.0042917 0.0003387
0.004273 0.0003397
0.0042543 0.00034072
0.0042358 0.00034173
0.0042173 0.00034275
0.0041988 0.00034377
0.0041805 0.0003448
0.0041622 0.00034583
0.0041441 0.00034686
0.004126 0.00034789
0.0041079 0.00034893
0.00409 0.00034997
0.0040721 0.00035101
0.0040543 0.00035206
0.0040366 0.00035311
0.004019 0.00035416
0.0040015 0.00035522
0.003984 0.00035627
0.0039666 0.00035734
0.0039493 0.00035842
0.003932 0.00035951
0.0039148 0.00036062
0.0038977 0.00036174
0.0038807 0.00036287
0.0038638 0.00036401
0.0038469 0.00036516
0.0038301 0.00036633
0.0038134 0.0003675
0.0037967 0.00036868
0.0037801 0.00036987
0.0037636 0.00037107
0.0037472 0.00037227
0.0037308 0.00037348
0.0037145 0.0003747
0.0036983 0.00037592
0.0036821 0.00037715
0.0036661 0.00037838
0.00365 0.00037961
0.0036341 0.00038085
0.0036182 0.00038209
0.0036024 0.00038333
0.0035867 0.00038456
0.003571 0.0003858
0.0035554 0.00038704
0.0035399 0.00038828
0.0035244 0.00038951
0.003509 0.00039074
0.0034937 0.00039196
0.0034785 0.00039318
0.0034633 0.0003944
0.0034481 0.0003956
0.0034331 0.0003968
0.0034181 0.000398
0.0034032 0.00039918
0.0033883 0.00040035
0.0033735 0.00040151
0.0033588 0.00040267
0.0033441 0.0004038
0.0033295 0.00040493
0.0033149 0.00040604
0.0033005 0.00040714
0.003286 0.00040822
0.0032717 0.00040928
0.0032574 0.00041032
0.0032432 0.00041135
0.003229 0.00041236
0.0032149 0.00041335
0.0032009 0.00041431
0.0031869 0.00041526
0.003173 0.00041618
0.0031591 0.00041707
0.0031453 0.00041795
0.0031316 0.00041882
0.0031179 0.00041968
0.0031043 0.00042052
0.0030907 0.00042135
0.0030772 0.00042217
0.0030638 0.00042298
0.0030504 0.00042378
0.0030371 0.00042457
0.0030238 0.00042535
0.0030106 0.00042612
0.0029975 0.00042688
0.0029844 0.00042763
0.0029713 0.00042838
0.0029584 0.00042911
0.0029454 0.00042984
0.0029326 0.00043056
0.0029198 0.00043128
0.002907 0.00043199
0.0028943 0.00043269
0.0028817 0.00043339
0.0028691 0.00043408
0.0028566 0.00043477
0.0028441 0.00043546
0.0028317 0.00043614
0.0028193 0.00043681
0.002807 0.00043749
0.0027947 0.00043816
0.0027825 0.00043883
0.0027704 0.0004395
0.0027583 0.00044016
0.0027462 0.00044083
0.0027342 0.00044149
0.0027223 0.00044216
0.0027104 0.00044283
0.0026985 0.00044349
0.0026868 0.00044416
0.002675 0.00044484
0.0026633 0.00044551
0.0026517 0.00044619
0.0026401 0.00044687
0.0026286 0.00044755
0.0026171 0.00044824
0.0026057 0.00044893
0.0025943 0.00044963
0.002583 0.00045033
0.0025717 0.00045104
0.0025605 0.00045176
0.0025493 0.00045248
0.0025381 0.00045322
0.0025271 0.00045396
0.002516 0.0004547
0.002505 0.00045546
0.0024941 0.00045622
0.0024832 0.00045698
0.0024723 0.00045774
0.0024615 0.0004585
0.0024508 0.00045926
0.0024401 0.00046003
0.0024294 0.0004608
0.0024188 0.00046156
0.0024083 0.00046233
0.0023977 0.0004631
0.0023873 0.00046387
0.0023768 0.00046464
0.0023665 0.00046542
0.0023561 0.00046619
0.0023458 0.00046697
0.0023356 0.00046775
0.0023254 0.00046852
0.0023152 0.0004693
0.0023051 0.00047009
0.0022951 0.00047087
0.002285 0.00047165
0.002275 0.00047244
0.0022651 0.00047322
0.0022552 0.00047401
0.0022454 0.0004748
0.0022356 0.00047559
0.0022258 0.00047638
0.0022161 0.00047718
0.0022064 0.00047797
0.0021968 0.00047877
0.0021872 0.00047956
0.0021776 0.00048036
0.0021681 0.00048116
0.0021586 0.00048196
0.0021492 0.00048276
0.0021398 0.00048357
0.0021305 0.00048437
0.0021212 0.00048518
0.0021119 0.00048599
0.0021027 0.0004868
0.0020935 0.00048761
0.0020844 0.00048842
0.0020752 0.00048923
0.0020662 0.00049004
0.0020572 0.00049086
0.0020482 0.00049168
0.0020392 0.0004925
0.0020303 0.00049332
0.0020215 0.00049414
0.0020126 0.00049496
0.0020038 0.00049578
0.0019951 0.00049661
0.0019864 0.00049744
0.0019777 0.00049826
0.0019691 0.00049909
0.0019605 0.00049992
0.0019519 0.00050076
0.0019434 0.00050159
0.0019349 0.00050243
0.0019264 0.00050326
0.001918 0.0005041
0.0019096 0.00050494
0.0019013 0.00050578
0.001893 0.00050662
0.0018847 0.00050746
0.0018765 0.00050831
0.0018683 0.00050916
0.0018601 0.00051
0.001852 0.00051085
0.0018439 0.0005117
0.0018359 0.00051255
0.0018279 0.00051341
0.0018199 0.00051426
0.0018119 0.00051512
0.001804 0.00051598
0.0017961 0.00051684
0.0017883 0.0005177
0.0017805 0.00051856
0.0017727 0.00051942
0.001765 0.00052029
0.0017572 0.00052115
0.0017496 0.00052202
0.0017419 0.00052289
0.0017343 0.00052376
0.0017267 0.00052463
0.0017192 0.0005255
0.0017117 0.00052638
0.0017042 0.00052725
0.0016968 0.00052813
0.0016894 0.00052901
0.001682 0.00052989
0.0016746 0.00053077
0.0016673 0.00053166
0.00166 0.00053254
0.0016528 0.00053343
0.0016456 0.00053432
0.0016384 0.00053521
0.0016312 0.0005361
0.0016241 0.00053699
0.001617 0.00053788
0.0016099 0.00053878
0.0016029 0.00053968
0.0015959 0.00054058
0.0015889 0.00054148
0.001582 0.00054238
0.0015751 0.00054328
0.0015682 0.00054418
0.0015614 0.00054509
0.0015545 0.000546
0.0015478 0.00054691
0.001541 0.00054782
0.0015343 0.00054873
0.0015276 0.00054964
0.0015209 0.00055056
0.0015143 0.00055147
0.0015076 0.00055239
0.0015011 0.00055331
0.0014945 0.00055423
0.001488 0.00055515
0.0014815 0.00055608
0.001475 0.000557
0.0014686 0.00055793
0.0014621 0.00055886
0.0014558 0.00055979
0.0014494 0.00056072
0.0014431 0.00056166
0.0014368 0.00056259
0.0014305 0.00056353
0.0014242 0.00056447
0.001418 0.00056541
0.0014118 0.00056635
0.0014057 0.00056729
0.0013995 0.00056823
0.0013934 0.00056918
0.0013873 0.00057013
0.0013813 0.00057108
0.0013752 0.00057203
0.0013692 0.00057298
0.0013632 0.00057393
0.0013573 0.00057489
0.0013514 0.00057585
0.0013455 0.0005768
0.0013396 0.00057776
0.0013337 0.00057873
0.0013279 0.00057969
0.0013221 0.00058066
0.0013163 0.00058162
0.0013106 0.00058259
0.0013049 0.00058356
0.0012992 0.00058453
0.0012935 0.0005855
0.0012878 0.00058648
0.0012822 0.00058746
0.0012766 0.00058843
0.001271 0.00058941
0.0012655 0.00059039
0.00126 0.00059138
0.0012545 0.00059237
0.001249 0.00059338
0.0012435 0.00059442
0.0012381 0.00059548
0.0012327 0.00059656
0.0012273 0.00059766
0.0012219 0.00059877
0.0012166 0.00059991
0.0012113 0.00060105
0.001206 0.00060222
0.0012007 0.00060339
0.0011955 0.00060457
0.0011903 0.00060577
0.0011851 0.00060697
0.0011799 0.00060818
0.0011747 0.0006094
0.0011696 0.00061062
0.0011645 0.00061185
0.0011594 0.00061308
0.0011543 0.00061431
0.0011493 0.00061553
0.0011443 0.00061676
0.0011393 0.00061798
0.0011343 0.0006192
0.0011294 0.00062041
0.0011244 0.00062161
0.0011195 0.00062281
0.0011146 0.00062399
0.0011098 0.00062516
0.0011049 0.00062632
0.0011001 0.00062747
0.0010953 0.00062859
0.0010905 0.0006297
0.0010857 0.00063079
0.001081 0.00063186
0.0010763 0.00063291
0.0010716 0.00063393
0.0010669 0.00063492
0.0010622 0.00063589
0.0010576 0.00063683
0.001053 0.00063774
0.0010484 0.00063862
0.0010438 0.00063947
0.0010392 0.00064028
0.0010347 0.00064105
0.0010302 0.00064179
0.0010257 0.00064248
0.0010212 0.00064314
0.0010167 0.00064375
0.0010123 0.00064432
0.0010079 0.00064484
0.0010035 0.00064531
0.00099909 0.00064574
0.00099473 0.00064614
0.00099038 0.00064653
0.00098606 0.00064692
0.00098175 0.00064729
0.00097746 0.00064765
0.00097319 0.000648
0.00096894 0.00064834
0.00096471 0.00064867
0.0009605 0.00064899
0.0009563 0.0006493
0.00095212 0.00064961
0.00094797 0.0006499
0.00094382 0.00065019
0.0009397 0.00065047
0.0009356 0.00065075
0.00093151 0.00065102
0.00092744 0.00065128
0.00092339 0.00065153
0.00091936 0.00065178
0.00091534 0.00065203
0.00091135 0.00065227
0.00090737 0.0006525
0.0009034 0.00065273
0.00089946 0.00065296
0.00089553 0.00065318
0.00089162 0.0006534
0.00088772 0.00065362
0.00088385 0.00065383
0.00087999 0.00065404
0.00087614 0.00065425
0.00087232 0.00065446
0.00086851 0.00065467
0.00086471 0.00065487
0.00086094 0.00065508
0.00085718 0.00065528
0.00085343 0.00065549
0.0008497 0.0006557
0.00084599 0.0006559
0.0008423 0.00065611
0.00083862 0.00065632
0.00083496 0.00065653
0.00083131 0.00065674
0.00082768 0.00065696
0.00082406 0.00065718
0.00082046 0.0006574
0.00081688 0.00065762
0.00081331 0.00065785
0.00080976 0.00065809
0.00080622 0.00065833
0.0008027 0.00065857
0.0007992 0.00065882
0.00079571 0.00065907
0.00079223 0.00065933
0.00078877 0.00065959
0.00078533 0.00065985
0.0007819 0.00066011
0.00077848 0.00066037
0.00077508 0.00066063
0.0007717 0.00066089
0.00076832 0.00066115
0.00076497 0.00066141
0.00076163 0.00066167
0.0007583 0.00066193
0.00075499 0.00066219
0.00075169 0.00066246
0.00074841 0.00066272
0.00074514 0.00066298
0.00074189 0.00066324
0.00073865 0.0006635
0.00073542 0.00066376
0.00073221 0.00066402
0.00072901 0.00066428
0.00072583 0.00066455
0.00072266 0.00066481
0.0007195 0.00066507
0.00071636 0.00066533
0.00071323 0.00066559
0.00071011 0.00066586
0.00070701 0.00066612
0.00070392 0.00066638
0.00070085 0.00066664
0.00069779 0.00066691
0.00069474 0.00066717
0.00069171 0.00066743
0.00068868 0.0006677
0.00068568 0.00066796
0.00068268 0.00066822
0.0006797 0.00066848
0.00067673 0.00066875
0.00067378 0.00066901
0.00067083 0.00066928
0.0006679 0.00066954
0.00066499 0.0006698
0.00066208 0.00067007
0.00065919 0.00067033
0.00065631 0.00067059
0.00065344 0.00067086
0.00065059 0.00067112
0.00064775 0.00067139
0.00064492 0.00067165
0.0006421 0.00067192
0.0006393 0.00067218
0.00063651 0.00067245
0.00063373 0.00067271
0.00063096 0.00067298
0.0006282 0.00067324
0.00062546 0.00067351
0.00062273 0.00067377
0.00062001 0.00067404
0.0006173 0.0006743
0.0006146 0.00067457
0.00061192 0.00067483
0.00060925 0.0006751
0.00060658 0.00067537
0.00060394 0.00067563
0.0006013 0.0006759
0.00059867 0.00067617
0.00059606 0.00067643
0.00059345 0.0006767
0.00059086 0.00067697
0.00058828 0.00067723
0.00058571 0.0006775
0.00058315 0.00067777
0.00058061 0.00067803
0.00057807 0.0006783
0.00057555 0.00067857
0.00057303 0.00067883
0.00057053 0.0006791
0.00056804 0.00067937
0.00056556 0.00067964
0.00056309 0.00067991
0.00056063 0.00068017
0.00055818 0.00068044
0.00055574 0.00068071
0.00055331 0.00068098
0.0005509 0.00068125
0.00054849 0.00068151
0.00054609 0.00068178
0.00054371 0.00068205
0.00054133 0.00068232
0.00053897 0.00068259
0.00053662 0.00068286
0.00053427 0.00068313
0.00053194 0.0006834
0.00052962 0.00068367
0.0005273 0.00068393
0.000525 0.0006842
0.00052271 0.00068447
0.00052042 0.00068474
0.00051815 0.00068501
0.00051589 0.00068528
0.00051363 0.00068555
0.00051139 0.00068582
0.00050916 0.00068609
0.00050693 0.00068636
0.00050472 0.00068663
0.00050251 0.0006869
0.00050032 0.00068718
0.00049813 0.00068745
0.00049596 0.00068772
0.00049379 0.00068799
0.00049164 0.00068826
0.00048949 0.00068853
0.00048735 0.0006888
0.00048522 0.00068907
0.0004831 0.00068934
0.00048099 0.00068962
0.00047889 0.00068989
0.0004768 0.00069016
0.00047472 0.00069043
0.00047264 0.0006907
0.00047058 0.00069098
0.00046853 0.00069125
0.00046648 0.00069152
0.00046444 0.00069179
0.00046241 0.00069207
0.00046039 0.00069234
0.00045838 0.00069261
0.00045638 0.00069288
0.00045439 0.00069316
0.0004524 0.00069343
0.00045043 0.0006937
0.00044846 0.00069398
0.0004465 0.00069425
0.00044455 0.00069452
0.00044261 0.0006948
0.00044068 0.00069507
0.00043875 0.00069535
0.00043683 0.00069562
0.00043493 0.00069589
0.00043303 0.00069617
0.00043114 0.00069644
0.00042925 0.00069672
0.00042738 0.00069699
0.00042551 0.00069727
0.00042365 0.00069754
0.0004218 0.00069781
0.00041996 0.00069809
0.00041813 0.00069836
0.0004163 0.00069864
0.00041448 0.00069892
0.00041267 0.00069919
0.00041087 0.00069947
0.00040907 0.00069974
0.00040729 0.00070002
0.00040551 0.00070029
0.00040374 0.00070057
0.00040197 0.00070085
0.00040022 0.00070112
0.00039847 0.0007014
0.00039673 0.00070167
0.000395 0.00070195
0.00039327 0.00070223
0.00039155 0.0007025
0.00038984 0.00070278
0.00038814 0.00070306
0.00038645 0.00070333
0.00038476 0.00070361
0.00038308 0.00070389
0.00038141 0.00070417
0.00037974 0.00070444
0.00037808 0.00070472
0.00037643 0.000705
0.00037479 0.00070528
0.00037315 0.00070555
0.00037152 0.00070583
0.0003699 0.00070611
0.00036828 0.00070639
0.00036667 0.00070667
0.00036507 0.00070695
0.00036348 0.00070722
0.00036189 0.0007075
0.00036031 0.00070778
0.00035873 0.00070806
0.00035717 0.00070834
0.00035561 0.00070862
0.00035405 0.0007089
0.00035251 0.00070918
0.00035097 0.00070946
0.00034944 0.00070974
0.00034791 0.00071002
0.00034639 0.0007103
0.00034488 0.00071058
0.00034337 0.00071086
0.00034187 0.00071114
0.00034038 0.00071142
0.00033889 0.0007117
0.00033741 0.00071198
0.00033594 0.00071226
0.00033447 0.00071254
0.00033301 0.00071282
0.00033155 0.0007131
0.00033011 0.00071338
0.00032866 0.00071366
0.00032723 0.00071394
0.0003258 0.00071422
0.00032438 0.00071451
0.00032296 0.00071479
0.00032155 0.00071507
0.00032015 0.00071535
0.00031875 0.00071563
0.00031735 0.00071591
0.00031597 0.0007162
0.00031459 0.00071648
0.00031321 0.00071676
0.00031185 0.00071704
0.00031048 0.00071733
0.00030913 0.00071761
0.00030778 0.00071789
0.00030643 0.00071817
0.0003051 0.00071846
0.00030376 0.00071874
0.00030244 0.00071902
0.00030112 0.00071931
0.0002998 0.00071959
0.00029849 0.00071987
0.00029719 0.00072016
0.00029589 0.00072044
0.0002946 0.00072072
0.00029331 0.00072101
0.00029203 0.00072129
0.00029075 0.00072158
0.00028948 0.00072186
0.00028822 0.00072215
0.00028696 0.00072243
0.00028571 0.00072272
0.00028446 0.000723
0.00028322 0.00072328
0.00028198 0.00072357
0.00028075 0.00072385
0.00027952 0.00072414
0.0002783 0.00072443
0.00027709 0.00072471
0.00027588 0.000725
0.00027467 0.00072528
0.00027347 0.00072557
0.00027228 0.00072585
0.00027109 0.00072614
0.0002699 0.00072643
0.00026872 0.00072671
0.00026755 0.000727
0.00026638 0.00072728
0.00026522 0.00072757
0.00026406 0.00072786
0.00026291 0.00072814
0.00026176 0.00072843
0.00026062 0.00072872
0.00025948 0.00072901
0.00025834 0.00072929
0.00025722 0.00072958
0.00025609 0.00072987
0.00025497 0.00073016
0.00025386 0.00073044
0.00025275 0.00073073
0.00025165 0.00073102
0.00025055 0.00073131
0.00024945 0.0007316
0.00024836 0.00073188
0.00024728 0.00073217
0.0002462 0.00073246
0.00024512 0.00073275
0.00024405 0.00073304
0.00024299 0.00073333
0.00024193 0.00073362
0.00024087 0.0007339
0.00023982 0.00073419
0.00023877 0.00073448
0.00023773 0.00073477
0.00023669 0.00073506
0.00023566 0.00073535
0.00023463 0.00073564
0.0002336 0.00073593
0.00023258 0.00073622
0.00023157 0.00073651
0.00023055 0.0007368
0.00022955 0.00073709
0.00022854 0.00073738
0.00022755 0.00073767
0.00022655 0.00073796
0.00022556 0.00073825
0.00022458 0.00073855
0.0002236 0.00073884
0.00022262 0.00073913
0.00022165 0.00073942
0.00022068 0.00073971
0.00021972 0.00074
0.00021876 0.00074029
0.0002178 0.00074058
0.00021685 0.00074088
0.0002159 0.00074117
0.00021496 0.00074146
0.00021402 0.00074175
0.00021309 0.00074204
0.00021216 0.00074234
0.00021123 0.00074263
0.00021031 0.00074292
0.00020939 0.00074321
0.00020847 0.00074351
0.00020756 0.0007438
0.00020666 0.00074409
0.00020575 0.00074439
0.00020485 0.00074468
0.00020396 0.00074497
0.00020307 0.00074527
0.00020218 0.00074556
0.0002013 0.00074585
0.00020042 0.00074615
0.00019954 0.00074644
0.00019867 0.00074674
0.00019781 0.00074703
0.00019694 0.00074733
0.00019608 0.00074762
0.00019522 0.00074791
0.00019437 0.00074821
0.00019352 0.0007485
0.00019268 0.0007488
0.00019184 0.00074909
0.000191 0.00074939
0.00019016 0.00074968
0.00018933 0.00074998
0.00018851 0.00075028
0.00018768 0.00075057
0.00018686 0.00075087
0.00018605 0.00075116
0.00018524 0.00075146
0.00018443 0.00075175
0.00018362 0.00075205
0.00018282 0.00075235
0.00018202 0.00075264
0.00018123 0.00075294
0.00018043 0.00075324
0.00017965 0.00075353
0.00017886 0.00075383
0.00017808 0.00075413
0.0001773 0.00075442
0.00017653 0.00075472
0.00017576 0.00075502
0.00017499 0.00075532
0.00017422 0.00075561
0.00017346 0.00075591
0.00017271 0.00075621
0.00017195 0.00075651
0.0001712 0.00075681
0.00017045 0.0007571
0.00016971 0.0007574
0.00016897 0.0007577
0.00016823 0.000758
0.00016749 0.0007583
0.00016676 0.0007586
0.00016603 0.0007589
0.00016531 0.00075919
0.00016459 0.00075949
0.00016387 0.00075979
0.00016315 0.00076009
0.00016244 0.00076039
0.00016173 0.00076069
0.00016102 0.00076099
0.00016032 0.00076129
0.00015962 0.00076159
0.00015892 0.00076189
0.00015823 0.00076219
0.00015754 0.00076249
0.00015685 0.00076279
0.00015617 0.00076309
0.00015548 0.00076339
0.0001548 0.00076369
0.00015413 0.000764
0.00015345 0.0007643
0.00015278 0.0007646
0.00015212 0.0007649
0.00015145 0.0007652
0.00015079 0.0007655
0.00015013 0.0007658
0.00014948 0.0007661
0.00014882 0.00076641
0.00014817 0.00076671
0.00014753 0.00076701
0.00014688 0.00076731
0.00014624 0.00076762
0.0001456 0.00076792
0.00014497 0.00076822
0.00014433 0.00076852
0.0001437 0.00076883
0.00014308 0.00076913
0.00014245 0.00076943
0.00014183 0.00076974
0.00014121 0.00077004
0.00014059 0.00077034
0.00013998 0.00077065
0.00013937 0.00077095
0.00013876 0.00077125
0.00013815 0.00077156
0.00013755 0.00077186
0.00013695 0.00077216
0.00013635 0.00077247
0.00013575 0.00077277
0.00013516 0.00077308
0.00013457 0.00077338
0.00013398 0.00077369
0.0001334 0.00077399
0.00013282 0.0007743
0.00013224 0.0007746
0.00013166 0.00077491
0.00013108 0.00077521
0.00013051 0.00077552
0.00012994 0.00077582
0.00012937 0.00077613
0.00012881 0.00077644
0.00012824 0.00077674
0.00012768 0.00077705
0.00012713 0.00077735
0.00012657 0.00077766
0.00012602 0.00077797
0.00012547 0.00077827
0.00012492 0.00077858
0.00012437 0.00077889
0.00012383 0.00077919
0.00012329 0.0007795
0.00012275 0.00077981
0.00012222 0.00078011
0.00012168 0.00078042
0.00012115 0.00078073
0.00012062 0.00078104
0.0001201 0.00078134
0.00011957 0.00078165
0.00011905 0.00078196
0.00011853 0.00078227
0.00011801 0.00078258
0.0001175 0.00078289
0.00011698 0.00078319
0.00011647 0.0007835
0.00011596 0.00078381
0.00011546 0.00078412
0.00011495 0.00078443
0.00011445 0.00078474
0.00011395 0.00078505
0.00011345 0.00078536
0.00011296 0.00078567
0.00011246 0.00078598
0.00011197 0.00078629
0.00011148 0.0007866
0.000111 0.00078691
0.00011051 0.00078722
0.00011003 0.00078753
0.00010955 0.00078784
0.00010907 0.00078815
0.00010859 0.00078846
0.00010812 0.00078877
0.00010765 0.00078908
0.00010718 0.00078939
0.00010671 0.0007897
0.00010624 0.00079001
0.00010578 0.00079032
0.00010532 0.00079063
0.00010486 0.00079095
0.0001044 0.00079126
0.00010394 0.00079157
0.00010349 0.00079188
0.00010304 0.00079219
0.00010259 0.0007925
0.00010214 0.00079282
0.00010169 0.00079313
0.00010125 0.00079344
0.00010081 0.00079375
0.00010037 0.00079407
9.9927e-05 0.00079438
9.9491e-05 0.00079469
9.9056e-05 0.00079501
9.8624e-05 0.00079532
9.8193e-05 0.00079563
9.7764e-05 0.00079595
9.7337e-05 0.00079626
9.6912e-05 0.00079657
9.6488e-05 0.00079689
9.6067e-05 0.0007972
9.5647e-05 0.00079752
9.523e-05 0.00079783
9.4814e-05 0.00079814
9.44e-05 0.00079846
9.3987e-05 0.00079877
9.3577e-05 0.00079909
9.3168e-05 0.0007994
9.2761e-05 0.00079972
9.2356e-05 0.00080003
9.1953e-05 0.00080035
9.1551e-05 0.00080066
9.1151e-05 0.00080098
9.0753e-05 0.0008013
9.0357e-05 0.00080161
8.9962e-05 0.00080193
8.9569e-05 0.00080224
8.9178e-05 0.00080256
8.8789e-05 0.00080287
8.8401e-05 0.00080319
8.8015e-05 0.00080351
8.763e-05 0.00080382
8.7247e-05 0.00080414
8.6866e-05 0.00080446
8.6487e-05 0.00080477
8.6109e-05 0.00080509
8.5733e-05 0.00080541
8.5359e-05 0.00080573
8.4986e-05 0.00080604
8.4615e-05 0.00080636
8.4245e-05 0.00080668
8.3877e-05 0.000807
8.3511e-05 0.00080732
8.3146e-05 0.00080763
8.2783e-05 0.00080795
8.2421e-05 0.00080827
8.2061e-05 0.00080859
8.1703e-05 0.00080891
8.1346e-05 0.00080923
8.0991e-05 0.00080954
8.0637e-05 0.00080986
8.0285e-05 0.00081018
7.9934e-05 0.0008105
7.9585e-05 0.00081082
7.9238e-05 0.00081114
7.8891e-05 0.00081146
7.8547e-05 0.00081178
7.8204e-05 0.0008121
7.7862e-05 0.00081242
7.7522e-05 0.00081274
7.7184e-05 0.00081306
7.6846e-05 0.00081338
7.6511e-05 0.0008137
7.6177e-05 0.00081402
7.5844e-05 0.00081434
7.5513e-05 0.00081466
7.5183e-05 0.00081498
7.4855e-05 0.00081531
7.4528e-05 0.00081563
7.4202e-05 0.00081595
7.3878e-05 0.00081627
7.3555e-05 0.00081659
7.3234e-05 0.00081691
7.2914e-05 0.00081723
7.2596e-05 0.00081756
7.2279e-05 0.00081788
7.1963e-05 0.0008182
7.1649e-05 0.00081852
7.1336e-05 0.00081885
7.1024e-05 0.00081917
7.0714e-05 0.00081949
7.0405e-05 0.00081981
7.0098e-05 0.00082014
6.9791e-05 0.00082046
6.9487e-05 0.00082078
6.9183e-05 0.00082111
6.8881e-05 0.00082143
6.858e-05 0.00082175
6.8281e-05 0.00082208
6.7982e-05 0.0008224
6.7685e-05 0.00082273
6.739e-05 0.00082305
6.7095e-05 0.00082337
6.6802e-05 0.0008237
6.6511e-05 0.00082402
6.622e-05 0.00082435
6.5931e-05 0.00082467
6.5643e-05 0.000825
6.5356e-05 0.00082532
6.5071e-05 0.00082565
6.4787e-05 0.00082597
6.4504e-05 0.0008263
6.4222e-05 0.00082662
6.3941e-05 0.00082695
6.3662e-05 0.00082728
6.3384e-05 0.0008276
6.3107e-05 0.00082793
6.2832e-05 0.00082825
6.2557e-05 0.00082858
6.2284e-05 0.00082891
6.2012e-05 0.00082923
6.1741e-05 0.00082956
6.1471e-05 0.00082989
6.1203e-05 0.00083021
6.0936e-05 0.00083054
6.067e-05 0.00083087
6.0405e-05 0.0008312
6.0141e-05 0.00083152
5.9878e-05 0.00083185
5.9617e-05 0.00083218
5.9356e-05 0.00083251
5.9097e-05 0.00083284
5.8839e-05 0.00083316
5.8582e-05 0.00083349
5.8326e-05 0.00083382
5.8071e-05 0.00083415
5.7818e-05 0.00083448
5.7565e-05 0.00083481
5.7314e-05 0.00083514
5.7063e-05 0.00083546
5.6814e-05 0.00083579
5.6566e-05 0.00083612
5.6319e-05 0.00083645
5.6073e-05 0.00083678
5.5828e-05 0.00083711
5.5584e-05 0.00083744
5.5341e-05 0.00083777
5.51e-05 0.0008381
5.4859e-05 0.00083843
5.4619e-05 0.00083876
5.4381e-05 0.00083909
5.4143e-05 0.00083942
5.3907e-05 0.00083975
5.3671e-05 0.00084008
5.3437e-05 0.00084042
5.3204e-05 0.00084075
5.2971e-05 0.00084108
5.274e-05 0.00084141
5.251e-05 0.00084174
5.228e-05 0.00084207
5.2052e-05 0.0008424
5.1824e-05 0.00084274
5.1598e-05 0.00084307
5.1373e-05 0.0008434
5.1148e-05 0.00084373
5.0925e-05 0.00084407
5.0703e-05 0.0008444
5.0481e-05 0.00084473
5.0261e-05 0.00084506
5.0041e-05 0.0008454
4.9823e-05 0.00084573
4.9605e-05 0.00084606
4.9388e-05 0.0008464
4.9173e-05 0.00084673
4.8958e-05 0.00084706
4.8744e-05 0.0008474
4.8531e-05 0.00084773
4.8319e-05 0.00084807
4.8108e-05 0.0008484
4.7898e-05 0.00084873
4.7689e-05 0.00084907
4.748e-05 0.0008494
4.7273e-05 0.00084974
4.7067e-05 0.00085007
4.6861e-05 0.00085041
4.6656e-05 0.00085074
4.6453e-05 0.00085108
4.625e-05 0.00085141
4.6048e-05 0.00085175
4.5847e-05 0.00085208
4.5646e-05 0.00085242
4.5447e-05 0.00085276
4.5249e-05 0.00085309
4.5051e-05 0.00085343
4.4854e-05 0.00085376
4.4658e-05 0.0008541
4.4463e-05 0.00085444
4.4269e-05 0.00085477
4.4076e-05 0.00085511
4.3883e-05 0.00085545
4.3691e-05 0.00085578
4.3501e-05 0.00085612
4.3311e-05 0.00085646
4.3121e-05 0.0008568
4.2933e-05 0.00085713
4.2746e-05 0.00085747
4.2559e-05 0.00085781
4.2373e-05 0.00085815
4.2188e-05 0.00085849
4.2004e-05 0.00085882
4.182e-05 0.00085916
4.1638e-05 0.0008595
4.1456e-05 0.00085984
4.1275e-05 0.00086018
4.1094e-05 0.00086052
4.0915e-05 0.00086086
4.0736e-05 0.0008612
4.0558e-05 0.00086153
4.0381e-05 0.00086187
4.0205e-05 0.00086221
4.0029e-05 0.00086255
3.9854e-05 0.00086289
3.968e-05 0.00086323
3.9507e-05 0.00086357
3.9334e-05 0.00086391
3.9163e-05 0.00086425
3.8992e-05 0.00086459
3.8821e-05 0.00086494
3.8652e-05 0.00086528
3.8483e-05 0.00086562
3.8315e-05 0.00086596
3.8147e-05 0.0008663
3.7981e-05 0.00086664
3.7815e-05 0.00086698
3.765e-05 0.00086732
3.7485e-05 0.00086767
3.7322e-05 0.00086801
3.7159e-05 0.00086835
3.6996e-05 0.00086869
3.6835e-05 0.00086903
3.6674e-05 0.00086938
3.6514e-05 0.00086972
3.6354e-05 0.00087006
3.6195e-05 0.0008704
3.6037e-05 0.00087075
3.588e-05 0.00087109
3.5723e-05 0.00087143
3.5567e-05 0.00087178
3.5412e-05 0.00087212
3.5257e-05 0.00087246
3.5103e-05 0.00087281
3.495e-05 0.00087315
3.4797e-05 0.0008735
3.4645e-05 0.00087384
3.4494e-05 0.00087418
3.4343e-05 0.00087453
3.4193e-05 0.00087487
3.4044e-05 0.00087522
3.3895e-05 0.00087556
3.3747e-05 0.00087591
3.36e-05 0.00087625
3.3453e-05 0.0008766
3.3307e-05 0.00087694
3.3161e-05 0.00087729
3.3017e-05 0.00087764
3.2872e-05 0.00087798
3.2729e-05 0.00087833
3.2586e-05 0.00087867
3.2444e-05 0.00087902
3.2302e-05 0.00087937
3.2161e-05 0.00087971
3.202e-05 0.00088006
3.188e-05 0.00088041
3.1741e-05 0.00088075
3.1603e-05 0.0008811
3.1465e-05 0.00088145
3.1327e-05 0.00088179
3.119e-05 0.00088214
3.1054e-05 0.00088249
3.0918e-05 0.00088284
3.0783e-05 0.00088318
3.0649e-05 0.00088353
3.0515e-05 0.00088388
3.0382e-05 0.00088423
3.0249e-05 0.00088458
3.0117e-05 0.00088493
2.9985e-05 0.00088527
2.9855e-05 0.00088562
2.9724e-05 0.00088597
2.9594e-05 0.00088632
2.9465e-05 0.00088667
2.9336e-05 0.00088702
2.9208e-05 0.00088737
2.9081e-05 0.00088772
2.8954e-05 0.00088807
2.8827e-05 0.00088842
2.8701e-05 0.00088877
2.8576e-05 0.00088912
2.8451e-05 0.00088947
2.8327e-05 0.00088982
2.8203e-05 0.00089017
2.808e-05 0.00089052
2.7957e-05 0.00089087
2.7835e-05 0.00089122
2.7714e-05 0.00089157
2.7593e-05 0.00089193
2.7472e-05 0.00089228
2.7352e-05 0.00089263
2.7233e-05 0.00089298
2.7114e-05 0.00089333
2.6995e-05 0.00089368
2.6877e-05 0.00089404
2.676e-05 0.00089439
2.6643e-05 0.00089474
2.6527e-05 0.00089509
2.6411e-05 0.00089545
2.6296e-05 0.0008958
2.6181e-05 0.00089615
2.6066e-05 0.00089651
2.5952e-05 0.00089686
2.5839e-05 0.00089721
2.5726e-05 0.00089757
2.5614e-05 0.00089792
2.5502e-05 0.00089827
2.5391e-05 0.00089863
2.528e-05 0.00089898
2.5169e-05 0.00089934
2.5059e-05 0.00089969
2.495e-05 0.00090004
2.4841e-05 0.0009004
2.4732e-05 0.00090075
2.4624e-05 0.00090111
2.4517e-05 0.00090146
2.441e-05 0.00090182
2.4303e-05 0.00090217
2.4197e-05 0.00090253
2.4091e-05 0.00090289
2.3986e-05 0.00090324
2.3881e-05 0.0009036
2.3777e-05 0.00090395
2.3673e-05 0.00090431
2.357e-05 0.00090467
2.3467e-05 0.00090502
2.3364e-05 0.00090538
2.3262e-05 0.00090574
2.3161e-05 0.00090609
2.306e-05 0.00090645
2.2959e-05 0.00090681
2.2859e-05 0.00090716
2.2759e-05 0.00090752
2.2659e-05 0.00090788
2.256e-05 0.00090824
2.2462e-05 0.00090859
2.2364e-05 0.00090895
2.2266e-05 0.00090931
2.2169e-05 0.00090967
2.2072e-05 0.00091003
2.1976e-05 0.00091039
2.188e-05 0.00091074
2.1784e-05 0.0009111
2.1689e-05 0.00091146
2.1594e-05 0.00091182
2.15e-05 0.00091218
2.1406e-05 0.00091254
2.1312e-05 0.0009129
2.1219e-05 0.00091326
2.1127e-05 0.00091362
2.1034e-05 0.00091398
2.0943e-05 0.00091434
2.0851e-05 0.0009147
2.076e-05 0.00091506
2.0669e-05 0.00091542
2.0579e-05 0.00091578
2.0489e-05 0.00091614
2.04e-05 0.0009165
2.0311e-05 0.00091686
2.0222e-05 0.00091723
2.0134e-05 0.00091759
2.0046e-05 0.00091795
1.9958e-05 0.00091831
1.9871e-05 0.00091867
1.9784e-05 0.00091903
1.9698e-05 0.0009194
1.9612e-05 0.00091976
1.9526e-05 0.00092012
1.9441e-05 0.00092048
1.9356e-05 0.00092085
1.9271e-05 0.00092121
1.9187e-05 0.00092157
1.9103e-05 0.00092193
1.902e-05 0.0009223
1.8937e-05 0.00092266
1.8854e-05 0.00092302
1.8772e-05 0.00092339
1.869e-05 0.00092375
1.8608e-05 0.00092412
1.8527e-05 0.00092448
1.8446e-05 0.00092484
1.8365e-05 0.00092521
1.8285e-05 0.00092557
1.8205e-05 0.00092594
1.8126e-05 0.0009263
1.8047e-05 0.00092667
1.7968e-05 0.00092703
1.7889e-05 0.0009274
1.7811e-05 0.00092776
1.7733e-05 0.00092813
1.7656e-05 0.0009285
1.7579e-05 0.00092886
1.7502e-05 0.00092923
1.7426e-05 0.00092959
1.735e-05 0.00092996
1.7274e-05 0.00093033
1.7198e-05 0.00093069
1.7123e-05 0.00093106
1.7048e-05 0.00093143
1.6974e-05 0.00093179
1.69e-05 0.00093216
1.6826e-05 0.00093253
1.6752e-05 0.0009329
1.6679e-05 0.00093326
1.6606e-05 0.00093363
1.6534e-05 0.000934
1.6462e-05 0.00093437
1.639e-05 0.00093473
1.6318e-05 0.0009351
1.6247e-05 0.00093547
1.6176e-05 0.00093584
1.6105e-05 0.00093621
1.6035e-05 0.00093658
1.5965e-05 0.00093695
1.5895e-05 0.00093732
1.5826e-05 0.00093769
1.5757e-05 0.00093805
1.5688e-05 0.00093842
1.5619e-05 0.00093879
1.5551e-05 0.00093916
1.5483e-05 0.00093953
1.5416e-05 0.0009399
1.5348e-05 0.00094027
1.5281e-05 0.00094064
1.5214e-05 0.00094102
1.5148e-05 0.00094139
1.5082e-05 0.00094176
1.5016e-05 0.00094213
1.495e-05 0.0009425
1.4885e-05 0.00094287
1.482e-05 0.00094324
1.4755e-05 0.00094361
1.4691e-05 0.00094399
1.4627e-05 0.00094436
1.4563e-05 0.00094473
1.4499e-05 0.0009451
1.4436e-05 0.00094547
1.4373e-05 0.00094585
1.431e-05 0.00094622
1.4248e-05 0.00094659
1.4185e-05 0.00094697
1.4123e-05 0.00094734
1.4062e-05 0.00094771
1.4e-05 0.00094809
1.3939e-05 0.00094846
1.3878e-05 0.00094883
1.3818e-05 0.00094921
1.3757e-05 0.00094958
1.3697e-05 0.00094995
1.3637e-05 0.00095033
1.3578e-05 0.0009507
1.3519e-05 0.00095108
1.346e-05 0.00095145
1.3401e-05 0.00095183
1.3342e-05 0.0009522
1.3284e-05 0.00095258
1.3226e-05 0.00095295
1.3168e-05 0.00095333
1.3111e-05 0.0009537
1.3053e-05 0.00095408
1.2996e-05 0.00095446
1.294e-05 0.00095483
1.2883e-05 0.00095521
1.2827e-05 0.00095558
1.2771e-05 0.00095596
1.2715e-05 0.00095634
1.2659e-05 0.00095671
1.2604e-05 0.00095709
1.2549e-05 0.00095747
1.2494e-05 0.00095785
1.244e-05 0.00095822
1.2385e-05 0.0009586
1.2331e-05 0.00095898
1.2277e-05 0.00095936
1.2224e-05 0.00095973
1.217e-05 0.00096011
1.2117e-05 0.00096049
1.2064e-05 0.00096087
1.2012e-05 0.00096125
1.1959e-05 0.00096163
1.1907e-05 0.00096201
1.1855e-05 0.00096239
1.1803e-05 0.00096276
1.1752e-05 0.00096314
1.17e-05 0.00096352
1.1649e-05 0.0009639
1.1598e-05 0.00096428
1.1548e-05 0.00096466
1.1497e-05 0.00096504
1.1447e-05 0.00096542
1.1397e-05 0.0009658
1.1347e-05 0.00096618
1.1298e-05 0.00096656
1.1248e-05 0.00096695
1.1199e-05 0.00096733
1.115e-05 0.00096771
1.1102e-05 0.00096809
1.1053e-05 0.00096847
1.1005e-05 0.00096885
1.0957e-05 0.00096923
1.0909e-05 0.00096962
1.0861e-05 0.00097
1.0814e-05 0.00097038
1.0767e-05 0.00097076
1.072e-05 0.00097114
1.0673e-05 0.00097153
1.0626e-05 0.00097191
1.058e-05 0.00097229
1.0534e-05 0.00097268
1.0488e-05 0.00097306
1.0442e-05 0.00097344
1.0396e-05 0.00097383
1.0351e-05 0.00097421
1.0306e-05 0.00097459
1.0261e-05 0.00097498
1.0216e-05 0.00097536
1.0171e-05 0.00097575
1.0127e-05 0.00097613
1.0082e-05 0.00097652
1.0038e-05 0.0009769
9.9945e-06 0.00097729
9.9509e-06 0.00097767
9.9074e-06 0.00097806
9.8641e-06 0.00097844
9.8211e-06 0.00097883
9.7782e-06 0.00097921
9.7355e-06 0.0009796
9.6929e-06 0.00097998
9.6506e-06 0.00098037
9.6085e-06 0.00098076
9.5665e-06 0.00098114
9.5247e-06 0.00098153
9.4831e-06 0.00098192
9.4417e-06 0.0009823
9.4005e-06 0.00098269
9.3594e-06 0.00098308
9.3185e-06 0.00098346
9.2778e-06 0.00098385
9.2373e-06 0.00098424
9.1969e-06 0.00098463
9.1568e-06 0.00098502
9.1168e-06 0.0009854
9.077e-06 0.00098579
9.0373e-06 0.00098618
8.9979e-06 0.00098657
8.9586e-06 0.00098696
8.9194e-06 0.00098735
8.8805e-06 0.00098774
8.8417e-06 0.00098812
8.8031e-06 0.00098851
8.7646e-06 0.0009889
8.7263e-06 0.00098929
8.6882e-06 0.00098968
8.6503e-06 0.00099007
8.6125e-06 0.00099046
8.5749e-06 0.00099085
8.5374e-06 0.00099124
8.5001e-06 0.00099163
8.463e-06 0.00099203
8.426e-06 0.00099242
8.3892e-06 0.00099281
8.3526e-06 0.0009932
8.3161e-06 0.00099359
8.2798e-06 0.00099398
8.2436e-06 0.00099437
8.2076e-06 0.00099476
8.1718e-06 0.00099516
8.1361e-06 0.00099555
8.1006e-06 0.00099594
8.0652e-06 0.00099633
8.03e-06 0.00099673
7.9949e-06 0.00099712
7.96e-06 0.00099751
7.9252e-06 0.0009979
7.8906e-06 0.0009983
7.8561e-06 0.00099869
7.8218e-06 0.00099908
7.7876e-06 0.00099948
7.7536e-06 0.00099987
7.7198e-06 0.0010003
7.686e-06 0.0010007
7.6525e-06 0.0010011
7.6191e-06 0.0010014
7.5858e-06 0.0010018
7.5526e-06 0.0010022
7.5197e-06 0.0010026
7.4868e-06 0.001003
7.4541e-06 0.0010034
7.4216e-06 0.0010038
7.3891e-06 0.0010042
7.3569e-06 0.0010046
7.3247e-06 0.001005
7.2927e-06 0.0010054
7.2609e-06 0.0010058
7.2292e-06 0.0010062
7.1976e-06 0.0010066
7.1662e-06 0.001007
7.1349e-06 0.0010074
7.1037e-06 0.0010078
7.0727e-06 0.0010082
7.0418e-06 0.0010086
7.011e-06 0.001009
6.9804e-06 0.0010094
6.9499e-06 0.0010098
6.9196e-06 0.0010102
6.8894e-06 0.0010106
6.8593e-06 0.001011
6.8293e-06 0.0010114
6.7995e-06 0.0010118
6.7698e-06 0.0010122
6.7402e-06 0.0010126
6.7108e-06 0.001013
6.6815e-06 0.0010134
6.6523e-06 0.0010138
6.6232e-06 0.0010142
6.5943e-06 0.0010146
6.5655e-06 0.001015
6.5368e-06 0.0010154
6.5083e-06 0.0010158
6.4798e-06 0.0010162
6.4515e-06 0.0010166
6.4234e-06 0.001017
6.3953e-06 0.0010174
6.3674e-06 0.0010178
6.3396e-06 0.0010182
6.3119e-06 0.0010186
6.2843e-06 0.001019
6.2569e-06 0.0010194
6.2295e-06 0.0010198
6.2023e-06 0.0010202
6.1752e-06 0.0010206
6.1483e-06 0.001021
6.1214e-06 0.0010214
6.0947e-06 0.0010218
6.0681e-06 0.0010222
6.0416e-06 0.0010226
6.0152e-06 0.001023
5.9889e-06 0.0010234
5.9627e-06 0.0010238
5.9367e-06 0.0010242
5.9108e-06 0.0010246
5.885e-06 0.001025
5.8592e-06 0.0010254
5.8337e-06 0.0010258
5.8082e-06 0.0010262
5.7828e-06 0.0010266
5.7576e-06 0.001027
5.7324e-06 0.0010274
5.7074e-06 0.0010278
5.6824e-06 0.0010282
5.6576e-06 0.0010286
5.6329e-06 0.001029
5.6083e-06 0.0010294
5.5838e-06 0.0010299
5.5594e-06 0.0010303
5.5351e-06 0.0010307
5.511e-06 0.0010311
5.4869e-06 0.0010315
5.4629e-06 0.0010319
5.4391e-06 0.0010323
5.4153e-06 0.0010327
5.3917e-06 0.0010331
5.3681e-06 0.0010335
5.3447e-06 0.0010339
5.3213e-06 0.0010343
5.2981e-06 0.0010347
5.2749e-06 0.0010351
5.2519e-06 0.0010356
5.229e-06 0.001036
5.2061e-06 0.0010364
5.1834e-06 0.0010368
5.1608e-06 0.0010372
5.1382e-06 0.0010376
5.1158e-06 0.001038
5.0934e-06 0.0010384
5.0712e-06 0.0010388
5.049e-06 0.0010392
5.027e-06 0.0010396
5.005e-06 0.00104
4.9832e-06 0.0010405
4.9614e-06 0.0010409
4.9397e-06 0.0010413
4.9182e-06 0.0010417
4.8967e-06 0.0010421
4.8753e-06 0.0010425
4.854e-06 0.0010429
4.8328e-06 0.0010433
4.8117e-06 0.0010437
4.7907e-06 0.0010442
4.7697e-06 0.0010446
4.7489e-06 0.001045
4.7282e-06 0.0010454
4.7075e-06 0.0010458
4.687e-06 0.0010462
4.6665e-06 0.0010466
4.6461e-06 0.001047
4.6258e-06 0.0010474
4.6056e-06 0.0010479
4.5855e-06 0.0010483
4.5655e-06 0.0010487
4.5455e-06 0.0010491
4.5257e-06 0.0010495
4.5059e-06 0.0010499
4.4862e-06 0.0010503
4.4666e-06 0.0010508
4.4471e-06 0.0010512
4.4277e-06 0.0010516
4.4084e-06 0.001052
4.3891e-06 0.0010524
4.3699e-06 0.0010528
4.3509e-06 0.0010532
4.3319e-06 0.0010537
4.3129e-06 0.0010541
4.2941e-06 0.0010545
4.2753e-06 0.0010549
4.2567e-06 0.0010553
4.2381e-06 0.0010557
4.2196e-06 0.0010562
4.2011e-06 0.0010566
4.1828e-06 0.001057
4.1645e-06 0.0010574
4.1463e-06 0.0010578
4.1282e-06 0.0010582
4.1102e-06 0.0010587
4.0922e-06 0.0010591
4.0744e-06 0.0010595
4.0566e-06 0.0010599
4.0388e-06 0.0010603
4.0212e-06 0.0010607
4.0036e-06 0.0010612
3.9862e-06 0.0010616
3.9687e-06 0.001062
3.9514e-06 0.0010624
3.9342e-06 0.0010628
3.917e-06 0.0010632
3.8999e-06 0.0010637
3.8828e-06 0.0010641
3.8659e-06 0.0010645
3.849e-06 0.0010649
3.8322e-06 0.0010653
3.8154e-06 0.0010658
3.7988e-06 0.0010662
3.7822e-06 0.0010666
3.7657e-06 0.001067
3.7492e-06 0.0010674
3.7328e-06 0.0010679
3.7165e-06 0.0010683
3.7003e-06 0.0010687
3.6841e-06 0.0010691
3.6681e-06 0.0010695
3.652e-06 0.00107
3.6361e-06 0.0010704
3.6202e-06 0.0010708
3.6044e-06 0.0010712
3.5886e-06 0.0010717
3.573e-06 0.0010721
3.5574e-06 0.0010725
3.5418e-06 0.0010729
3.5264e-06 0.0010733
3.511e-06 0.0010738
3.4956e-06 0.0010742
3.4804e-06 0.0010746
3.4652e-06 0.001075
3.45e-06 0.0010755
3.435e-06 0.0010759
3.42e-06 0.0010763
3.405e-06 0.0010767
3.3901e-06 0.0010772
3.3753e-06 0.0010776
3.3606e-06 0.001078
3.3459e-06 0.0010784
3.3313e-06 0.0010789
3.3168e-06 0.0010793
3.3023e-06 0.0010797
3.2878e-06 0.0010801
3.2735e-06 0.0010806
3.2592e-06 0.001081
3.245e-06 0.0010814
3.2308e-06 0.0010818
3.2167e-06 0.0010823
3.2026e-06 0.0010827
3.1886e-06 0.0010831
3.1747e-06 0.0010835
3.1608e-06 0.001084
3.147e-06 0.0010844
3.1333e-06 0.0010848
3.1196e-06 0.0010853
3.106e-06 0.0010857
3.0924e-06 0.0010861
3.0789e-06 0.0010865
3.0655e-06 0.001087
3.0521e-06 0.0010874
3.0387e-06 0.0010878
3.0255e-06 0.0010883
3.0123e-06 0.0010887
2.9991e-06 0.0010891
2.986e-06 0.0010895
2.973e-06 0.00109
2.96e-06 0.0010904
2.947e-06 0.0010908
2.9342e-06 0.0010913
2.9214e-06 0.0010917
2.9086e-06 0.0010921
2.8959e-06 0.0010925
2.8832e-06 0.001093
2.8707e-06 0.0010934
2.8581e-06 0.0010938
2.8456e-06 0.0010943
2.8332e-06 0.0010947
2.8208e-06 0.0010951
2.8085e-06 0.0010956
2.7962e-06 0.001096
2.784e-06 0.0010964
2.7719e-06 0.0010969
2.7598e-06 0.0010973
2.7477e-06 0.0010977
2.7357e-06 0.0010982
2.7238e-06 0.0010986
2.7119e-06 0.001099
2.7e-06 0.0010995
2.6882e-06 0.0010999
2.6765e-06 0.0011003
2.6648e-06 0.0011008
2.6532e-06 0.0011012
2.6416e-06 0.0011016
2.63e-06 0.0011021
2.6185e-06 0.0011025
2.6071e-06 0.0011029
2.5957e-06 0.0011034
2.5844e-06 0.0011038
2.5731e-06 0.0011042
2.5619e-06 0.0011047
2.5507e-06 0.0011051
2.5395e-06 0.0011055
2.5284e-06 0.001106
2.5174e-06 0.0011064
2.5064e-06 0.0011068
2.4954e-06 0.0011073
2.4845e-06 0.0011077
2.4737e-06 0.0011082
2.4629e-06 0.0011086
2.4521e-06 0.001109
2.4414e-06 0.0011095
2.4308e-06 0.0011099
2.4201e-06 0.0011103
2.4096e-06 0.0011108
2.3991e-06 0.0011112
2.3886e-06 0.0011116
2.3781e-06 0.0011121
2.3678e-06 0.0011125
2.3574e-06 0.001113
2.3471e-06 0.0011134
2.3369e-06 0.0011138
2.3267e-06 0.0011143
2.3165e-06 0.0011147
2.3064e-06 0.0011152
2.2963e-06 0.0011156
2.2863e-06 0.001116
2.2763e-06 0.0011165
2.2663e-06 0.0011169
2.2565e-06 0.0011174
2.2466e-06 0.0011178
2.2368e-06 0.0011182
2.227e-06 0.0011187
2.2173e-06 0.0011191
2.2076e-06 0.0011196
2.198e-06 0.00112
2.1884e-06 0.0011204
2.1788e-06 0.0011209
2.1693e-06 0.0011213
2.1598e-06 0.0011218
2.1504e-06 0.0011222
2.141e-06 0.0011227
2.1316e-06 0.0011231
2.1223e-06 0.0011235
2.1131e-06 0.001124
2.1038e-06 0.0011244
2.0946e-06 0.0011249
2.0855e-06 0.0011253
2.0764e-06 0.0011258
2.0673e-06 0.0011262
2.0583e-06 0.0011266
2.0493e-06 0.0011271
2.0403e-06 0.0011275
2.0314e-06 0.001128
2.0226e-06 0.0011284
2.0137e-06 0.0011289
2.0049e-06 0.0011293
1.9962e-06 0.0011297
1.9875e-06 0.0011302
1.9788e-06 0.0011306
1.9701e-06 0.0011311
1.9615e-06 0.0011315
1.953e-06 0.001132
1.9444e-06 0.0011324
1.9359e-06 0.0011329
1.9275e-06 0.0011333
1.9191e-06 0.0011338
1.9107e-06 0.0011342
1.9023e-06 0.0011347
1.894e-06 0.0011351
1.8858e-06 0.0011356
1.8775e-06 0.001136
1.8693e-06 0.0011364
1.8612e-06 0.0011369
1.853e-06 0.0011373
1.8449e-06 0.0011378
1.8369e-06 0.0011382
1.8289e-06 0.0011387
1.8209e-06 0.0011391
1.8129e-06 0.0011396
1.805e-06 0.00114
1.7971e-06 0.0011405
1.7893e-06 0.0011409
1.7814e-06 0.0011414
1.7737e-06 0.0011418
1.7659e-06 0.0011423
1.7582e-06 0.0011427
1.7505e-06 0.0011432
1.7429e-06 0.0011436
1.7353e-06 0.0011441
1.7277e-06 0.0011445
1.7201e-06 0.001145
1.7126e-06 0.0011454
1.7051e-06 0.0011459
1.6977e-06 0.0011463
1.6903e-06 0.0011468
1.6829e-06 0.0011472
1.6756e-06 0.0011477
1.6682e-06 0.0011481
1.661e-06 0.0011486
1.6537e-06 0.0011491
1.6465e-06 0.0011495
1.6393e-06 0.00115
1.6321e-06 0.0011504
1.625e-06 0.0011509
1.6179e-06 0.0011513
1.6108e-06 0.0011518
1.6038e-06 0.0011522
1.5968e-06 0.0011527
1.5898e-06 0.0011531
1.5829e-06 0.0011536
1.576e-06 0.001154
1.5691e-06 0.0011545
1.5622e-06 0.0011549
1.5554e-06 0.0011554
1.5486e-06 0.0011559
1.5418e-06 0.0011563
1.5351e-06 0.0011568
1.5284e-06 0.0011572
1.5217e-06 0.0011577
1.5151e-06 0.0011581
1.5085e-06 0.0011586
1.5019e-06 0.0011591
1.4953e-06 0.0011595
1.4888e-06 0.00116
1.4823e-06 0.0011604
1.4758e-06 0.0011609
1.4694e-06 0.0011613
1.4629e-06 0.0011618
1.4566e-06 0.0011623
1.4502e-06 0.0011627
1.4439e-06 0.0011632
1.4376e-06 0.0011636
1.4313e-06 0.0011641
1.425e-06 0.0011645
1.4188e-06 0.001165
1.4126e-06 0.0011655
1.4064e-06 0.0011659
1.4003e-06 0.0011664
1.3942e-06 0.0011668
1.3881e-06 0.0011673
1.382e-06 0.0011678
1.376e-06 0.0011682
1.37e-06 0.0011687
1.364e-06 0.0011691
1.358e-06 0.0011696
1.3521e-06 0.0011701
1.3462e-06 0.0011705
1.3403e-06 0.001171
1.3345e-06 0.0011714
1.3286e-06 0.0011719
1.3228e-06 0.0011724
1.3171e-06 0.0011728
1.3113e-06 0.0011733
1.3056e-06 0.0011738
1.2999e-06 0.0011742
1.2942e-06 0.0011747
1.2885e-06 0.0011751
1.2829e-06 0.0011756
1.2773e-06 0.0011761
1.2717e-06 0.0011765
1.2662e-06 0.001177
1.2606e-06 0.0011775
1.2551e-06 0.0011779
1.2497e-06 0.0011784
1.2442e-06 0.0011789
1.2388e-06 0.0011793
1.2334e-06 0.0011798
1.228e-06 0.0011802
1.2226e-06 0.0011807
1.2173e-06 0.0011812
1.212e-06 0.0011816
1.2067e-06 0.0011821
1.2014e-06 0.0011826
1.1961e-06 0.001183
1.1909e-06 0.0011835
1.1857e-06 0.001184
1.1805e-06 0.0011844
1.1754e-06 0.0011849
1.1702e-06 0.0011854
1.1651e-06 0.0011858
1.16e-06 0.0011863
1.155e-06 0.0011868
1.1499e-06 0.0011872
1.1449e-06 0.0011877
1.1399e-06 0.0011882
1.1349e-06 0.0011886
1.13e-06 0.0011891
1.125e-06 0.0011896
1.1201e-06 0.0011901
1.1152e-06 0.0011905
1.1104e-06 0.001191
1.1055e-06 0.0011915
1.1007e-06 0.0011919
1.0959e-06 0.0011924
1.0911e-06 0.0011929
1.0863e-06 0.0011933
1.0816e-06 0.0011938
1.0769e-06 0.0011943
1.0722e-06 0.0011947
1.0675e-06 0.0011952
1.0628e-06 0.0011957
1.0582e-06 0.0011962
1.0535e-06 0.0011966
1.0489e-06 0.0011971
1.0444e-06 0.0011976
1.0398e-06 0.001198
1.0353e-06 0.0011985
1.0307e-06 0.001199
1.0262e-06 0.0011995
1.0218e-06 0.0011999
1.0173e-06 0.0012004
1.0128e-06 0.0012009
1.0084e-06 0.0012014
1.004e-06 0.0012018
9.9964e-07 0.0012023
9.9527e-07 0.0012028
9.9092e-07 0.0012033
9.8659e-07 0.0012037
9.8229e-07 0.0012042
9.78e-07 0.0012047
9.7372e-07 0.0012051
9.6947e-07 0.0012056
9.6524e-07 0.0012061
9.6102e-07 0.0012066
9.5682e-07 0.001207
9.5264e-07 0.0012075
9.4848e-07 0.001208
9.4434e-07 0.0012085
9.4022e-07 0.001209
9.3611e-07 0.0012094
9.3202e-07 0.0012099
9.2795e-07 0.0012104
9.239e-07 0.0012109
9.1986e-07 0.0012113
9.1584e-07 0.0012118
9.1184e-07 0.0012123
9.0786e-07 0.0012128
9.039e-07 0.0012132
8.9995e-07 0.0012137
8.9602e-07 0.0012142
8.9211e-07 0.0012147
8.8821e-07 0.0012152
8.8433e-07 0.0012156
8.8047e-07 0.0012161
8.7662e-07 0.0012166
8.7279e-07 0.0012171
8.6898e-07 0.0012176
8.6519e-07 0.001218
8.6141e-07 0.0012185
8.5764e-07 0.001219
8.539e-07 0.0012195
8.5017e-07 0.00122
8.4646e-07 0.0012204
8.4276e-07 0.0012209
8.3908e-07 0.0012214
8.3541e-07 0.0012219
8.3176e-07 0.0012224
8.2813e-07 0.0012228
8.2451e-07 0.0012233
8.2091e-07 0.0012238
8.1733e-07 0.0012243
8.1376e-07 0.0012248
8.102e-07 0.0012253
8.0667e-07 0.0012257
8.0314e-07 0.0012262
7.9963e-07 0.0012267
7.9614e-07 0.0012272
7.9266e-07 0.0012277
7.892e-07 0.0012282
7.8576e-07 0.0012286
7.8232e-07 0.0012291
7.7891e-07 0.0012296
7.755e-07 0.0012301
7.7212e-07 0.0012306
7.6875e-07 0.0012311
7.6539e-07 0.0012315
7.6204e-07 0.001232
7.5872e-07 0.0012325
7.554e-07 0.001233
7.521e-07 0.0012335
7.4882e-07 0.001234
7.4555e-07 0.0012345
7.4229e-07 0.0012349
7.3905e-07 0.0012354
7.3582e-07 0.0012359
7.3261e-07 0.0012364
7.2941e-07 0.0012369
7.2622e-07 0.0012374
7.2305e-07 0.0012379
7.1989e-07 0.0012384
7.1675e-07 0.0012388
7.1362e-07 0.0012393
7.105e-07 0.0012398
7.074e-07 0.0012403
7.0431e-07 0.0012408
7.0123e-07 0.0012413
6.9817e-07 0.0012418
6.9512e-07 0.0012423
6.9208e-07 0.0012428
6.8906e-07 0.0012432
6.8605e-07 0.0012437
6.8305e-07 0.0012442
6.8007e-07 0.0012447
6.771e-07 0.0012452
6.7414e-07 0.0012457
6.712e-07 0.0012462
6.6827e-07 0.0012467
6.6535e-07 0.0012472
6.6244e-07 0.0012477
6.5955e-07 0.0012482
6.5667e-07 0.0012486
6.538e-07 0.0012491
6.5095e-07 0.0012496
6.481e-07 0.0012501
6.4527e-07 0.0012506
6.4245e-07 0.0012511
6.3965e-07 0.0012516
6.3685e-07 0.0012521
6.3407e-07 0.0012526
6.313e-07 0.0012531
6.2855e-07 0.0012536
6.258e-07 0.0012541
6.2307e-07 0.0012546
6.2035e-07 0.0012551
6.1764e-07 0.0012556
6.1494e-07 0.001256
6.1225e-07 0.0012565
6.0958e-07 0.001257
6.0692e-07 0.0012575
6.0427e-07 0.001258
6.0163e-07 0.0012585
5.99e-07 0.001259
5.9638e-07 0.0012595
5.9378e-07 0.00126
5.9118e-07 0.0012605
5.886e-07 0.001261
5.8603e-07 0.0012615
5.8347e-07 0.001262
5.8092e-07 0.0012625
5.7839e-07 0.001263
5.7586e-07 0.0012635
5.7334e-07 0.001264
5.7084e-07 0.0012645
5.6835e-07 0.001265
5.6587e-07 0.0012655
5.6339e-07 0.001266
5.6093e-07 0.0012665
5.5848e-07 0.001267
5.5604e-07 0.0012675
5.5362e-07 0.001268
5.512e-07 0.0012685
5.4879e-07 0.001269
5.4639e-07 0.0012695
5.4401e-07 0.00127
5.4163e-07 0.0012705
5.3926e-07 0.001271
5.3691e-07 0.0012715
5.3456e-07 0.001272
5.3223e-07 0.0012725
5.2991e-07 0.001273
5.2759e-07 0.0012735
5.2529e-07 0.001274
5.2299e-07 0.0012745
5.2071e-07 0.001275
5.1843e-07 0.0012755
5.1617e-07 0.001276
5.1391e-07 0.0012765
5.1167e-07 0.001277
5.0944e-07 0.0012775
5.0721e-07 0.001278
5.05e-07 0.0012785
5.0279e-07 0.001279
5.0059e-07 0.0012795
4.9841e-07 0.00128
4.9623e-07 0.0012805
4.9406e-07 0.001281
4.9191e-07 0.0012815
4.8976e-07 0.001282
4.8762e-07 0.0012825
4.8549e-07 0.0012831
4.8337e-07 0.0012836
4.8126e-07 0.0012841
4.7915e-07 0.0012846
4.7706e-07 0.0012851
4.7498e-07 0.0012856
4.729e-07 0.0012861
4.7084e-07 0.0012866
4.6878e-07 0.0012871
4.6673e-07 0.0012876
4.647e-07 0.0012881
4.6267e-07 0.0012886
4.6065e-07 0.0012891
4.5863e-07 0.0012896
4.5663e-07 0.0012901
4.5464e-07 0.0012907
4.5265e-07 0.0012912
4.5067e-07 0.0012917
4.487e-07 0.0012922
4.4674e-07 0.0012927
4.4479e-07 0.0012932
4.4285e-07 0.0012937
4.4092e-07 0.0012942
4.3899e-07 0.0012947
4.3707e-07 0.0012952
4.3516e-07 0.0012957
4.3326e-07 0.0012963
4.3137e-07 0.0012968
4.2949e-07 0.0012973
4.2761e-07 0.0012978
4.2574e-07 0.0012983
4.2388e-07 0.0012988
4.2203e-07 0.0012993
4.2019e-07 0.0012998
4.1835e-07 0.0013004
4.1653e-07 0.0013009
4.1471e-07 0.0013014
4.129e-07 0.0013019
4.1109e-07 0.0013024
4.093e-07 0.0013029
4.0751e-07 0.0013034
4.0573e-07 0.0013039
4.0396e-07 0.0013045
4.0219e-07 0.001305
4.0044e-07 0.0013055
3.9869e-07 0.001306
3.9695e-07 0.0013065
3.9521e-07 0.001307
3.9349e-07 0.0013075
3.9177e-07 0.0013081
3.9006e-07 0.0013086
3.8835e-07 0.0013091
3.8666e-07 0.0013096
3.8497e-07 0.0013101
3.8329e-07 0.0013106
3.8161e-07 0.0013112
3.7995e-07 0.0013117
3.7829e-07 0.0013122
3.7664e-07 0.0013127
3.7499e-07 0.0013132
3.7335e-07 0.0013137
3.7172e-07 0.0013143
3.701e-07 0.0013148
3.6848e-07 0.0013153
3.6687e-07 0.0013158
3.6527e-07 0.0013163
3.6367e-07 0.0013168
3.6209e-07 0.0013174
3.605e-07 0.0013179
3.5893e-07 0.0013184
3.5736e-07 0.0013189
3.558e-07 0.0013194
3.5425e-07 0.00132
3.527e-07 0.0013205
3.5116e-07 0.001321
3.4963e-07 0.0013215
3.481e-07 0.001322
3.4658e-07 0.0013226
3.4507e-07 0.0013231
3.4356e-07 0.0013236
3.4206e-07 0.0013241
3.4056e-07 0.0013247
3.3908e-07 0.0013252
3.376e-07 0.0013257
3.3612e-07 0.0013262
3.3465e-07 0.0013267
3.3319e-07 0.0013273
3.3174e-07 0.0013278
3.3029e-07 0.0013283
3.2884e-07 0.0013288
3.2741e-07 0.0013294
3.2598e-07 0.0013299
3.2455e-07 0.0013304
3.2314e-07 0.0013309
3.2173e-07 0.0013315
3.2032e-07 0.001332
3.1892e-07 0.0013325
3.1753e-07 0.001333
3.1614e-07 0.0013336
3.1476e-07 0.0013341
3.1339e-07 0.0013346
3.1202e-07 0.0013351
3.1065e-07 0.0013357
3.093e-07 0.0013362
3.0795e-07 0.0013367
3.066e-07 0.0013372
3.0526e-07 0.0013378
3.0393e-07 0.0013383
3.026e-07 0.0013388
3.0128e-07 0.0013393
2.9996e-07 0.0013399
2.9865e-07 0.0013404
2.9735e-07 0.0013409
2.9605e-07 0.0013415
2.9476e-07 0.001342
2.9347e-07 0.0013425
2.9219e-07 0.001343
2.9091e-07 0.0013436
2.8964e-07 0.0013441
2.8838e-07 0.0013446
2.8712e-07 0.0013452
2.8586e-07 0.0013457
2.8461e-07 0.0013462
2.8337e-07 0.0013468
2.8213e-07 0.0013473
2.809e-07 0.0013478
2.7967e-07 0.0013483
2.7845e-07 0.0013489
2.7724e-07 0.0013494
2.7603e-07 0.0013499
2.7482e-07 0.0013505
2.7362e-07 0.001351
2.7243e-07 0.0013515
2.7124e-07 0.0013521
2.7005e-07 0.0013526
2.6887e-07 0.0013531
2.677e-07 0.0013537
2.6653e-07 0.0013542
2.6536e-07 0.0013547
2.642e-07 0.0013553
2.6305e-07 0.0013558
2.619e-07 0.0013563
2.6076e-07 0.0013569
2.5962e-07 0.0013574
2.5849e-07 0.0013579
2.5736e-07 0.0013585
2.5623e-07 0.001359
2.5511e-07 0.0013595
2.54e-07 0.0013601
2.5289e-07 0.0013606
2.5178e-07 0.0013612
2.5069e-07 0.0013617
2.4959e-07 0.0013622
2.485e-07 0.0013628
2.4741e-07 0.0013633
2.4633e-07 0.0013638
2.4526e-07 0.0013644
2.4419e-07 0.0013649
2.4312e-07 0.0013655
2.4206e-07 0.001366
2.41e-07 0.0013665
2.3995e-07 0.0013671
2.389e-07 0.0013676
2.3786e-07 0.0013681
2.3682e-07 0.0013687
2.3578e-07 0.0013692
2.3475e-07 0.0013698
2.3373e-07 0.0013703
2.3271e-07 0.0013708
2.3169e-07 0.0013714
2.3068e-07 0.0013719
2.2967e-07 0.0013725
2.2867e-07 0.001373
2.2767e-07 0.0013735
2.2668e-07 0.0013741
2.2569e-07 0.0013746
2.247e-07 0.0013752
2.2372e-07 0.0013757
2.2274e-07 0.0013763
2.2177e-07 0.0013768
2.208e-07 0.0013773
2.1984e-07 0.0013779
2.1888e-07 0.0013784
2.1792e-07 0.001379
2.1697e-07 0.0013795
2.1602e-07 0.0013801
2.1508e-07 0.0013806
2.1414e-07 0.0013811
2.132e-07 0.0013817
2.1227e-07 0.0013822
2.1134e-07 0.0013828
2.1042e-07 0.0013833
2.095e-07 0.0013839
2.0859e-07 0.0013844
2.0768e-07 0.001385
2.0677e-07 0.0013855
2.0587e-07 0.001386
2.0497e-07 0.0013866
2.0407e-07 0.0013871
2.0318e-07 0.0013877
2.0229e-07 0.0013882
2.0141e-07 0.0013888
2.0053e-07 0.0013893
1.9965e-07 0.0013899
1.9878e-07 0.0013904
1.9791e-07 0.001391
1.9705e-07 0.0013915
1.9619e-07 0.0013921
1.9533e-07 0.0013926
1.9448e-07 0.0013932
1.9363e-07 0.0013937
1.9278e-07 0.0013943
1.9194e-07 0.0013948
1.911e-07 0.0013954
1.9027e-07 0.0013959
1.8944e-07 0.0013965
1.8861e-07 0.001397
1.8779e-07 0.0013976
1.8697e-07 0.0013981
1.8615e-07 0.0013987
1.8534e-07 0.0013992
1.8453e-07 0.0013998
1.8372e-07 0.0014003
1.8292e-07 0.0014009
1.8212e-07 0.0014014
1.8132e-07 0.001402
1.8053e-07 0.0014025
1.7974e-07 0.0014031
1.7896e-07 0.0014036
1.7818e-07 0.0014042
1.774e-07 0.0014047
1.7662e-07 0.0014053
1.7585e-07 0.0014058
1.7508e-07 0.0014064
1.7432e-07 0.001407
1.7356e-07 0.0014075
1.728e-07 0.0014081
1.7205e-07 0.0014086
1.7129e-07 0.0014092
1.7055e-07 0.0014097
1.698e-07 0.0014103
1.6906e-07 0.0014108
1.6832e-07 0.0014114
1.6759e-07 0.0014119
1.6685e-07 0.0014125
1.6613e-07 0.0014131
1.654e-07 0.0014136
1.6468e-07 0.0014142
1.6396e-07 0.0014147
1.6324e-07 0.0014153
1.6253e-07 0.0014158
1.6182e-07 0.0014164
1.6111e-07 0.001417
1.6041e-07 0.0014175
1.5971e-07 0.0014181
1.5901e-07 0.0014186
1.5832e-07 0.0014192
1.5762e-07 0.0014198
1.5694e-07 0.0014203
1.5625e-07 0.0014209
1.5557e-07 0.0014214
1.5489e-07 0.001422
1.5421e-07 0.0014226
1.5354e-07 0.0014231
1.5287e-07 0.0014237
1.522e-07 0.0014242
1.5154e-07 0.0014248
1.5087e-07 0.0014254
1.5021e-07 0.0014259
1.4956e-07 0.0014265
1.4891e-07 0.001427
1.4826e-07 0.0014276
1.4761e-07 0.0014282
1.4696e-07 0.0014287
1.4632e-07 0.0014293
1.4568e-07 0.0014299
1.4505e-07 0.0014304
1.4441e-07 0.001431
1.4378e-07 0.0014316
1.4315e-07 0.0014321
1.4253e-07 0.0014327
1.4191e-07 0.0014332
1.4129e-07 0.0014338
1.4067e-07 0.0014344
1.4005e-07 0.0014349
1.3944e-07 0.0014355
1.3883e-07 0.0014361
1.3823e-07 0.0014366
1.3762e-07 0.0014372
1.3702e-07 0.0014378
1.3642e-07 0.0014383
1.3583e-07 0.0014389
1.3524e-07 0.0014395
1.3464e-07 0.00144
1.3406e-07 0.0014406
1.3347e-07 0.0014412
1.3289e-07 0.0014417
1.3231e-07 0.0014423
1.3173e-07 0.0014429
1.3115e-07 0.0014434
1.3058e-07 0.001444
1.3001e-07 0.0014446
1.2944e-07 0.0014451
1.2888e-07 0.0014457
1.2831e-07 0.0014463
1.2775e-07 0.0014469
1.272e-07 0.0014474
1.2664e-07 0.001448
1.2609e-07 0.0014486
1.2554e-07 0.0014491
1.2499e-07 0.0014497
1.2444e-07 0.0014503
1.239e-07 0.0014509
1.2336e-07 0.0014514
1.2282e-07 0.001452
1.2228e-07 0.0014526
1.2175e-07 0.0014531
1.2122e-07 0.0014537
1.2069e-07 0.0014543
1.2016e-07 0.0014549
1.1964e-07 0.0014554
1.1911e-07 0.001456
1.1859e-07 0.0014566
1.1808e-07 0.0014572
1.1756e-07 0.0014577
1.1705e-07 0.0014583
1.1653e-07 0.0014589
1.1603e-07 0.0014595
1.1552e-07 0.00146
1.1501e-07 0.0014606
1.1451e-07 0.0014612
1.1401e-07 0.0014618
1.1351e-07 0.0014623
1.1302e-07 0.0014629
1.1252e-07 0.0014635
1.1203e-07 0.0014641
1.1154e-07 0.0014646
1.1106e-07 0.0014652
1.1057e-07 0.0014658
1.1009e-07 0.0014664
1.0961e-07 0.0014669
1.0913e-07 0.0014675
1.0865e-07 0.0014681
1.0818e-07 0.0014687
1.0771e-07 0.0014693
1.0724e-07 0.0014698
1.0677e-07 0.0014704
1.063e-07 0.001471
1.0584e-07 0.0014716
1.0537e-07 0.0014722
1.0491e-07 0.0014727
1.0446e-07 0.0014733
1.04e-07 0.0014739
1.0354e-07 0.0014745
1.0309e-07 0.0014751
1.0264e-07 0.0014756
1.0219e-07 0.0014762
1.0175e-07 0.0014768
1.013e-07 0.0014774
1.0086e-07 0.001478
1.0042e-07 0.0014786
9.9982e-08 0.0014791
9.9545e-08 0.0014797
9.911e-08 0.0014803
9.8677e-08 0.0014809
9.8246e-08 0.0014815
9.7817e-08 0.001482
9.739e-08 0.0014826
9.6965e-08 0.0014832
9.6541e-08 0.0014838
9.612e-08 0.0014844
9.57e-08 0.001485
9.5282e-08 0.0014856
9.4866e-08 0.0014861
9.4451e-08 0.0014867
9.4039e-08 0.0014873
9.3628e-08 0.0014879
9.3219e-08 0.0014885
9.2812e-08 0.0014891
9.2407e-08 0.0014897
9.2003e-08 0.0014902
9.1601e-08 0.0014908
9.1201e-08 0.0014914
9.0803e-08 0.001492
9.0406e-08 0.0014926
9.0011e-08 0.0014932
8.9618e-08 0.0014938
8.9227e-08 0.0014944
8.8837e-08 0.0014949
8.8449e-08 0.0014955
8.8063e-08 0.0014961
8.7678e-08 0.0014967
8.7295e-08 0.0014973
8.6914e-08 0.0014979
8.6534e-08 0.0014985
8.6156e-08 0.0014991
8.578e-08 0.0014997
8.5405e-08 0.0015003
8.5032e-08 0.0015009
8.4661e-08 0.0015014
8.4291e-08 0.001502
8.3923e-08 0.0015026
8.3557e-08 0.0015032
8.3192e-08 0.0015038
8.2828e-08 0.0015044
8.2466e-08 0.001505
8.2106e-08 0.0015056
8.1748e-08 0.0015062
8.1391e-08 0.0015068
8.1035e-08 0.0015074
8.0681e-08 0.001508
8.0329e-08 0.0015086
7.9978e-08 0.0015092
7.9629e-08 0.0015097
7.9281e-08 0.0015103
7.8935e-08 0.0015109
7.859e-08 0.0015115
7.8247e-08 0.0015121
7.7905e-08 0.0015127
7.7565e-08 0.0015133
7.7226e-08 0.0015139
7.6889e-08 0.0015145
7.6553e-08 0.0015151
7.6218e-08 0.0015157
7.5885e-08 0.0015163
7.5554e-08 0.0015169
7.5224e-08 0.0015175
7.4895e-08 0.0015181
7.4568e-08 0.0015187
7.4243e-08 0.0015193
7.3918e-08 0.0015199
7.3596e-08 0.0015205
7.3274e-08 0.0015211
7.2954e-08 0.0015217
7.2635e-08 0.0015223
7.2318e-08 0.0015229
7.2002e-08 0.0015235
7.1688e-08 0.0015241
7.1375e-08 0.0015247
7.1063e-08 0.0015253
7.0753e-08 0.0015259
7.0444e-08 0.0015265
7.0136e-08 0.0015271
6.983e-08 0.0015277
6.9525e-08 0.0015283
6.9221e-08 0.0015289
6.8919e-08 0.0015295
6.8618e-08 0.0015301
6.8318e-08 0.0015307
6.802e-08 0.0015313
6.7722e-08 0.0015319
6.7427e-08 0.0015325
6.7132e-08 0.0015331
6.6839e-08 0.0015337
6.6547e-08 0.0015343
6.6256e-08 0.0015349
6.5967e-08 0.0015355
6.5679e-08 0.0015361
6.5392e-08 0.0015367
6.5106e-08 0.0015374
6.4822e-08 0.001538
6.4539e-08 0.0015386
6.4257e-08 0.0015392
6.3976e-08 0.0015398
6.3697e-08 0.0015404
6.3419e-08 0.001541
6.3142e-08 0.0015416
6.2866e-08 0.0015422
6.2591e-08 0.0015428
6.2318e-08 0.0015434
6.2046e-08 0.001544
6.1775e-08 0.0015446
6.1505e-08 0.0015452
6.1236e-08 0.0015459
6.0969e-08 0.0015465
6.0703e-08 0.0015471
6.0438e-08 0.0015477
6.0174e-08 0.0015483
5.9911e-08 0.0015489
5.9649e-08 0.0015495
5.9389e-08 0.0015501
5.9129e-08 0.0015507
5.8871e-08 0.0015513
5.8614e-08 0.001552
5.8358e-08 0.0015526
5.8103e-08 0.0015532
5.7849e-08 0.0015538
5.7597e-08 0.0015544
5.7345e-08 0.001555
5.7094e-08 0.0015556
5.6845e-08 0.0015562
5.6597e-08 0.0015569
5.635e-08 0.0015575
5.6104e-08 0.0015581
5.5858e-08 0.0015587
5.5615e-08 0.0015593
5.5372e-08 0.0015599
5.513e-08 0.0015605
5.4889e-08 0.0015612
5.4649e-08 0.0015618
5.4411e-08 0.0015624
5.4173e-08 0.001563
5.3936e-08 0.0015636
5.3701e-08 0.0015642
5.3466e-08 0.0015649
5.3233e-08 0.0015655
5.3e-08 0.0015661
5.2769e-08 0.0015667
5.2538e-08 0.0015673
5.2309e-08 0.0015679
5.208e-08 0.0015686
5.1853e-08 0.0015692
5.1626e-08 0.0015698
5.1401e-08 0.0015704
5.1176e-08 0.001571
5.0953e-08 0.0015716
5.073e-08 0.0015723
5.0509e-08 0.0015729
5.0288e-08 0.0015735
5.0068e-08 0.0015741
4.985e-08 0.0015747
4.9632e-08 0.0015754
4.9415e-08 0.001576
4.9199e-08 0.0015766
4.8985e-08 0.0015772
4.8771e-08 0.0015779
4.8558e-08 0.0015785
4.8346e-08 0.0015791
4.8134e-08 0.0015797
4.7924e-08 0.0015803
4.7715e-08 0.001581
4.7506e-08 0.0015816
4.7299e-08 0.0015822
4.7092e-08 0.0015828
4.6887e-08 0.0015835
4.6682e-08 0.0015841
4.6478e-08 0.0015847
4.6275e-08 0.0015853
4.6073e-08 0.001586
4.5872e-08 0.0015866
4.5671e-08 0.0015872
4.5472e-08 0.0015878
4.5273e-08 0.0015885
4.5076e-08 0.0015891
4.4879e-08 0.0015897
4.4683e-08 0.0015903
4.4487e-08 0.001591
4.4293e-08 0.0015916
4.41e-08 0.0015922
4.3907e-08 0.0015928
4.3715e-08 0.0015935
4.3524e-08 0.0015941
4.3334e-08 0.0015947
4.3145e-08 0.0015954
4.2957e-08 0.001596
4.2769e-08 0.0015966
4.2582e-08 0.0015972
4.2396e-08 0.0015979
4.2211e-08 0.0015985
4.2027e-08 0.0015991
4.1843e-08 0.0015998
4.166e-08 0.0016004
4.1478e-08 0.001601
4.1297e-08 0.0016016
4.1117e-08 0.0016023
4.0937e-08 0.0016029
4.0758e-08 0.0016035
4.058e-08 0.0016042
4.0403e-08 0.0016048
4.0227e-08 0.0016054
4.0051e-08 0.0016061
3.9876e-08 0.0016067
3.9702e-08 0.0016073
3.9529e-08 0.001608
3.9356e-08 0.0016086
3.9184e-08 0.0016092
3.9013e-08 0.0016099
3.8842e-08 0.0016105
3.8673e-08 0.0016111
3.8504e-08 0.0016118
3.8336e-08 0.0016124
3.8168e-08 0.001613
3.8002e-08 0.0016137
3.7836e-08 0.0016143
3.767e-08 0.001615
3.7506e-08 0.0016156
3.7342e-08 0.0016162
3.7179e-08 0.0016169
3.7017e-08 0.0016175
3.6855e-08 0.0016181
3.6694e-08 0.0016188
3.6534e-08 0.0016194
3.6374e-08 0.0016201
3.6215e-08 0.0016207
3.6057e-08 0.0016213
3.59e-08 0.001622
3.5743e-08 0.0016226
3.5587e-08 0.0016232
3.5431e-08 0.0016239
3.5276e-08 0.0016245
3.5122e-08 0.0016252
3.4969e-08 0.0016258
3.4816e-08 0.0016264
3.4664e-08 0.0016271
3.4513e-08 0.0016277
3.4362e-08 0.0016284
3.4212e-08 0.001629
3.4063e-08 0.0016297
3.3914e-08 0.0016303
3.3766e-08 0.0016309
3.3618e-08 0.0016316
3.3471e-08 0.0016322
3.3325e-08 0.0016329
3.318e-08 0.0016335
3.3035e-08 0.0016342
3.289e-08 0.0016348
3.2747e-08 0.0016354
3.2604e-08 0.0016361
3.2461e-08 0.0016367
3.232e-08 0.0016374
3.2178e-08 0.001638
3.2038e-08 0.0016387
3.1898e-08 0.0016393
3.1759e-08 0.00164
3.162e-08 0.0016406
3.1482e-08 0.0016412
3.1344e-08 0.0016419
3.1207e-08 0.0016425
3.1071e-08 0.0016432
3.0935e-08 0.0016438
3.08e-08 0.0016445
3.0666e-08 0.0016451
3.0532e-08 0.0016458
3.0398e-08 0.0016464
3.0266e-08 0.0016471
3.0133e-08 0.0016477
3.0002e-08 0.0016484
2.9871e-08 0.001649
2.974e-08 0.0016497
2.961e-08 0.0016503
2.9481e-08 0.001651
2.9352e-08 0.0016516
2.9224e-08 0.0016523
2.9097e-08 0.0016529
2.8969e-08 0.0016536
2.8843e-08 0.0016542
2.8717e-08 0.0016549
2.8592e-08 0.0016555
2.8467e-08 0.0016562
2.8342e-08 0.0016568
2.8219e-08 0.0016575
2.8095e-08 0.0016581
2.7973e-08 0.0016588
2.785e-08 0.0016595
2.7729e-08 0.0016601
2.7608e-08 0.0016608
2.7487e-08 0.0016614
2.7367e-08 0.0016621
2.7248e-08 0.0016627
2.7128e-08 0.0016634
2.701e-08 0.001664
2.6892e-08 0.0016647
2.6775e-08 0.0016653
2.6658e-08 0.001666
2.6541e-08 0.0016667
2.6425e-08 0.0016673
2.631e-08 0.001668
2.6195e-08 0.0016686
2.6081e-08 0.0016693
2.5967e-08 0.0016699
2.5853e-08 0.0016706
2.574e-08 0.0016713
2.5628e-08 0.0016719
2.5516e-08 0.0016726
2.5405e-08 0.0016732
2.5294e-08 0.0016739
2.5183e-08 0.0016746
2.5073e-08 0.0016752
2.4964e-08 0.0016759
2.4855e-08 0.0016765
2.4746e-08 0.0016772
2.4638e-08 0.0016779
2.453e-08 0.0016785
2.4423e-08 0.0016792
2.4316e-08 0.0016798
2.421e-08 0.0016805
2.4105e-08 0.0016812
2.3999e-08 0.0016818
2.3894e-08 0.0016825
2.379e-08 0.0016832
2.3686e-08 0.0016838
2.3583e-08 0.0016845
2.348e-08 0.0016851
2.3377e-08 0.0016858
2.3275e-08 0.0016865
2.3173e-08 0.0016871
2.3072e-08 0.0016878
2.2971e-08 0.0016885
2.2871e-08 0.0016891
2.2771e-08 0.0016898
2.2672e-08 0.0016905
2.2573e-08 0.0016911
2.2474e-08 0.0016918
2.2376e-08 0.0016925
2.2278e-08 0.0016931
2.2181e-08 0.0016938
2.2084e-08 0.0016945
2.1988e-08 0.0016951
2.1892e-08 0.0016958
2.1796e-08 0.0016965
2.1701e-08 0.0016971
2.1606e-08 0.0016978
2.1512e-08 0.0016985
2.1418e-08 0.0016991
2.1324e-08 0.0016998
2.1231e-08 0.0017005
2.1138e-08 0.0017012
2.1046e-08 0.0017018
2.0954e-08 0.0017025
2.0863e-08 0.0017032
2.0771e-08 0.0017038
2.0681e-08 0.0017045
2.059e-08 0.0017052
2.05e-08 0.0017059
2.0411e-08 0.0017065
2.0322e-08 0.0017072
2.0233e-08 0.0017079
2.0145e-08 0.0017085
2.0057e-08 0.0017092
1.9969e-08 0.0017099
1.9882e-08 0.0017106
1.9795e-08 0.0017112
1.9708e-08 0.0017119
1.9622e-08 0.0017126
1.9537e-08 0.0017133
1.9451e-08 0.0017139
1.9366e-08 0.0017146
1.9282e-08 0.0017153
1.9198e-08 0.001716
1.9114e-08 0.0017166
1.903e-08 0.0017173
1.8947e-08 0.001718
1.8864e-08 0.0017187
1.8782e-08 0.0017193
1.87e-08 0.00172
1.8618e-08 0.0017207
1.8537e-08 0.0017214
1.8456e-08 0.0017221
1.8375e-08 0.0017227
1.8295e-08 0.0017234
1.8215e-08 0.0017241
1.8136e-08 0.0017248
1.8057e-08 0.0017255
1.7978e-08 0.0017261
1.7899e-08 0.0017268
1.7821e-08 0.0017275
1.7743e-08 0.0017282
1.7666e-08 0.0017289
1.7588e-08 0.0017295
1.7512e-08 0.0017302
1.7435e-08 0.0017309
1.7359e-08 0.0017316
1.7283e-08 0.0017323
1.7208e-08 0.0017329
1.7133e-08 0.0017336
1.7058e-08 0.0017343
1.6983e-08 0.001735
1.6909e-08 0.0017357
1.6835e-08 0.0017364
1.6762e-08 0.001737
1.6688e-08 0.0017377
1.6616e-08 0.0017384
1.6543e-08 0.0017391
1.6471e-08 0.0017398
1.6399e-08 0.0017405
1.6327e-08 0.0017412
1.6256e-08 0.0017418
1.6185e-08 0.0017425
1.6114e-08 0.0017432
1.6044e-08 0.0017439
1.5974e-08 0.0017446
1.5904e-08 0.0017453
1.5834e-08 0.001746
1.5765e-08 0.0017467
1.5696e-08 0.0017473
1.5628e-08 0.001748
1.556e-08 0.0017487
1.5492e-08 0.0017494
1.5424e-08 0.0017501
1.5357e-08 0.0017508
1.529e-08 0.0017515
1.5223e-08 0.0017522
1.5156e-08 0.0017529
1.509e-08 0.0017535
1.5024e-08 0.0017542
1.4959e-08 0.0017549
1.4893e-08 0.0017556
1.4828e-08 0.0017563
1.4763e-08 0.001757
1.4699e-08 0.0017577
1.4635e-08 0.0017584
1.4571e-08 0.0017591
1.4507e-08 0.0017598
1.4444e-08 0.0017605
1.4381e-08 0.0017612
1.4318e-08 0.0017619
1.4255e-08 0.0017626
1.4193e-08 0.0017632
1.4131e-08 0.0017639
1.4069e-08 0.0017646
1.4008e-08 0.0017653
1.3947e-08 0.001766
1.3886e-08 0.0017667
1.3825e-08 0.0017674
1.3765e-08 0.0017681
1.3705e-08 0.0017688
1.3645e-08 0.0017695
1.3585e-08 0.0017702
1.3526e-08 0.0017709
1.3467e-08 0.0017716
1.3408e-08 0.0017723
1.335e-08 0.001773
1.3291e-08 0.0017737
1.3233e-08 0.0017744
1.3175e-08 0.0017751
1.3118e-08 0.0017758
1.3061e-08 0.0017765
1.3003e-08 0.0017772
1.2947e-08 0.0017779
1.289e-08 0.0017786
1.2834e-08 0.0017793
1.2778e-08 0.00178
1.2722e-08 0.0017807
1.2666e-08 0.0017814
1.2611e-08 0.0017821
1.2556e-08 0.0017828
1.2501e-08 0.0017835
1.2447e-08 0.0017842
1.2392e-08 0.0017849
1.2338e-08 0.0017856
1.2284e-08 0.0017863
1.2231e-08 0.001787
1.2177e-08 0.0017877
1.2124e-08 0.0017884
1.2071e-08 0.0017891
1.2018e-08 0.0017898
1.1966e-08 0.0017905
1.1914e-08 0.0017913
1.1861e-08 0.001792
1.181e-08 0.0017927
1.1758e-08 0.0017934
1.1707e-08 0.0017941
1.1656e-08 0.0017948
1.1605e-08 0.0017955
1.1554e-08 0.0017962
1.1504e-08 0.0017969
1.1453e-08 0.0017976
1.1403e-08 0.0017983
1.1353e-08 0.001799
1.1304e-08 0.0017997
1.1255e-08 0.0018004
1.1205e-08 0.0018012
1.1156e-08 0.0018019
1.1108e-08 0.0018026
1.1059e-08 0.0018033
1.1011e-08 0.001804
1.0963e-08 0.0018047
1.0915e-08 0.0018054
1.0867e-08 0.0018061
1.082e-08 0.0018068
1.0773e-08 0.0018076
1.0725e-08 0.0018083
1.0679e-08 0.001809
1.0632e-08 0.0018097
1.0586e-08 0.0018104
1.0539e-08 0.0018111
1.0493e-08 0.0018118
1.0447e-08 0.0018125
1.0402e-08 0.0018133
1.0356e-08 0.001814
1.0311e-08 0.0018147
1.0266e-08 0.0018154
1.0221e-08 0.0018161
1.0177e-08 0.0018168
1.0132e-08 0.0018176
1.0088e-08 0.0018183
1.0044e-08 0.001819
1e-08 0.0018197
