1e-08 1.2559e-07
1.0044e-08 1.2559e-07
1.0088e-08 1.2559e-07
1.0132e-08 1.2559e-07
1.0177e-08 1.2559e-07
1.0221e-08 1.2559e-07
1.0266e-08 1.2559e-07
1.0311e-08 1.2559e-07
1.0356e-08 1.2559e-07
1.0402e-08 1.2559e-07
1.0447e-08 1.2559e-07
1.0493e-08 1.2559e-07
1.0539e-08 1.2559e-07
1.0586e-08 1.2559e-07
1.0632e-08 1.2559e-07
1.0679e-08 1.2559e-07
1.0725e-08 1.2559e-07
1.0773e-08 1.2559e-07
1.082e-08 1.2559e-07
1.0867e-08 1.2559e-07
1.0915e-08 1.2559e-07
1.0963e-08 1.2559e-07
1.1011e-08 1.2559e-07
1.1059e-08 1.2559e-07
1.1108e-08 1.2559e-07
1.1156e-08 1.2559e-07
1.1205e-08 1.2559e-07
1.1255e-08 1.2559e-07
1.1304e-08 1.2559e-07
1.1353e-08 1.2559e-07
1.1403e-08 1.2559e-07
1.1453e-08 1.2559e-07
1.1504e-08 1.2559e-07
1.1554e-08 1.2559e-07
1.1605e-08 1.2559e-07
1.1656e-08 1.2559e-07
1.1707e-08 1.2559e-07
1.1758e-08 1.2559e-07
1.181e-08 1.2559e-07
1.1861e-08 1.2559e-07
1.1914e-08 1.2559e-07
1.1966e-08 1.2559e-07
1.2018e-08 1.2559e-07
1.2071e-08 1.2559e-07
1.2124e-08 1.2559e-07
1.2177e-08 1.2559e-07
1.2231e-08 1.2559e-07
1.2284e-08 1.2559e-07
1.2338e-08 1.2559e-07
1.2392e-08 1.2559e-07
1.2447e-08 1.2559e-07
1.2501e-08 1.2559e-07
1.2556e-08 1.2559e-07
1.2611e-08 1.2559e-07
1.2666e-08 1.2559e-07
1.2722e-08 1.2559e-07
1.2778e-08 1.2559e-07
1.2834e-08 1.2559e-07
1.289e-08 1.2559e-07
1.2947e-08 1.2559e-07
1.3003e-08 1.2559e-07
1.3061e-08 1.2559e-07
1.3118e-08 1.2559e-07
1.3175e-08 1.2559e-07
1.3233e-08 1.2559e-07
1.3291e-08 1.2559e-07
1.335e-08 1.2559e-07
1.3408e-08 1.2559e-07
1.3467e-08 1.2559e-07
1.3526e-08 1.2559e-07
1.3585e-08 1.2559e-07
1.3645e-08 1.2559e-07
1.3705e-08 1.2559e-07
1.3765e-08 1.2559e-07
1.3825e-08 1.2559e-07
1.3886e-08 1.2559e-07
1.3947e-08 1.2559e-07
1.4008e-08 1.2559e-07
1.4069e-08 1.2559e-07
1.4131e-08 1.2559e-07
1.4193e-08 1.2559e-07
1.4255e-08 1.2559e-07
1.4318e-08 1.2559e-07
1.4381e-08 1.2559e-07
1.4444e-08 1.2559e-07
1.4507e-08 1.2559e-07
1.4571e-08 1.2559e-07
1.4635e-08 1.2559e-07
1.4699e-08 1.2559e-07
1.4763e-08 1.2559e-07
1.4828e-08 1.2559e-07
1.4893e-08 1.2559e-07
1.4959e-08 1.2559e-07
1.5024e-08 1.2559e-07
1.509e-08 1.2559e-07
1.5156e-08 1.2559e-07
1.5223e-08 1.2559e-07
1.529e-08 1.2559e-07
1.5357e-08 1.2559e-07
1.5424e-08 1.2559e-07
1.5492e-08 1.2559e-07
1.556e-08 1.2559e-07
1.5628e-08 1.2559e-07
1.5696e-08 1.2559e-07
1.5765e-08 1.2559e-07
1.5834e-08 1.2559e-07
1.5904e-08 1.2559e-07
1.5974e-08 1.2559e-07
1.6044e-08 1.2559e-07
1.6114e-08 1.2559e-07
1.6185e-08 1.2559e-07
1.6256e-08 1.2559e-07
1.6327e-08 1.2559e-07
1.6399e-08 1.2559e-07
1.6471e-08 1.2559e-07
1.6543e-08 1.2559e-07
1.6616e-08 1.2559e-07
1.6688e-08 1.2559e-07
1.6762e-08 1.2559e-07
1.6835e-08 1.2559e-07
1.6909e-08 1.2559e-07
1.6983e-08 1.2559e-07
1.7058e-08 1.2559e-07
1.7133e-08 1.2559e-07
1.7208e-08 1.2559e-07
1.7283e-08 1.2559e-07
1.7359e-08 1.2559e-07
1.7435e-08 1.2559e-07
1.7512e-08 1.2559e-07
1.7588e-08 1.2559e-07
1.7666e-08 1.2559e-07
1.7743e-08 1.2559e-07
1.7821e-08 1.2559e-07
1.7899e-08 1.2559e-07
1.7978e-08 1.2559e-07
1.8057e-08 1.2559e-07
1.8136e-08 1.2559e-07
1.8215e-08 1.2559e-07
1.8295e-08 1.2559e-07
1.8375e-08 1.2559e-07
1.8456e-08 1.2559e-07
1.8537e-08 1.2559e-07
1.8618e-08 1.2559e-07
1.87e-08 1.2559e-07
1.8782e-08 1.2559e-07
1.8864e-08 1.2559e-07
1.8947e-08 1.2559e-07
1.903e-08 1.2559e-07
1.9114e-08 1.2559e-07
1.9198e-08 1.2559e-07
1.9282e-08 1.2559e-07
1.9366e-08 1.2559e-07
1.9451e-08 1.2559e-07
1.9537e-08 1.2559e-07
1.9622e-08 1.2559e-07
1.9708e-08 1.2559e-07
1.9795e-08 1.2559e-07
1.9882e-08 1.2559e-07
1.9969e-08 1.2559e-07
2.0057e-08 1.2559e-07
2.0145e-08 1.2559e-07
2.0233e-08 1.2559e-07
2.0322e-08 1.2559e-07
2.0411e-08 1.2559e-07
2.05e-08 1.2559e-07
2.059e-08 1.2559e-07
2.0681e-08 1.2559e-07
2.0771e-08 1.2559e-07
2.0863e-08 1.2559e-07
2.0954e-08 1.2559e-07
2.1046e-08 1.2559e-07
2.1138e-08 1.2559e-07
2.1231e-08 1.2559e-07
2.1324e-08 1.2559e-07
2.1418e-08 1.2559e-07
2.1512e-08 1.2559e-07
2.1606e-08 1.2559e-07
2.1701e-08 1.2559e-07
2.1796e-08 1.2559e-07
2.1892e-08 1.2559e-07
2.1988e-08 1.2559e-07
2.2084e-08 1.2559e-07
2.2181e-08 1.2559e-07
2.2278e-08 1.2559e-07
2.2376e-08 1.2559e-07
2.2474e-08 1.2559e-07
2.2573e-08 1.2559e-07
2.2672e-08 1.2559e-07
2.2771e-08 1.2559e-07
2.2871e-08 1.2559e-07
2.2971e-08 1.2559e-07
2.3072e-08 1.2559e-07
2.3173e-08 1.2559e-07
2.3275e-08 1.2559e-07
2.3377e-08 1.2559e-07
2.348e-08 1.2559e-07
2.3583e-08 1.2559e-07
2.3686e-08 1.2559e-07
2.379e-08 1.2559e-07
2.3894e-08 1.2559e-07
2.3999e-08 1.2559e-07
2.4105e-08 1.2559e-07
2.421e-08 1.2559e-07
2.4316e-08 1.2559e-07
2.4423e-08 1.2559e-07
2.453e-08 1.2559e-07
2.4638e-08 1.2559e-07
2.4746e-08 1.2559e-07
2.4855e-08 1.2559e-07
2.4964e-08 1.2559e-07
2.5073e-08 1.2559e-07
2.5183e-08 1.2559e-07
2.5294e-08 1.2559e-07
2.5405e-08 1.2559e-07
2.5516e-08 1.2559e-07
2.5628e-08 1.2559e-07
2.574e-08 1.2559e-07
2.5853e-08 1.2559e-07
2.5967e-08 1.2559e-07
2.6081e-08 1.2559e-07
2.6195e-08 1.2559e-07
2.631e-08 1.2559e-07
2.6425e-08 1.2559e-07
2.6541e-08 1.2559e-07
2.6658e-08 1.2559e-07
2.6775e-08 1.2559e-07
2.6892e-08 1.2559e-07
2.701e-08 1.2559e-07
2.7128e-08 1.2559e-07
2.7248e-08 1.2559e-07
2.7367e-08 1.2559e-07
2.7487e-08 1.2559e-07
2.7608e-08 1.2559e-07
2.7729e-08 1.2559e-07
2.785e-08 1.2559e-07
2.7973e-08 1.2559e-07
2.8095e-08 1.2559e-07
2.8219e-08 1.2559e-07
2.8342e-08 1.2559e-07
2.8467e-08 1.2559e-07
2.8592e-08 1.2559e-07
2.8717e-08 1.2559e-07
2.8843e-08 1.2559e-07
2.8969e-08 1.2559e-07
2.9097e-08 1.2559e-07
2.9224e-08 1.2559e-07
2.9352e-08 1.2559e-07
2.9481e-08 1.2559e-07
2.961e-08 1.2559e-07
2.974e-08 1.2559e-07
2.9871e-08 1.2559e-07
3.0002e-08 1.2559e-07
3.0133e-08 1.2559e-07
3.0266e-08 1.2559e-07
3.0398e-08 1.2559e-07
3.0532e-08 1.2559e-07
3.0666e-08 1.2559e-07
3.08e-08 1.2559e-07
3.0935e-08 1.2559e-07
3.1071e-08 1.2559e-07
3.1207e-08 1.2559e-07
3.1344e-08 1.2559e-07
3.1482e-08 1.2559e-07
3.162e-08 1.2559e-07
3.1759e-08 1.2559e-07
3.1898e-08 1.2559e-07
3.2038e-08 1.2559e-07
3.2178e-08 1.2559e-07
3.232e-08 1.2559e-07
3.2461e-08 1.2559e-07
3.2604e-08 1.2559e-07
3.2747e-08 1.2559e-07
3.289e-08 1.2559e-07
3.3035e-08 1.2559e-07
3.318e-08 1.2559e-07
3.3325e-08 1.2559e-07
3.3471e-08 1.2559e-07
3.3618e-08 1.2559e-07
3.3766e-08 1.2559e-07
3.3914e-08 1.2559e-07
3.4063e-08 1.2559e-07
3.4212e-08 1.2559e-07
3.4362e-08 1.2559e-07
3.4513e-08 1.2559e-07
3.4664e-08 1.2559e-07
3.4816e-08 1.2559e-07
3.4969e-08 1.2559e-07
3.5122e-08 1.2559e-07
3.5276e-08 1.2559e-07
3.5431e-08 1.2559e-07
3.5587e-08 1.2559e-07
3.5743e-08 1.2559e-07
3.59e-08 1.2559e-07
3.6057e-08 1.2559e-07
3.6215e-08 1.2559e-07
3.6374e-08 1.2559e-07
3.6534e-08 1.2559e-07
3.6694e-08 1.2559e-07
3.6855e-08 1.2559e-07
3.7017e-08 1.2559e-07
3.7179e-08 1.2559e-07
3.7342e-08 1.2559e-07
3.7506e-08 1.2559e-07
3.767e-08 1.2559e-07
3.7836e-08 1.2559e-07
3.8002e-08 1.2559e-07
3.8168e-08 1.2559e-07
3.8336e-08 1.2559e-07
3.8504e-08 1.2559e-07
3.8673e-08 1.2559e-07
3.8842e-08 1.2559e-07
3.9013e-08 1.2559e-07
3.9184e-08 1.2559e-07
3.9356e-08 1.2559e-07
3.9529e-08 1.2559e-07
3.9702e-08 1.2559e-07
3.9876e-08 1.2559e-07
4.0051e-08 1.2559e-07
4.0227e-08 1.2559e-07
4.0403e-08 1.2559e-07
4.058e-08 1.2559e-07
4.0758e-08 1.2559e-07
4.0937e-08 1.2559e-07
4.1117e-08 1.2559e-07
4.1297e-08 1.2559e-07
4.1478e-08 1.2559e-07
4.166e-08 1.2559e-07
4.1843e-08 1.2559e-07
4.2027e-08 1.2559e-07
4.2211e-08 1.2559e-07
4.2396e-08 1.2559e-07
4.2582e-08 1.2559e-07
4.2769e-08 1.2559e-07
4.2957e-08 1.2559e-07
4.3145e-08 1.2559e-07
4.3334e-08 1.2559e-07
4.3524e-08 1.2559e-07
4.3715e-08 1.2559e-07
4.3907e-08 1.2559e-07
4.41e-08 1.2559e-07
4.4293e-08 1.2559e-07
4.4487e-08 1.2559e-07
4.4683e-08 1.2559e-07
4.4879e-08 1.2559e-07
4.5076e-08 1.2559e-07
4.5273e-08 1.2559e-07
4.5472e-08 1.2559e-07
4.5671e-08 1.2559e-07
4.5872e-08 1.2559e-07
4.6073e-08 1.2559e-07
4.6275e-08 1.2559e-07
4.6478e-08 1.2559e-07
4.6682e-08 1.2559e-07
4.6887e-08 1.2559e-07
4.7092e-08 1.2559e-07
4.7299e-08 1.2559e-07
4.7506e-08 1.2559e-07
4.7715e-08 1.2559e-07
4.7924e-08 1.2559e-07
4.8134e-08 1.2559e-07
4.8346e-08 1.2559e-07
4.8558e-08 1.2559e-07
4.8771e-08 1.2559e-07
4.8985e-08 1.2559e-07
4.9199e-08 1.2559e-07
4.9415e-08 1.2559e-07
4.9632e-08 1.2559e-07
4.985e-08 1.2559e-07
5.0068e-08 1.2559e-07
5.0288e-08 1.2559e-07
5.0509e-08 1.2559e-07
5.073e-08 1.2559e-07
5.0953e-08 1.2559e-07
5.1176e-08 1.2559e-07
5.1401e-08 1.2559e-07
5.1626e-08 1.2559e-07
5.1853e-08 1.2559e-07
5.208e-08 1.2559e-07
5.2309e-08 1.2559e-07
5.2538e-08 1.2559e-07
5.2769e-08 1.2559e-07
5.3e-08 1.2559e-07
5.3233e-08 1.2559e-07
5.3466e-08 1.2559e-07
5.3701e-08 1.2559e-07
5.3936e-08 1.2559e-07
5.4173e-08 1.2559e-07
5.4411e-08 1.2559e-07
5.4649e-08 1.2559e-07
5.4889e-08 1.2559e-07
5.513e-08 1.2559e-07
5.5372e-08 1.2559e-07
5.5615e-08 1.2559e-07
5.5858e-08 1.2559e-07
5.6104e-08 1.2559e-07
5.635e-08 1.2559e-07
5.6597e-08 1.2559e-07
5.6845e-08 1.2559e-07
5.7094e-08 1.2559e-07
5.7345e-08 1.2559e-07
5.7597e-08 1.2559e-07
5.7849e-08 1.2559e-07
5.8103e-08 1.2559e-07
5.8358e-08 1.2559e-07
5.8614e-08 1.2559e-07
5.8871e-08 1.2559e-07
5.9129e-08 1.2559e-07
5.9389e-08 1.2559e-07
5.9649e-08 1.2559e-07
5.9911e-08 1.2559e-07
6.0174e-08 1.2559e-07
6.0438e-08 1.2559e-07
6.0703e-08 1.2559e-07
6.0969e-08 1.2559e-07
6.1236e-08 1.2559e-07
6.1505e-08 1.2559e-07
6.1775e-08 1.2559e-07
6.2046e-08 1.2559e-07
6.2318e-08 1.2559e-07
6.2591e-08 1.2559e-07
6.2866e-08 1.2559e-07
6.3142e-08 1.2559e-07
6.3419e-08 1.2559e-07
6.3697e-08 1.2559e-07
6.3976e-08 1.2559e-07
6.4257e-08 1.2559e-07
6.4539e-08 1.2559e-07
6.4822e-08 1.2559e-07
6.5106e-08 1.2559e-07
6.5392e-08 1.2559e-07
6.5679e-08 1.2559e-07
6.5967e-08 1.2559e-07
6.6256e-08 1.2559e-07
6.6547e-08 1.2559e-07
6.6839e-08 1.2559e-07
6.7132e-08 1.2559e-07
6.7427e-08 1.2559e-07
6.7722e-08 1.2559e-07
6.802e-08 1.2559e-07
6.8318e-08 1.2559e-07
6.8618e-08 1.2559e-07
6.8919e-08 1.2559e-07
6.9221e-08 1.2559e-07
6.9525e-08 1.2559e-07
6.983e-08 1.2559e-07
7.0136e-08 1.2559e-07
7.0444e-08 1.2559e-07
7.0753e-08 1.2559e-07
7.1063e-08 1.2559e-07
7.1375e-08 1.2559e-07
7.1688e-08 1.2559e-07
7.2002e-08 1.2559e-07
7.2318e-08 1.2559e-07
7.2635e-08 1.2559e-07
7.2954e-08 1.2559e-07
7.3274e-08 1.2559e-07
7.3596e-08 1.2559e-07
7.3918e-08 1.2559e-07
7.4243e-08 1.2559e-07
7.4568e-08 1.2559e-07
7.4895e-08 1.2559e-07
7.5224e-08 1.2559e-07
7.5554e-08 1.2559e-07
7.5885e-08 1.2559e-07
7.6218e-08 1.2559e-07
7.6553e-08 1.2559e-07
7.6889e-08 1.2559e-07
7.7226e-08 1.2559e-07
7.7565e-08 1.2559e-07
7.7905e-08 1.2559e-07
7.8247e-08 1.2559e-07
7.859e-08 1.2559e-07
7.8935e-08 1.2559e-07
7.9281e-08 1.2559e-07
7.9629e-08 1.2559e-07
7.9978e-08 1.2559e-07
8.0329e-08 1.2559e-07
8.0681e-08 1.2559e-07
8.1035e-08 1.2559e-07
8.1391e-08 1.2559e-07
8.1748e-08 1.2559e-07
8.2106e-08 1.2559e-07
8.2466e-08 1.2559e-07
8.2828e-08 1.2559e-07
8.3192e-08 1.2559e-07
8.3557e-08 1.2559e-07
8.3923e-08 1.2559e-07
8.4291e-08 1.2559e-07
8.4661e-08 1.2559e-07
8.5032e-08 1.2559e-07
8.5405e-08 1.2559e-07
8.578e-08 1.2559e-07
8.6156e-08 1.2559e-07
8.6534e-08 1.2559e-07
8.6914e-08 1.2559e-07
8.7295e-08 1.2559e-07
8.7678e-08 1.2559e-07
8.8063e-08 1.2559e-07
8.8449e-08 1.2559e-07
8.8837e-08 1.2559e-07
8.9227e-08 1.2559e-07
8.9618e-08 1.2559e-07
9.0011e-08 1.2559e-07
9.0406e-08 1.2559e-07
9.0803e-08 1.2559e-07
9.1201e-08 1.2559e-07
9.1601e-08 1.2559e-07
9.2003e-08 1.2559e-07
9.2407e-08 1.2559e-07
9.2812e-08 1.2559e-07
9.3219e-08 1.2559e-07
9.3628e-08 1.2559e-07
9.4039e-08 1.2559e-07
9.4451e-08 1.2559e-07
9.4866e-08 1.2559e-07
9.5282e-08 1.2559e-07
9.57e-08 1.2559e-07
9.612e-08 1.2559e-07
9.6541e-08 1.2559e-07
9.6965e-08 1.2559e-07
9.739e-08 1.2559e-07
9.7817e-08 1.2559e-07
9.8246e-08 1.2559e-07
9.8677e-08 1.2559e-07
9.911e-08 1.2559e-07
9.9545e-08 1.2559e-07
9.9982e-08 1.2559e-07
1.0042e-07 1.2559e-07
1.0086e-07 1.2559e-07
1.013e-07 1.2559e-07
1.0175e-07 1.2559e-07
1.0219e-07 1.2559e-07
1.0264e-07 1.2559e-07
1.0309e-07 1.2559e-07
1.0354e-07 1.2559e-07
1.04e-07 1.2559e-07
1.0446e-07 1.2559e-07
1.0491e-07 1.2559e-07
1.0537e-07 1.2559e-07
1.0584e-07 1.2559e-07
1.063e-07 1.2559e-07
1.0677e-07 1.2559e-07
1.0724e-07 1.2559e-07
1.0771e-07 1.2559e-07
1.0818e-07 1.2559e-07
1.0865e-07 1.2559e-07
1.0913e-07 1.2559e-07
1.0961e-07 1.2559e-07
1.1009e-07 1.2559e-07
1.1057e-07 1.2559e-07
1.1106e-07 1.2559e-07
1.1154e-07 1.2559e-07
1.1203e-07 1.2559e-07
1.1252e-07 1.2559e-07
1.1302e-07 1.2559e-07
1.1351e-07 1.2559e-07
1.1401e-07 1.2559e-07
1.1451e-07 1.2559e-07
1.1501e-07 1.2559e-07
1.1552e-07 1.2559e-07
1.1603e-07 1.2559e-07
1.1653e-07 1.2559e-07
1.1705e-07 1.2559e-07
1.1756e-07 1.2559e-07
1.1808e-07 1.2559e-07
1.1859e-07 1.2559e-07
1.1911e-07 1.2559e-07
1.1964e-07 1.2559e-07
1.2016e-07 1.2559e-07
1.2069e-07 1.2559e-07
1.2122e-07 1.2559e-07
1.2175e-07 1.2559e-07
1.2228e-07 1.2559e-07
1.2282e-07 1.2559e-07
1.2336e-07 1.2559e-07
1.239e-07 1.2559e-07
1.2444e-07 1.2559e-07
1.2499e-07 1.2559e-07
1.2554e-07 1.2559e-07
1.2609e-07 1.2559e-07
1.2664e-07 1.2559e-07
1.272e-07 1.2559e-07
1.2775e-07 1.2559e-07
1.2831e-07 1.2559e-07
1.2888e-07 1.2559e-07
1.2944e-07 1.2559e-07
1.3001e-07 1.2559e-07
1.3058e-07 1.2559e-07
1.3115e-07 1.2559e-07
1.3173e-07 1.2559e-07
1.3231e-07 1.2559e-07
1.3289e-07 1.2559e-07
1.3347e-07 1.2559e-07
1.3406e-07 1.2559e-07
1.3464e-07 1.2559e-07
1.3524e-07 1.2559e-07
1.3583e-07 1.2559e-07
1.3642e-07 1.2559e-07
1.3702e-07 1.2559e-07
1.3762e-07 1.2559e-07
1.3823e-07 1.2559e-07
1.3883e-07 1.2559e-07
1.3944e-07 1.2559e-07
1.4005e-07 1.2559e-07
1.4067e-07 1.2559e-07
1.4129e-07 1.2559e-07
1.4191e-07 1.2559e-07
1.4253e-07 1.2559e-07
1.4315e-07 1.2559e-07
1.4378e-07 1.2559e-07
1.4441e-07 1.2559e-07
1.4505e-07 1.2559e-07
1.4568e-07 1.2559e-07
1.4632e-07 1.2559e-07
1.4696e-07 1.2559e-07
1.4761e-07 1.2559e-07
1.4826e-07 1.2559e-07
1.4891e-07 1.2559e-07
1.4956e-07 1.2559e-07
1.5021e-07 1.2559e-07
1.5087e-07 1.2559e-07
1.5154e-07 1.2559e-07
1.522e-07 1.2559e-07
1.5287e-07 1.2559e-07
1.5354e-07 1.2559e-07
1.5421e-07 1.2559e-07
1.5489e-07 1.2559e-07
1.5557e-07 1.2559e-07
1.5625e-07 1.2559e-07
1.5694e-07 1.2559e-07
1.5762e-07 1.2559e-07
1.5832e-07 1.2559e-07
1.5901e-07 1.2559e-07
1.5971e-07 1.2559e-07
1.6041e-07 1.2559e-07
1.6111e-07 1.2559e-07
1.6182e-07 1.2559e-07
1.6253e-07 1.2559e-07
1.6324e-07 1.2559e-07
1.6396e-07 1.2559e-07
1.6468e-07 1.2559e-07
1.654e-07 1.2559e-07
1.6613e-07 1.2559e-07
1.6685e-07 1.2559e-07
1.6759e-07 1.2559e-07
1.6832e-07 1.2559e-07
1.6906e-07 1.2559e-07
1.698e-07 1.2559e-07
1.7055e-07 1.2559e-07
1.7129e-07 1.2559e-07
1.7205e-07 1.2559e-07
1.728e-07 1.2559e-07
1.7356e-07 1.2559e-07
1.7432e-07 1.2559e-07
1.7508e-07 1.2559e-07
1.7585e-07 1.2559e-07
1.7662e-07 1.2559e-07
1.774e-07 1.2559e-07
1.7818e-07 1.2559e-07
1.7896e-07 1.2559e-07
1.7974e-07 1.2559e-07
1.8053e-07 1.2559e-07
1.8132e-07 1.2559e-07
1.8212e-07 1.2559e-07
1.8292e-07 1.2559e-07
1.8372e-07 1.2559e-07
1.8453e-07 1.2559e-07
1.8534e-07 1.2559e-07
1.8615e-07 1.2559e-07
1.8697e-07 1.2559e-07
1.8779e-07 1.2559e-07
1.8861e-07 1.2559e-07
1.8944e-07 1.2559e-07
1.9027e-07 1.2559e-07
1.911e-07 1.2559e-07
1.9194e-07 1.2559e-07
1.9278e-07 1.2559e-07
1.9363e-07 1.2559e-07
1.9448e-07 1.2559e-07
1.9533e-07 1.2559e-07
1.9619e-07 1.2559e-07
1.9705e-07 1.2559e-07
1.9791e-07 1.2559e-07
1.9878e-07 1.2559e-07
1.9965e-07 1.2559e-07
2.0053e-07 1.2559e-07
2.0141e-07 1.2559e-07
2.0229e-07 1.2559e-07
2.0318e-07 1.2559e-07
2.0407e-07 1.2559e-07
2.0497e-07 1.2559e-07
2.0587e-07 1.2559e-07
2.0677e-07 1.2559e-07
2.0768e-07 1.2559e-07
2.0859e-07 1.2559e-07
2.095e-07 1.2559e-07
2.1042e-07 1.2559e-07
2.1134e-07 1.2559e-07
2.1227e-07 1.2559e-07
2.132e-07 1.2559e-07
2.1414e-07 1.2559e-07
2.1508e-07 1.2559e-07
2.1602e-07 1.2559e-07
2.1697e-07 1.2559e-07
2.1792e-07 1.2559e-07
2.1888e-07 1.2559e-07
2.1984e-07 1.2559e-07
2.208e-07 1.2559e-07
2.2177e-07 1.2559e-07
2.2274e-07 1.2559e-07
2.2372e-07 1.2559e-07
2.247e-07 1.2559e-07
2.2569e-07 1.2559e-07
2.2668e-07 1.2559e-07
2.2767e-07 1.2559e-07
2.2867e-07 1.2559e-07
2.2967e-07 1.2559e-07
2.3068e-07 1.2559e-07
2.3169e-07 1.2559e-07
2.3271e-07 1.2559e-07
2.3373e-07 1.2559e-07
2.3475e-07 1.2559e-07
2.3578e-07 1.2559e-07
2.3682e-07 1.2559e-07
2.3786e-07 1.2559e-07
2.389e-07 1.2559e-07
2.3995e-07 1.2559e-07
2.41e-07 1.2559e-07
2.4206e-07 1.2559e-07
2.4312e-07 1.2559e-07
2.4419e-07 1.2559e-07
2.4526e-07 1.2559e-07
2.4633e-07 1.2559e-07
2.4741e-07 1.2559e-07
2.485e-07 1.2559e-07
2.4959e-07 1.2559e-07
2.5069e-07 1.2559e-07
2.5178e-07 1.2559e-07
2.5289e-07 1.2559e-07
2.54e-07 1.2559e-07
2.5511e-07 1.2559e-07
2.5623e-07 1.2559e-07
2.5736e-07 1.2559e-07
2.5849e-07 1.2559e-07
2.5962e-07 1.2559e-07
2.6076e-07 1.2559e-07
2.619e-07 1.2559e-07
2.6305e-07 1.2559e-07
2.642e-07 1.2559e-07
2.6536e-07 1.2559e-07
2.6653e-07 1.2559e-07
2.677e-07 1.2559e-07
2.6887e-07 1.2559e-07
2.7005e-07 1.2559e-07
2.7124e-07 1.2559e-07
2.7243e-07 1.2559e-07
2.7362e-07 1.2559e-07
2.7482e-07 1.2559e-07
2.7603e-07 1.2559e-07
2.7724e-07 1.2559e-07
2.7845e-07 1.2559e-07
2.7967e-07 1.2559e-07
2.809e-07 1.2559e-07
2.8213e-07 1.2559e-07
2.8337e-07 1.2559e-07
2.8461e-07 1.2559e-07
2.8586e-07 1.2559e-07
2.8712e-07 1.2559e-07
2.8838e-07 1.2559e-07
2.8964e-07 1.2559e-07
2.9091e-07 1.2559e-07
2.9219e-07 1.2559e-07
2.9347e-07 1.2559e-07
2.9476e-07 1.2559e-07
2.9605e-07 1.2559e-07
2.9735e-07 1.2559e-07
2.9865e-07 1.2559e-07
2.9996e-07 1.2559e-07
3.0128e-07 1.2559e-07
3.026e-07 1.2559e-07
3.0393e-07 1.2559e-07
3.0526e-07 1.2559e-07
3.066e-07 1.2559e-07
3.0795e-07 1.2559e-07
3.093e-07 1.2559e-07
3.1065e-07 1.2559e-07
3.1202e-07 1.2559e-07
3.1339e-07 1.2559e-07
3.1476e-07 1.2559e-07
3.1614e-07 1.2559e-07
3.1753e-07 1.2559e-07
3.1892e-07 1.2559e-07
3.2032e-07 1.2559e-07
3.2173e-07 1.2559e-07
3.2314e-07 1.2559e-07
3.2455e-07 1.2559e-07
3.2598e-07 1.2559e-07
3.2741e-07 1.2559e-07
3.2884e-07 1.2559e-07
3.3029e-07 1.2559e-07
3.3174e-07 1.2559e-07
3.3319e-07 1.2559e-07
3.3465e-07 1.2559e-07
3.3612e-07 1.2559e-07
3.376e-07 1.2559e-07
3.3908e-07 1.2559e-07
3.4056e-07 1.2559e-07
3.4206e-07 1.2559e-07
3.4356e-07 1.2559e-07
3.4507e-07 1.2559e-07
3.4658e-07 1.2559e-07
3.481e-07 1.2559e-07
3.4963e-07 1.2559e-07
3.5116e-07 1.2559e-07
3.527e-07 1.2559e-07
3.5425e-07 1.2559e-07
3.558e-07 1.2559e-07
3.5736e-07 1.2559e-07
3.5893e-07 1.2559e-07
3.605e-07 1.2559e-07
3.6209e-07 1.2559e-07
3.6367e-07 1.2559e-07
3.6527e-07 1.2559e-07
3.6687e-07 1.2559e-07
3.6848e-07 1.2559e-07
3.701e-07 1.2559e-07
3.7172e-07 1.2559e-07
3.7335e-07 1.2559e-07
3.7499e-07 1.2559e-07
3.7664e-07 1.2559e-07
3.7829e-07 1.2559e-07
3.7995e-07 1.2559e-07
3.8161e-07 1.2559e-07
3.8329e-07 1.2559e-07
3.8497e-07 1.2559e-07
3.8666e-07 1.2559e-07
3.8835e-07 1.2559e-07
3.9006e-07 1.2559e-07
3.9177e-07 1.2559e-07
3.9349e-07 1.2559e-07
3.9521e-07 1.2559e-07
3.9695e-07 1.2559e-07
3.9869e-07 1.2559e-07
4.0044e-07 1.2559e-07
4.0219e-07 1.2559e-07
4.0396e-07 1.2559e-07
4.0573e-07 1.2559e-07
4.0751e-07 1.2559e-07
4.093e-07 1.2559e-07
4.1109e-07 1.2559e-07
4.129e-07 1.2559e-07
4.1471e-07 1.2559e-07
4.1653e-07 1.2559e-07
4.1835e-07 1.2559e-07
4.2019e-07 1.2559e-07
4.2203e-07 1.2559e-07
4.2388e-07 1.2559e-07
4.2574e-07 1.2559e-07
4.2761e-07 1.2559e-07
4.2949e-07 1.2559e-07
4.3137e-07 1.2559e-07
4.3326e-07 1.2559e-07
4.3516e-07 1.2559e-07
4.3707e-07 1.2559e-07
4.3899e-07 1.2559e-07
4.4092e-07 1.2559e-07
4.4285e-07 1.2559e-07
4.4479e-07 1.2559e-07
4.4674e-07 1.2559e-07
4.487e-07 1.2559e-07
4.5067e-07 1.2559e-07
4.5265e-07 1.2559e-07
4.5464e-07 1.2559e-07
4.5663e-07 1.2559e-07
4.5863e-07 1.2559e-07
4.6065e-07 1.2559e-07
4.6267e-07 1.2559e-07
4.647e-07 1.2559e-07
4.6673e-07 1.2559e-07
4.6878e-07 1.2559e-07
4.7084e-07 1.2559e-07
4.729e-07 1.2559e-07
4.7498e-07 1.2559e-07
4.7706e-07 1.2559e-07
4.7915e-07 1.2559e-07
4.8126e-07 1.2559e-07
4.8337e-07 1.2559e-07
4.8549e-07 1.2559e-07
4.8762e-07 1.2559e-07
4.8976e-07 1.2559e-07
4.9191e-07 1.2559e-07
4.9406e-07 1.2559e-07
4.9623e-07 1.2559e-07
4.9841e-07 1.2559e-07
5.0059e-07 1.2559e-07
5.0279e-07 1.2559e-07
5.05e-07 1.2559e-07
5.0721e-07 1.2559e-07
5.0944e-07 1.2559e-07
5.1167e-07 1.2559e-07
5.1391e-07 1.2559e-07
5.1617e-07 1.2559e-07
5.1843e-07 1.2559e-07
5.2071e-07 1.2559e-07
5.2299e-07 1.2559e-07
5.2529e-07 1.2559e-07
5.2759e-07 1.2559e-07
5.2991e-07 1.2559e-07
5.3223e-07 1.2559e-07
5.3456e-07 1.2559e-07
5.3691e-07 1.2559e-07
5.3926e-07 1.2559e-07
5.4163e-07 1.2559e-07
5.4401e-07 1.2559e-07
5.4639e-07 1.2559e-07
5.4879e-07 1.2559e-07
5.512e-07 1.2559e-07
5.5362e-07 1.2559e-07
5.5604e-07 1.2559e-07
5.5848e-07 1.2559e-07
5.6093e-07 1.2559e-07
5.6339e-07 1.2559e-07
5.6587e-07 1.2559e-07
5.6835e-07 1.2559e-07
5.7084e-07 1.2559e-07
5.7334e-07 1.2559e-07
5.7586e-07 1.2559e-07
5.7839e-07 1.2559e-07
5.8092e-07 1.2559e-07
5.8347e-07 1.2559e-07
5.8603e-07 1.2559e-07
5.886e-07 1.2559e-07
5.9118e-07 1.2559e-07
5.9378e-07 1.2559e-07
5.9638e-07 1.2559e-07
5.99e-07 1.2559e-07
6.0163e-07 1.2559e-07
6.0427e-07 1.2559e-07
6.0692e-07 1.2559e-07
6.0958e-07 1.2559e-07
6.1225e-07 1.2559e-07
6.1494e-07 1.2559e-07
6.1764e-07 1.2559e-07
6.2035e-07 1.2559e-07
6.2307e-07 1.2559e-07
6.258e-07 1.2559e-07
6.2855e-07 1.2559e-07
6.313e-07 1.2559e-07
6.3407e-07 1.2559e-07
6.3685e-07 1.2559e-07
6.3965e-07 1.2559e-07
6.4245e-07 1.2559e-07
6.4527e-07 1.2559e-07
6.481e-07 1.2559e-07
6.5095e-07 1.2559e-07
6.538e-07 1.2559e-07
6.5667e-07 1.2559e-07
6.5955e-07 1.2559e-07
6.6244e-07 1.2559e-07
6.6535e-07 1.2559e-07
6.6827e-07 1.2559e-07
6.712e-07 1.2559e-07
6.7414e-07 1.2559e-07
6.771e-07 1.2559e-07
6.8007e-07 1.2559e-07
6.8305e-07 1.2559e-07
6.8605e-07 1.2559e-07
6.8906e-07 1.2559e-07
6.9208e-07 1.2559e-07
6.9512e-07 1.2559e-07
6.9817e-07 1.2559e-07
7.0123e-07 1.2559e-07
7.0431e-07 1.2559e-07
7.074e-07 1.2559e-07
7.105e-07 1.2559e-07
7.1362e-07 1.2559e-07
7.1675e-07 1.2559e-07
7.1989e-07 1.2559e-07
7.2305e-07 1.2559e-07
7.2622e-07 1.2559e-07
7.2941e-07 1.2559e-07
7.3261e-07 1.2559e-07
7.3582e-07 1.2559e-07
7.3905e-07 1.2559e-07
7.4229e-07 1.2559e-07
7.4555e-07 1.2559e-07
7.4882e-07 1.2559e-07
7.521e-07 1.2559e-07
7.554e-07 1.2559e-07
7.5872e-07 1.2559e-07
7.6204e-07 1.2559e-07
7.6539e-07 1.2559e-07
7.6875e-07 1.2559e-07
7.7212e-07 1.2559e-07
7.755e-07 1.2559e-07
7.7891e-07 1.2559e-07
7.8232e-07 1.2559e-07
7.8576e-07 1.2559e-07
7.892e-07 1.2559e-07
7.9266e-07 1.2559e-07
7.9614e-07 1.2559e-07
7.9963e-07 1.2559e-07
8.0314e-07 1.2559e-07
8.0667e-07 1.2559e-07
8.102e-07 1.2559e-07
8.1376e-07 1.2559e-07
8.1733e-07 1.2559e-07
8.2091e-07 1.2559e-07
8.2451e-07 1.2559e-07
8.2813e-07 1.2559e-07
8.3176e-07 1.2559e-07
8.3541e-07 1.2559e-07
8.3908e-07 1.2559e-07
8.4276e-07 1.2559e-07
8.4646e-07 1.2559e-07
8.5017e-07 1.2559e-07
8.539e-07 1.2559e-07
8.5764e-07 1.2559e-07
8.6141e-07 1.2559e-07
8.6519e-07 1.2559e-07
8.6898e-07 1.2559e-07
8.7279e-07 1.2559e-07
8.7662e-07 1.2559e-07
8.8047e-07 1.2559e-07
8.8433e-07 1.2559e-07
8.8821e-07 1.2559e-07
8.9211e-07 1.2559e-07
8.9602e-07 1.2559e-07
8.9995e-07 1.2559e-07
9.039e-07 1.2559e-07
9.0786e-07 1.2559e-07
9.1184e-07 1.2559e-07
9.1584e-07 1.2559e-07
9.1986e-07 1.2559e-07
9.239e-07 1.2559e-07
9.2795e-07 1.2559e-07
9.3202e-07 1.2559e-07
9.3611e-07 1.2559e-07
9.4022e-07 1.2559e-07
9.4434e-07 1.2559e-07
9.4848e-07 1.2559e-07
9.5264e-07 1.2559e-07
9.5682e-07 1.2559e-07
9.6102e-07 1.2559e-07
9.6524e-07 1.2559e-07
9.6947e-07 1.2559e-07
9.7372e-07 1.2559e-07
9.78e-07 1.2559e-07
9.8229e-07 1.2559e-07
9.8659e-07 1.2559e-07
9.9092e-07 1.2559e-07
9.9527e-07 1.2559e-07
9.9964e-07 1.2559e-07
1.004e-06 1.2559e-07
1.0084e-06 1.2559e-07
1.0128e-06 1.2559e-07
1.0173e-06 1.2559e-07
1.0218e-06 1.2559e-07
1.0262e-06 1.2559e-07
1.0307e-06 1.2559e-07
1.0353e-06 1.2559e-07
1.0398e-06 1.2559e-07
1.0444e-06 1.2559e-07
1.0489e-06 1.2559e-07
1.0535e-06 1.2559e-07
1.0582e-06 1.2559e-07
1.0628e-06 1.2559e-07
1.0675e-06 1.2559e-07
1.0722e-06 1.2559e-07
1.0769e-06 1.2559e-07
1.0816e-06 1.2559e-07
1.0863e-06 1.2559e-07
1.0911e-06 1.2559e-07
1.0959e-06 1.2559e-07
1.1007e-06 1.2559e-07
1.1055e-06 1.2559e-07
1.1104e-06 1.2559e-07
1.1152e-06 1.2559e-07
1.1201e-06 1.2559e-07
1.125e-06 1.2559e-07
1.13e-06 1.2559e-07
1.1349e-06 1.2559e-07
1.1399e-06 1.2559e-07
1.1449e-06 1.2559e-07
1.1499e-06 1.2559e-07
1.155e-06 1.2559e-07
1.16e-06 1.2559e-07
1.1651e-06 1.2559e-07
1.1702e-06 1.2559e-07
1.1754e-06 1.2559e-07
1.1805e-06 1.2559e-07
1.1857e-06 1.2559e-07
1.1909e-06 1.2559e-07
1.1961e-06 1.2559e-07
1.2014e-06 1.2559e-07
1.2067e-06 1.2559e-07
1.212e-06 1.2559e-07
1.2173e-06 1.2559e-07
1.2226e-06 1.2559e-07
1.228e-06 1.2559e-07
1.2334e-06 1.2559e-07
1.2388e-06 1.2559e-07
1.2442e-06 1.2559e-07
1.2497e-06 1.2559e-07
1.2551e-06 1.2559e-07
1.2606e-06 1.2559e-07
1.2662e-06 1.2559e-07
1.2717e-06 1.2559e-07
1.2773e-06 1.2559e-07
1.2829e-06 1.2559e-07
1.2885e-06 1.2559e-07
1.2942e-06 1.2559e-07
1.2999e-06 1.2559e-07
1.3056e-06 1.2559e-07
1.3113e-06 1.2559e-07
1.3171e-06 1.2559e-07
1.3228e-06 1.2559e-07
1.3286e-06 1.2559e-07
1.3345e-06 1.2559e-07
1.3403e-06 1.2559e-07
1.3462e-06 1.2559e-07
1.3521e-06 1.2559e-07
1.358e-06 1.2559e-07
1.364e-06 1.2559e-07
1.37e-06 1.2559e-07
1.376e-06 1.2559e-07
1.382e-06 1.2559e-07
1.3881e-06 1.2559e-07
1.3942e-06 1.2559e-07
1.4003e-06 1.2559e-07
1.4064e-06 1.2559e-07
1.4126e-06 1.2559e-07
1.4188e-06 1.2559e-07
1.425e-06 1.2559e-07
1.4313e-06 1.2559e-07
1.4376e-06 1.2559e-07
1.4439e-06 1.2559e-07
1.4502e-06 1.2559e-07
1.4566e-06 1.2559e-07
1.4629e-06 1.2559e-07
1.4694e-06 1.2559e-07
1.4758e-06 1.2559e-07
1.4823e-06 1.2559e-07
1.4888e-06 1.2559e-07
1.4953e-06 1.2559e-07
1.5019e-06 1.2559e-07
1.5085e-06 1.2559e-07
1.5151e-06 1.2559e-07
1.5217e-06 1.2559e-07
1.5284e-06 1.2559e-07
1.5351e-06 1.2559e-07
1.5418e-06 1.2559e-07
1.5486e-06 1.2559e-07
1.5554e-06 1.2559e-07
1.5622e-06 1.2559e-07
1.5691e-06 1.2559e-07
1.576e-06 1.2559e-07
1.5829e-06 1.2559e-07
1.5898e-06 1.2559e-07
1.5968e-06 1.2559e-07
1.6038e-06 1.2559e-07
1.6108e-06 1.2559e-07
1.6179e-06 1.2559e-07
1.625e-06 1.2559e-07
1.6321e-06 1.2559e-07
1.6393e-06 1.2559e-07
1.6465e-06 1.2559e-07
1.6537e-06 1.2559e-07
1.661e-06 1.2559e-07
1.6682e-06 1.2559e-07
1.6756e-06 1.2559e-07
1.6829e-06 1.2559e-07
1.6903e-06 1.2559e-07
1.6977e-06 1.2559e-07
1.7051e-06 1.2559e-07
1.7126e-06 1.2559e-07
1.7201e-06 1.2559e-07
1.7277e-06 1.2559e-07
1.7353e-06 1.2559e-07
1.7429e-06 1.2559e-07
1.7505e-06 1.2559e-07
1.7582e-06 1.2559e-07
1.7659e-06 1.2559e-07
1.7737e-06 1.2559e-07
1.7814e-06 1.2559e-07
1.7893e-06 1.2559e-07
1.7971e-06 1.2559e-07
1.805e-06 1.2559e-07
1.8129e-06 1.2559e-07
1.8209e-06 1.2559e-07
1.8289e-06 1.2559e-07
1.8369e-06 1.2559e-07
1.8449e-06 1.2559e-07
1.853e-06 1.2559e-07
1.8612e-06 1.2559e-07
1.8693e-06 1.2559e-07
1.8775e-06 1.2559e-07
1.8858e-06 1.2559e-07
1.894e-06 1.2559e-07
1.9023e-06 1.2559e-07
1.9107e-06 1.2559e-07
1.9191e-06 1.2559e-07
1.9275e-06 1.2559e-07
1.9359e-06 1.2559e-07
1.9444e-06 1.2559e-07
1.953e-06 1.2559e-07
1.9615e-06 1.2559e-07
1.9701e-06 1.2559e-07
1.9788e-06 1.2559e-07
1.9875e-06 1.2559e-07
1.9962e-06 1.2559e-07
2.0049e-06 1.2559e-07
2.0137e-06 1.2559e-07
2.0226e-06 1.2559e-07
2.0314e-06 1.2559e-07
2.0403e-06 1.2559e-07
2.0493e-06 1.2559e-07
2.0583e-06 1.2559e-07
2.0673e-06 1.2559e-07
2.0764e-06 1.2559e-07
2.0855e-06 1.2559e-07
2.0946e-06 1.2559e-07
2.1038e-06 1.2559e-07
2.1131e-06 1.2559e-07
2.1223e-06 1.2559e-07
2.1316e-06 1.2559e-07
2.141e-06 1.2559e-07
2.1504e-06 1.2559e-07
2.1598e-06 1.2559e-07
2.1693e-06 1.2559e-07
2.1788e-06 1.2559e-07
2.1884e-06 1.2559e-07
2.198e-06 1.2559e-07
2.2076e-06 1.2559e-07
2.2173e-06 1.2559e-07
2.227e-06 1.2559e-07
2.2368e-06 1.2559e-07
2.2466e-06 1.2559e-07
2.2565e-06 1.2559e-07
2.2663e-06 1.2559e-07
2.2763e-06 1.2559e-07
2.2863e-06 1.2559e-07
2.2963e-06 1.2559e-07
2.3064e-06 1.2559e-07
2.3165e-06 1.2559e-07
2.3267e-06 1.2559e-07
2.3369e-06 1.2559e-07
2.3471e-06 1.2559e-07
2.3574e-06 1.2559e-07
2.3678e-06 1.2559e-07
2.3781e-06 1.2559e-07
2.3886e-06 1.2559e-07
2.3991e-06 1.2559e-07
2.4096e-06 1.2559e-07
2.4201e-06 1.2559e-07
2.4308e-06 1.2559e-07
2.4414e-06 1.2559e-07
2.4521e-06 1.2559e-07
2.4629e-06 1.2559e-07
2.4737e-06 1.2559e-07
2.4845e-06 1.2559e-07
2.4954e-06 1.2559e-07
2.5064e-06 1.2559e-07
2.5174e-06 1.2559e-07
2.5284e-06 1.2559e-07
2.5395e-06 1.2559e-07
2.5507e-06 1.2559e-07
2.5619e-06 1.2559e-07
2.5731e-06 1.2559e-07
2.5844e-06 1.2559e-07
2.5957e-06 1.2559e-07
2.6071e-06 1.2559e-07
2.6185e-06 1.2559e-07
2.63e-06 1.2559e-07
2.6416e-06 1.2559e-07
2.6532e-06 1.2559e-07
2.6648e-06 1.2559e-07
2.6765e-06 1.2559e-07
2.6882e-06 1.2559e-07
2.7e-06 1.2559e-07
2.7119e-06 1.2559e-07
2.7238e-06 1.2559e-07
2.7357e-06 1.2559e-07
2.7477e-06 1.2559e-07
2.7598e-06 1.2559e-07
2.7719e-06 1.2559e-07
2.784e-06 1.2559e-07
2.7962e-06 1.2559e-07
2.8085e-06 1.2559e-07
2.8208e-06 1.2559e-07
2.8332e-06 1.2559e-07
2.8456e-06 1.2559e-07
2.8581e-06 1.2559e-07
2.8707e-06 1.2559e-07
2.8832e-06 1.2559e-07
2.8959e-06 1.2559e-07
2.9086e-06 1.2559e-07
2.9214e-06 1.2559e-07
2.9342e-06 1.2559e-07
2.947e-06 1.2559e-07
2.96e-06 1.2559e-07
2.973e-06 1.2559e-07
2.986e-06 1.2559e-07
2.9991e-06 1.2559e-07
3.0123e-06 1.2559e-07
3.0255e-06 1.2559e-07
3.0387e-06 1.2559e-07
3.0521e-06 1.2559e-07
3.0655e-06 1.2559e-07
3.0789e-06 1.2559e-07
3.0924e-06 1.2559e-07
3.106e-06 1.2559e-07
3.1196e-06 1.2559e-07
3.1333e-06 1.2559e-07
3.147e-06 1.2559e-07
3.1608e-06 1.2559e-07
3.1747e-06 1.2559e-07
3.1886e-06 1.2559e-07
3.2026e-06 1.2559e-07
3.2167e-06 1.2559e-07
3.2308e-06 1.2559e-07
3.245e-06 1.2559e-07
3.2592e-06 1.2559e-07
3.2735e-06 1.2559e-07
3.2878e-06 1.2559e-07
3.3023e-06 1.2559e-07
3.3168e-06 1.2559e-07
3.3313e-06 1.2559e-07
3.3459e-06 1.2559e-07
3.3606e-06 1.2559e-07
3.3753e-06 1.2559e-07
3.3901e-06 1.2559e-07
3.405e-06 1.2559e-07
3.42e-06 1.2559e-07
3.435e-06 1.2559e-07
3.45e-06 1.2559e-07
3.4652e-06 1.2559e-07
3.4804e-06 1.2559e-07
3.4956e-06 1.2559e-07
3.511e-06 1.2559e-07
3.5264e-06 1.2559e-07
3.5418e-06 1.2559e-07
3.5574e-06 1.2559e-07
3.573e-06 1.2559e-07
3.5886e-06 1.2559e-07
3.6044e-06 1.2559e-07
3.6202e-06 1.2559e-07
3.6361e-06 1.2559e-07
3.652e-06 1.2559e-07
3.6681e-06 1.2559e-07
3.6841e-06 1.2559e-07
3.7003e-06 1.2559e-07
3.7165e-06 1.2559e-07
3.7328e-06 1.2559e-07
3.7492e-06 1.2559e-07
3.7657e-06 1.2559e-07
3.7822e-06 1.2559e-07
3.7988e-06 1.2559e-07
3.8154e-06 1.2559e-07
3.8322e-06 1.2559e-07
3.849e-06 1.2559e-07
3.8659e-06 1.2559e-07
3.8828e-06 1.2559e-07
3.8999e-06 1.2559e-07
3.917e-06 1.2559e-07
3.9342e-06 1.2559e-07
3.9514e-06 1.2559e-07
3.9687e-06 1.2559e-07
3.9862e-06 1.2559e-07
4.0036e-06 1.2559e-07
4.0212e-06 1.2559e-07
4.0388e-06 1.2559e-07
4.0566e-06 1.2559e-07
4.0744e-06 1.2559e-07
4.0922e-06 1.2559e-07
4.1102e-06 1.2559e-07
4.1282e-06 1.2559e-07
4.1463e-06 1.2559e-07
4.1645e-06 1.2559e-07
4.1828e-06 1.2559e-07
4.2011e-06 1.2559e-07
4.2196e-06 1.2559e-07
4.2381e-06 1.2559e-07
4.2567e-06 1.2559e-07
4.2753e-06 1.2559e-07
4.2941e-06 1.2559e-07
4.3129e-06 1.2559e-07
4.3319e-06 1.2559e-07
4.3509e-06 1.2559e-07
4.3699e-06 1.2559e-07
4.3891e-06 1.2559e-07
4.4084e-06 1.2559e-07
4.4277e-06 1.2559e-07
4.4471e-06 1.2559e-07
4.4666e-06 1.2559e-07
4.4862e-06 1.2559e-07
4.5059e-06 1.2559e-07
4.5257e-06 1.2559e-07
4.5455e-06 1.2559e-07
4.5655e-06 1.2559e-07
4.5855e-06 1.2559e-07
4.6056e-06 1.2559e-07
4.6258e-06 1.2559e-07
4.6461e-06 1.2559e-07
4.6665e-06 1.2559e-07
4.687e-06 1.2559e-07
4.7075e-06 1.2559e-07
4.7282e-06 1.2559e-07
4.7489e-06 1.2559e-07
4.7697e-06 1.2559e-07
4.7907e-06 1.2559e-07
4.8117e-06 1.2559e-07
4.8328e-06 1.2559e-07
4.854e-06 1.2559e-07
4.8753e-06 1.2559e-07
4.8967e-06 1.2559e-07
4.9182e-06 1.2559e-07
4.9397e-06 1.2559e-07
4.9614e-06 1.2559e-07
4.9832e-06 1.2559e-07
5.005e-06 1.2559e-07
5.027e-06 1.2559e-07
5.049e-06 1.2559e-07
5.0712e-06 1.2559e-07
5.0934e-06 1.2559e-07
5.1158e-06 1.2559e-07
5.1382e-06 1.2559e-07
5.1608e-06 1.2559e-07
5.1834e-06 1.2559e-07
5.2061e-06 1.2559e-07
5.229e-06 1.2559e-07
5.2519e-06 1.2559e-07
5.2749e-06 1.2559e-07
5.2981e-06 1.2559e-07
5.3213e-06 1.2559e-07
5.3447e-06 1.2559e-07
5.3681e-06 1.2559e-07
5.3917e-06 1.2559e-07
5.4153e-06 1.2559e-07
5.4391e-06 1.2559e-07
5.4629e-06 1.2559e-07
5.4869e-06 1.2559e-07
5.511e-06 1.2559e-07
5.5351e-06 1.2559e-07
5.5594e-06 1.2559e-07
5.5838e-06 1.2559e-07
5.6083e-06 1.2559e-07
5.6329e-06 1.2559e-07
5.6576e-06 1.2559e-07
5.6824e-06 1.2559e-07
5.7074e-06 1.2559e-07
5.7324e-06 1.2559e-07
5.7576e-06 1.2559e-07
5.7828e-06 1.2559e-07
5.8082e-06 1.2559e-07
5.8337e-06 1.2559e-07
5.8592e-06 1.2559e-07
5.885e-06 1.2559e-07
5.9108e-06 1.2559e-07
5.9367e-06 1.2559e-07
5.9627e-06 1.2559e-07
5.9889e-06 1.2559e-07
6.0152e-06 1.2559e-07
6.0416e-06 1.2559e-07
6.0681e-06 1.2559e-07
6.0947e-06 1.2559e-07
6.1214e-06 1.2559e-07
6.1483e-06 1.2559e-07
6.1752e-06 1.2559e-07
6.2023e-06 1.2559e-07
6.2295e-06 1.2559e-07
6.2569e-06 1.2559e-07
6.2843e-06 1.2559e-07
6.3119e-06 1.2559e-07
6.3396e-06 1.2559e-07
6.3674e-06 1.2559e-07
6.3953e-06 1.2559e-07
6.4234e-06 1.2559e-07
6.4515e-06 1.2559e-07
6.4798e-06 1.2559e-07
6.5083e-06 1.2559e-07
6.5368e-06 1.2559e-07
6.5655e-06 1.2559e-07
6.5943e-06 1.2559e-07
6.6232e-06 1.2559e-07
6.6523e-06 1.2559e-07
6.6815e-06 1.2559e-07
6.7108e-06 1.2559e-07
6.7402e-06 1.2559e-07
6.7698e-06 1.2559e-07
6.7995e-06 1.2559e-07
6.8293e-06 1.2559e-07
6.8593e-06 1.2559e-07
6.8894e-06 1.2559e-07
6.9196e-06 1.2559e-07
6.9499e-06 1.2559e-07
6.9804e-06 1.2559e-07
7.011e-06 1.2559e-07
7.0418e-06 1.2559e-07
7.0727e-06 1.2559e-07
7.1037e-06 1.2559e-07
7.1349e-06 1.2559e-07
7.1662e-06 1.2559e-07
7.1976e-06 1.2559e-07
7.2292e-06 1.2559e-07
7.2609e-06 1.2559e-07
7.2927e-06 1.2559e-07
7.3247e-06 1.2559e-07
7.3569e-06 1.2559e-07
7.3891e-06 1.2559e-07
7.4216e-06 1.2559e-07
7.4541e-06 1.2559e-07
7.4868e-06 1.2559e-07
7.5197e-06 1.2559e-07
7.5526e-06 1.2559e-07
7.5858e-06 1.2559e-07
7.6191e-06 1.2559e-07
7.6525e-06 1.2559e-07
7.686e-06 1.2559e-07
7.7198e-06 1.2559e-07
7.7536e-06 1.2559e-07
7.7876e-06 1.2559e-07
7.8218e-06 1.2559e-07
7.8561e-06 1.2559e-07
7.8906e-06 1.2559e-07
7.9252e-06 1.2559e-07
7.96e-06 1.2559e-07
7.9949e-06 1.2559e-07
8.03e-06 1.2559e-07
8.0652e-06 1.2559e-07
8.1006e-06 1.2559e-07
8.1361e-06 1.2559e-07
8.1718e-06 1.2559e-07
8.2076e-06 1.2559e-07
8.2436e-06 1.2559e-07
8.2798e-06 1.2559e-07
8.3161e-06 1.2559e-07
8.3526e-06 1.2559e-07
8.3892e-06 1.2559e-07
8.426e-06 1.2559e-07
8.463e-06 1.2559e-07
8.5001e-06 1.2559e-07
8.5374e-06 1.2559e-07
8.5749e-06 1.2559e-07
8.6125e-06 1.2559e-07
8.6503e-06 1.2559e-07
8.6882e-06 1.2559e-07
8.7263e-06 1.2559e-07
8.7646e-06 1.2559e-07
8.8031e-06 1.2559e-07
8.8417e-06 1.2559e-07
8.8805e-06 1.2559e-07
8.9194e-06 1.2559e-07
8.9586e-06 1.2559e-07
8.9979e-06 1.2559e-07
9.0373e-06 1.2559e-07
9.077e-06 1.2559e-07
9.1168e-06 1.2559e-07
9.1568e-06 1.2559e-07
9.1969e-06 1.2559e-07
9.2373e-06 1.2559e-07
9.2778e-06 1.2559e-07
9.3185e-06 1.2559e-07
9.3594e-06 1.2559e-07
9.4005e-06 1.2559e-07
9.4417e-06 1.2559e-07
9.4831e-06 1.2559e-07
9.5247e-06 1.2559e-07
9.5665e-06 1.2559e-07
9.6085e-06 1.2559e-07
9.6506e-06 1.2559e-07
9.6929e-06 1.2559e-07
9.7355e-06 1.2559e-07
9.7782e-06 1.2559e-07
9.8211e-06 1.2559e-07
9.8641e-06 1.2559e-07
9.9074e-06 1.2559e-07
9.9509e-06 1.2559e-07
9.9945e-06 1.2559e-07
1.0038e-05 1.2559e-07
1.0082e-05 1.2559e-07
1.0127e-05 1.2559e-07
1.0171e-05 1.2559e-07
1.0216e-05 1.2559e-07
1.0261e-05 1.2559e-07
1.0306e-05 1.2559e-07
1.0351e-05 1.2559e-07
1.0396e-05 1.2559e-07
1.0442e-05 1.2559e-07
1.0488e-05 1.2559e-07
1.0534e-05 1.2559e-07
1.058e-05 1.2559e-07
1.0626e-05 1.2559e-07
1.0673e-05 1.2559e-07
1.072e-05 1.2559e-07
1.0767e-05 1.2559e-07
1.0814e-05 1.2559e-07
1.0861e-05 1.2559e-07
1.0909e-05 1.2559e-07
1.0957e-05 1.2559e-07
1.1005e-05 1.2559e-07
1.1053e-05 1.2559e-07
1.1102e-05 1.2559e-07
1.115e-05 1.2559e-07
1.1199e-05 1.2559e-07
1.1248e-05 1.2559e-07
1.1298e-05 1.2559e-07
1.1347e-05 1.2559e-07
1.1397e-05 1.2559e-07
1.1447e-05 1.2559e-07
1.1497e-05 1.2559e-07
1.1548e-05 1.2559e-07
1.1598e-05 1.2559e-07
1.1649e-05 1.2559e-07
1.17e-05 1.2559e-07
1.1752e-05 1.2559e-07
1.1803e-05 1.2559e-07
1.1855e-05 1.2559e-07
1.1907e-05 1.2559e-07
1.1959e-05 1.2559e-07
1.2012e-05 1.2559e-07
1.2064e-05 1.2559e-07
1.2117e-05 1.2559e-07
1.217e-05 1.2559e-07
1.2224e-05 1.2559e-07
1.2277e-05 1.2559e-07
1.2331e-05 1.2559e-07
1.2385e-05 1.2559e-07
1.244e-05 1.2559e-07
1.2494e-05 1.2559e-07
1.2549e-05 1.2559e-07
1.2604e-05 1.2559e-07
1.2659e-05 1.2559e-07
1.2715e-05 1.2559e-07
1.2771e-05 1.2559e-07
1.2827e-05 1.2559e-07
1.2883e-05 1.2559e-07
1.294e-05 1.2559e-07
1.2996e-05 1.2559e-07
1.3053e-05 1.2559e-07
1.3111e-05 1.2559e-07
1.3168e-05 1.2559e-07
1.3226e-05 1.2559e-07
1.3284e-05 1.2559e-07
1.3342e-05 1.2559e-07
1.3401e-05 1.2559e-07
1.346e-05 1.2559e-07
1.3519e-05 1.2559e-07
1.3578e-05 1.2559e-07
1.3637e-05 1.2559e-07
1.3697e-05 1.2559e-07
1.3757e-05 1.2559e-07
1.3818e-05 1.2559e-07
1.3878e-05 1.2559e-07
1.3939e-05 1.2559e-07
1.4e-05 1.2559e-07
1.4062e-05 1.2559e-07
1.4123e-05 1.2559e-07
1.4185e-05 1.2559e-07
1.4248e-05 1.2559e-07
1.431e-05 1.2559e-07
1.4373e-05 1.2559e-07
1.4436e-05 1.2559e-07
1.4499e-05 1.2559e-07
1.4563e-05 1.2559e-07
1.4627e-05 1.2559e-07
1.4691e-05 1.2559e-07
1.4755e-05 1.2559e-07
1.482e-05 1.2559e-07
1.4885e-05 1.2559e-07
1.495e-05 1.2559e-07
1.5016e-05 1.2559e-07
1.5082e-05 1.2559e-07
1.5148e-05 1.2559e-07
1.5214e-05 1.2559e-07
1.5281e-05 1.2559e-07
1.5348e-05 1.2559e-07
1.5416e-05 1.2559e-07
1.5483e-05 1.2559e-07
1.5551e-05 1.2559e-07
1.5619e-05 1.2559e-07
1.5688e-05 1.2559e-07
1.5757e-05 1.2559e-07
1.5826e-05 1.2559e-07
1.5895e-05 1.2559e-07
1.5965e-05 1.2559e-07
1.6035e-05 1.2559e-07
1.6105e-05 1.2559e-07
1.6176e-05 1.2559e-07
1.6247e-05 1.2559e-07
1.6318e-05 1.2559e-07
1.639e-05 1.2559e-07
1.6462e-05 1.2559e-07
1.6534e-05 1.2559e-07
1.6606e-05 1.2559e-07
1.6679e-05 1.2559e-07
1.6752e-05 1.2559e-07
1.6826e-05 1.2559e-07
1.69e-05 1.2559e-07
1.6974e-05 1.2559e-07
1.7048e-05 1.2559e-07
1.7123e-05 1.2559e-07
1.7198e-05 1.2559e-07
1.7274e-05 1.2559e-07
1.735e-05 1.2559e-07
1.7426e-05 1.2559e-07
1.7502e-05 1.2559e-07
1.7579e-05 1.2559e-07
1.7656e-05 1.2559e-07
1.7733e-05 1.2559e-07
1.7811e-05 1.2559e-07
1.7889e-05 1.2559e-07
1.7968e-05 1.2559e-07
1.8047e-05 1.2559e-07
1.8126e-05 1.2559e-07
1.8205e-05 1.2559e-07
1.8285e-05 1.2559e-07
1.8365e-05 1.2559e-07
1.8446e-05 1.2559e-07
1.8527e-05 1.2559e-07
1.8608e-05 1.2559e-07
1.869e-05 1.2559e-07
1.8772e-05 1.2559e-07
1.8854e-05 1.2559e-07
1.8937e-05 1.2559e-07
1.902e-05 1.2559e-07
1.9103e-05 1.2559e-07
1.9187e-05 1.2559e-07
1.9271e-05 1.2559e-07
1.9356e-05 1.2559e-07
1.9441e-05 1.2559e-07
1.9526e-05 1.2559e-07
1.9612e-05 1.2559e-07
1.9698e-05 1.2559e-07
1.9784e-05 1.2559e-07
1.9871e-05 1.2559e-07
1.9958e-05 1.2559e-07
2.0046e-05 1.2559e-07
2.0134e-05 1.2559e-07
2.0222e-05 1.2559e-07
2.0311e-05 1.2559e-07
2.04e-05 1.2559e-07
2.0489e-05 1.2559e-07
2.0579e-05 1.2559e-07
2.0669e-05 1.2559e-07
2.076e-05 1.2559e-07
2.0851e-05 1.2559e-07
2.0943e-05 1.2559e-07
2.1034e-05 1.2559e-07
2.1127e-05 1.2559e-07
2.1219e-05 1.2559e-07
2.1312e-05 1.2559e-07
2.1406e-05 1.2559e-07
2.15e-05 1.2559e-07
2.1594e-05 1.2559e-07
2.1689e-05 1.2559e-07
2.1784e-05 1.2559e-07
2.188e-05 1.2559e-07
2.1976e-05 1.2559e-07
2.2072e-05 1.2559e-07
2.2169e-05 1.2559e-07
2.2266e-05 1.2559e-07
2.2364e-05 1.2559e-07
2.2462e-05 1.2559e-07
2.256e-05 1.2559e-07
2.2659e-05 1.2559e-07
2.2759e-05 1.2559e-07
2.2859e-05 1.2559e-07
2.2959e-05 1.2559e-07
2.306e-05 1.2559e-07
2.3161e-05 1.2559e-07
2.3262e-05 1.2559e-07
2.3364e-05 1.2559e-07
2.3467e-05 1.2559e-07
2.357e-05 1.2559e-07
2.3673e-05 1.2559e-07
2.3777e-05 1.2559e-07
2.3881e-05 1.2559e-07
2.3986e-05 1.2559e-07
2.4091e-05 1.2559e-07
2.4197e-05 1.2559e-07
2.4303e-05 1.2559e-07
2.441e-05 1.2559e-07
2.4517e-05 1.2559e-07
2.4624e-05 1.2559e-07
2.4732e-05 1.2559e-07
2.4841e-05 1.2559e-07
2.495e-05 1.2559e-07
2.5059e-05 1.2559e-07
2.5169e-05 1.2559e-07
2.528e-05 1.2559e-07
2.5391e-05 1.2559e-07
2.5502e-05 1.2559e-07
2.5614e-05 1.2559e-07
2.5726e-05 1.2559e-07
2.5839e-05 1.2559e-07
2.5952e-05 1.2559e-07
2.6066e-05 1.2559e-07
2.6181e-05 1.2559e-07
2.6296e-05 1.2559e-07
2.6411e-05 1.2559e-07
2.6527e-05 1.2559e-07
2.6643e-05 1.2559e-07
2.676e-05 1.2559e-07
2.6877e-05 1.2559e-07
2.6995e-05 1.2559e-07
2.7114e-05 1.2559e-07
2.7233e-05 1.2559e-07
2.7352e-05 1.2559e-07
2.7472e-05 1.2559e-07
2.7593e-05 1.2559e-07
2.7714e-05 1.2559e-07
2.7835e-05 1.2559e-07
2.7957e-05 1.2559e-07
2.808e-05 1.2559e-07
2.8203e-05 1.2559e-07
2.8327e-05 1.2559e-07
2.8451e-05 1.2559e-07
2.8576e-05 1.2559e-07
2.8701e-05 1.2559e-07
2.8827e-05 1.2559e-07
2.8954e-05 1.2559e-07
2.9081e-05 1.2559e-07
2.9208e-05 1.2559e-07
2.9336e-05 1.2559e-07
2.9465e-05 1.2559e-07
2.9594e-05 1.2559e-07
2.9724e-05 1.2559e-07
2.9855e-05 1.2559e-07
2.9985e-05 1.2559e-07
3.0117e-05 1.2559e-07
3.0249e-05 1.2559e-07
3.0382e-05 1.2559e-07
3.0515e-05 1.2559e-07
3.0649e-05 1.2559e-07
3.0783e-05 1.2559e-07
3.0918e-05 1.2559e-07
3.1054e-05 1.2559e-07
3.119e-05 1.2559e-07
3.1327e-05 1.2559e-07
3.1465e-05 1.2559e-07
3.1603e-05 1.2559e-07
3.1741e-05 1.2559e-07
3.188e-05 1.2559e-07
3.202e-05 1.2559e-07
3.2161e-05 1.2559e-07
3.2302e-05 1.2559e-07
3.2444e-05 1.2559e-07
3.2586e-05 1.2559e-07
3.2729e-05 1.2559e-07
3.2872e-05 1.2559e-07
3.3017e-05 1.2559e-07
3.3161e-05 1.2559e-07
3.3307e-05 1.2559e-07
3.3453e-05 1.2559e-07
3.36e-05 1.2559e-07
3.3747e-05 1.2559e-07
3.3895e-05 1.2559e-07
3.4044e-05 1.2559e-07
3.4193e-05 1.2559e-07
3.4343e-05 1.2559e-07
3.4494e-05 1.2559e-07
3.4645e-05 1.2559e-07
3.4797e-05 1.2559e-07
3.495e-05 1.2559e-07
3.5103e-05 1.2559e-07
3.5257e-05 1.2559e-07
3.5412e-05 1.2559e-07
3.5567e-05 1.2559e-07
3.5723e-05 1.2559e-07
3.588e-05 1.2559e-07
3.6037e-05 1.2559e-07
3.6195e-05 1.2559e-07
3.6354e-05 1.2559e-07
3.6514e-05 1.2559e-07
3.6674e-05 1.2559e-07
3.6835e-05 1.2559e-07
3.6996e-05 1.2559e-07
3.7159e-05 1.2559e-07
3.7322e-05 1.2559e-07
3.7485e-05 1.2559e-07
3.765e-05 1.2559e-07
3.7815e-05 1.2559e-07
3.7981e-05 1.2559e-07
3.8147e-05 1.2559e-07
3.8315e-05 1.2559e-07
3.8483e-05 1.2559e-07
3.8652e-05 1.2559e-07
3.8821e-05 1.2559e-07
3.8992e-05 1.2559e-07
3.9163e-05 1.2559e-07
3.9334e-05 1.2559e-07
3.9507e-05 1.2559e-07
3.968e-05 1.2559e-07
3.9854e-05 1.2559e-07
4.0029e-05 1.2559e-07
4.0205e-05 1.2559e-07
4.0381e-05 1.2559e-07
4.0558e-05 1.2559e-07
4.0736e-05 1.2559e-07
4.0915e-05 1.2559e-07
4.1094e-05 1.2559e-07
4.1275e-05 1.2559e-07
4.1456e-05 1.2559e-07
4.1638e-05 1.2559e-07
4.182e-05 1.2559e-07
4.2004e-05 1.2559e-07
4.2188e-05 1.2559e-07
4.2373e-05 1.2559e-07
4.2559e-05 1.2559e-07
4.2746e-05 1.2559e-07
4.2933e-05 1.2559e-07
4.3121e-05 1.2559e-07
4.3311e-05 1.2559e-07
4.3501e-05 1.2559e-07
4.3691e-05 1.2559e-07
4.3883e-05 1.2559e-07
4.4076e-05 1.2559e-07
4.4269e-05 1.2559e-07
4.4463e-05 1.2559e-07
4.4658e-05 1.2559e-07
4.4854e-05 1.2559e-07
4.5051e-05 1.2559e-07
4.5249e-05 1.2559e-07
4.5447e-05 1.2559e-07
4.5646e-05 1.2559e-07
4.5847e-05 1.2559e-07
4.6048e-05 1.2559e-07
4.625e-05 1.2559e-07
4.6453e-05 1.2559e-07
4.6656e-05 1.2559e-07
4.6861e-05 1.2559e-07
4.7067e-05 1.2559e-07
4.7273e-05 1.2559e-07
4.748e-05 1.2559e-07
4.7689e-05 1.2559e-07
4.7898e-05 1.2559e-07
4.8108e-05 1.2559e-07
4.8319e-05 1.2559e-07
4.8531e-05 1.2559e-07
4.8744e-05 1.2559e-07
4.8958e-05 1.2559e-07
4.9173e-05 1.2559e-07
4.9388e-05 1.2559e-07
4.9605e-05 1.2559e-07
4.9823e-05 1.2559e-07
5.0041e-05 1.2559e-07
5.0261e-05 1.2559e-07
5.0481e-05 1.2559e-07
5.0703e-05 1.2559e-07
5.0925e-05 1.2559e-07
5.1148e-05 1.2559e-07
5.1373e-05 1.2559e-07
5.1598e-05 1.2559e-07
5.1824e-05 1.2559e-07
5.2052e-05 1.2559e-07
5.228e-05 1.2559e-07
5.251e-05 1.2559e-07
5.274e-05 1.2559e-07
5.2971e-05 1.2559e-07
5.3204e-05 1.2559e-07
5.3437e-05 1.2559e-07
5.3671e-05 1.2559e-07
5.3907e-05 1.2559e-07
5.4143e-05 1.2559e-07
5.4381e-05 1.2559e-07
5.4619e-05 1.2559e-07
5.4859e-05 1.2559e-07
5.51e-05 1.2559e-07
5.5341e-05 1.2559e-07
5.5584e-05 1.2559e-07
5.5828e-05 1.2559e-07
5.6073e-05 1.2559e-07
5.6319e-05 1.2559e-07
5.6566e-05 1.2559e-07
5.6814e-05 1.2559e-07
5.7063e-05 1.2559e-07
5.7314e-05 1.2559e-07
5.7565e-05 1.2559e-07
5.7818e-05 1.2559e-07
5.8071e-05 1.2559e-07
5.8326e-05 1.2559e-07
5.8582e-05 1.2559e-07
5.8839e-05 1.2559e-07
5.9097e-05 1.2559e-07
5.9356e-05 1.2559e-07
5.9617e-05 1.2559e-07
5.9878e-05 1.2559e-07
6.0141e-05 1.2559e-07
6.0405e-05 1.2559e-07
6.067e-05 1.2559e-07
6.0936e-05 1.2559e-07
6.1203e-05 1.2559e-07
6.1471e-05 1.2559e-07
6.1741e-05 1.2559e-07
6.2012e-05 1.2559e-07
6.2284e-05 1.2559e-07
6.2557e-05 1.2559e-07
6.2832e-05 1.2559e-07
6.3107e-05 1.2559e-07
6.3384e-05 1.2559e-07
6.3662e-05 1.2559e-07
6.3941e-05 1.2559e-07
6.4222e-05 1.2559e-07
6.4504e-05 1.2559e-07
6.4787e-05 1.2559e-07
6.5071e-05 1.2559e-07
6.5356e-05 1.2559e-07
6.5643e-05 1.2559e-07
6.5931e-05 1.2559e-07
6.622e-05 1.2559e-07
6.6511e-05 1.2559e-07
6.6802e-05 1.2559e-07
6.7095e-05 1.2559e-07
6.739e-05 1.2559e-07
6.7685e-05 1.2559e-07
6.7982e-05 1.2559e-07
6.8281e-05 1.2559e-07
6.858e-05 1.2559e-07
6.8881e-05 1.2559e-07
6.9183e-05 1.2559e-07
6.9487e-05 1.2559e-07
6.9791e-05 1.2559e-07
7.0098e-05 1.2559e-07
7.0405e-05 1.2559e-07
7.0714e-05 1.2559e-07
7.1024e-05 1.2559e-07
7.1336e-05 1.2559e-07
7.1649e-05 1.2559e-07
7.1963e-05 1.2559e-07
7.2279e-05 1.2559e-07
7.2596e-05 1.2559e-07
7.2914e-05 1.2559e-07
7.3234e-05 1.2559e-07
7.3555e-05 1.2559e-07
7.3878e-05 1.2559e-07
7.4202e-05 1.2559e-07
7.4528e-05 1.2559e-07
7.4855e-05 1.2559e-07
7.5183e-05 1.2559e-07
7.5513e-05 1.2559e-07
7.5844e-05 1.2559e-07
7.6177e-05 1.2559e-07
7.6511e-05 1.2559e-07
7.6846e-05 1.2559e-07
7.7184e-05 1.2559e-07
7.7522e-05 1.2559e-07
7.7862e-05 1.2559e-07
7.8204e-05 1.2559e-07
7.8547e-05 1.2559e-07
7.8891e-05 1.2559e-07
7.9238e-05 1.2559e-07
7.9585e-05 1.2559e-07
7.9934e-05 1.2559e-07
8.0285e-05 1.2559e-07
8.0637e-05 1.2559e-07
8.0991e-05 1.2559e-07
8.1346e-05 1.2559e-07
8.1703e-05 1.2559e-07
8.2061e-05 1.2559e-07
8.2421e-05 1.2559e-07
8.2783e-05 1.2559e-07
8.3146e-05 1.2559e-07
8.3511e-05 1.2559e-07
8.3877e-05 1.2559e-07
8.4245e-05 1.2559e-07
8.4615e-05 1.2559e-07
8.4986e-05 1.2559e-07
8.5359e-05 1.2559e-07
8.5733e-05 1.2559e-07
8.6109e-05 1.2559e-07
8.6487e-05 1.2559e-07
8.6866e-05 1.2559e-07
8.7247e-05 1.2559e-07
8.763e-05 1.2559e-07
8.8015e-05 1.2559e-07
8.8401e-05 1.2559e-07
8.8789e-05 1.2559e-07
8.9178e-05 1.2559e-07
8.9569e-05 1.2559e-07
8.9962e-05 1.2559e-07
9.0357e-05 1.2559e-07
9.0753e-05 1.2559e-07
9.1151e-05 1.2559e-07
9.1551e-05 1.2559e-07
9.1953e-05 1.2559e-07
9.2356e-05 1.2559e-07
9.2761e-05 1.2559e-07
9.3168e-05 1.2559e-07
9.3577e-05 1.2559e-07
9.3987e-05 1.2559e-07
9.44e-05 1.2559e-07
9.4814e-05 1.2559e-07
9.523e-05 1.2559e-07
9.5647e-05 1.2559e-07
9.6067e-05 1.2559e-07
9.6488e-05 1.2559e-07
9.6912e-05 1.2559e-07
9.7337e-05 1.2559e-07
9.7764e-05 1.2559e-07
9.8193e-05 1.2559e-07
9.8624e-05 1.2559e-07
9.9056e-05 1.2559e-07
9.9491e-05 1.2559e-07
9.9927e-05 1.2559e-07
0.00010037 1.2559e-07
0.00010081 1.2559e-07
0.00010125 1.2559e-07
0.00010169 1.2559e-07
0.00010214 1.2559e-07
0.00010259 1.2559e-07
0.00010304 1.2559e-07
0.00010349 1.2559e-07
0.00010394 1.2559e-07
0.0001044 1.2559e-07
0.00010486 1.2559e-07
0.00010532 1.2559e-07
0.00010578 1.2559e-07
0.00010624 1.2559e-07
0.00010671 1.2559e-07
0.00010718 1.2559e-07
0.00010765 1.2559e-07
0.00010812 1.2559e-07
0.00010859 1.2559e-07
0.00010907 1.2559e-07
0.00010955 1.2559e-07
0.00011003 1.2559e-07
0.00011051 1.2559e-07
0.000111 1.2559e-07
0.00011148 1.2559e-07
0.00011197 1.2559e-07
0.00011246 1.2559e-07
0.00011296 1.2559e-07
0.00011345 1.2559e-07
0.00011395 1.2559e-07
0.00011445 1.2559e-07
0.00011495 1.2559e-07
0.00011546 1.2559e-07
0.00011596 1.2559e-07
0.00011647 1.2559e-07
0.00011698 1.2559e-07
0.0001175 1.2559e-07
0.00011801 1.2559e-07
0.00011853 1.2559e-07
0.00011905 1.2559e-07
0.00011957 1.2559e-07
0.0001201 1.2559e-07
0.00012062 1.2559e-07
0.00012115 1.2559e-07
0.00012168 1.2559e-07
0.00012222 1.2559e-07
0.00012275 1.2559e-07
0.00012329 1.2559e-07
0.00012383 1.2559e-07
0.00012437 1.2559e-07
0.00012492 1.2559e-07
0.00012547 1.2559e-07
0.00012602 1.2559e-07
0.00012657 1.2559e-07
0.00012713 1.2559e-07
0.00012768 1.2559e-07
0.00012824 1.2559e-07
0.00012881 1.2559e-07
0.00012937 1.2559e-07
0.00012994 1.2559e-07
0.00013051 1.2559e-07
0.00013108 1.2559e-07
0.00013166 1.2559e-07
0.00013224 1.2559e-07
0.00013282 1.2559e-07
0.0001334 1.2559e-07
0.00013398 1.2559e-07
0.00013457 1.2559e-07
0.00013516 1.2559e-07
0.00013575 1.2559e-07
0.00013635 1.2559e-07
0.00013695 1.2559e-07
0.00013755 1.2559e-07
0.00013815 1.2559e-07
0.00013876 1.2559e-07
0.00013937 1.2559e-07
0.00013998 1.2559e-07
0.00014059 1.2559e-07
0.00014121 1.2559e-07
0.00014183 1.2559e-07
0.00014245 1.2559e-07
0.00014308 1.2559e-07
0.0001437 1.2559e-07
0.00014433 1.2559e-07
0.00014497 1.2559e-07
0.0001456 1.2559e-07
0.00014624 1.2559e-07
0.00014688 1.2559e-07
0.00014753 1.2559e-07
0.00014817 1.2559e-07
0.00014882 1.2559e-07
0.00014948 1.2559e-07
0.00015013 1.2559e-07
0.00015079 1.2559e-07
0.00015145 1.2559e-07
0.00015212 1.2559e-07
0.00015278 1.2559e-07
0.00015345 1.2559e-07
0.00015413 1.2559e-07
0.0001548 1.2559e-07
0.00015548 1.2559e-07
0.00015617 1.2559e-07
0.00015685 1.2559e-07
0.00015754 1.2559e-07
0.00015823 1.2559e-07
0.00015892 1.2559e-07
0.00015962 1.2559e-07
0.00016032 1.2559e-07
0.00016102 1.2559e-07
0.00016173 1.2559e-07
0.00016244 1.2559e-07
0.00016315 1.2559e-07
0.00016387 1.2559e-07
0.00016459 1.2559e-07
0.00016531 1.2559e-07
0.00016603 1.2559e-07
0.00016676 1.2559e-07
0.00016749 1.2559e-07
0.00016823 1.2559e-07
0.00016897 1.2559e-07
0.00016971 1.2559e-07
0.00017045 1.2559e-07
0.0001712 1.2559e-07
0.00017195 1.2559e-07
0.00017271 1.2559e-07
0.00017346 1.2559e-07
0.00017422 1.2559e-07
0.00017499 1.2559e-07
0.00017576 1.2559e-07
0.00017653 1.2559e-07
0.0001773 1.2559e-07
0.00017808 1.2559e-07
0.00017886 1.2559e-07
0.00017965 1.2559e-07
0.00018043 1.2559e-07
0.00018123 1.2559e-07
0.00018202 1.2559e-07
0.00018282 1.2559e-07
0.00018362 1.2559e-07
0.00018443 1.2559e-07
0.00018524 1.2559e-07
0.00018605 1.2559e-07
0.00018686 1.2559e-07
0.00018768 1.2559e-07
0.00018851 1.2559e-07
0.00018933 1.2559e-07
0.00019016 1.2559e-07
0.000191 1.2559e-07
0.00019184 1.2559e-07
0.00019268 1.2559e-07
0.00019352 1.2559e-07
0.00019437 1.2559e-07
0.00019522 1.2559e-07
0.00019608 1.2559e-07
0.00019694 1.2559e-07
0.00019781 1.2559e-07
0.00019867 1.2559e-07
0.00019954 1.2559e-07
0.00020042 1.2559e-07
0.0002013 1.2559e-07
0.00020218 1.2559e-07
0.00020307 1.2559e-07
0.00020396 1.2559e-07
0.00020485 1.2559e-07
0.00020575 1.2559e-07
0.00020666 1.2559e-07
0.00020756 1.2559e-07
0.00020847 1.2559e-07
0.00020939 1.2559e-07
0.00021031 1.2559e-07
0.00021123 1.2559e-07
0.00021216 1.2559e-07
0.00021309 1.2559e-07
0.00021402 1.2559e-07
0.00021496 1.2559e-07
0.0002159 1.2559e-07
0.00021685 1.2559e-07
0.0002178 1.2559e-07
0.00021876 1.2559e-07
0.00021972 1.2559e-07
0.00022068 1.2559e-07
0.00022165 1.2559e-07
0.00022262 1.2559e-07
0.0002236 1.2559e-07
0.00022458 1.2559e-07
0.00022556 1.2559e-07
0.00022655 1.2559e-07
0.00022755 1.2559e-07
0.00022854 1.2559e-07
0.00022955 1.2559e-07
0.00023055 1.2559e-07
0.00023157 1.2559e-07
0.00023258 1.2559e-07
0.0002336 1.2559e-07
0.00023463 1.2559e-07
0.00023566 1.2559e-07
0.00023669 1.2559e-07
0.00023773 1.2559e-07
0.00023877 1.2559e-07
0.00023982 1.2559e-07
0.00024087 1.2559e-07
0.00024193 1.2559e-07
0.00024299 1.2559e-07
0.00024405 1.2559e-07
0.00024512 1.2559e-07
0.0002462 1.2559e-07
0.00024728 1.2559e-07
0.00024836 1.2559e-07
0.00024945 1.2559e-07
0.00025055 1.2559e-07
0.00025165 1.2559e-07
0.00025275 1.2559e-07
0.00025386 1.2559e-07
0.00025497 1.2559e-07
0.00025609 1.2559e-07
0.00025722 1.2559e-07
0.00025834 1.2559e-07
0.00025948 1.2559e-07
0.00026062 1.2559e-07
0.00026176 1.2559e-07
0.00026291 1.2559e-07
0.00026406 1.2559e-07
0.00026522 1.2559e-07
0.00026638 1.2559e-07
0.00026755 1.2559e-07
0.00026872 1.2559e-07
0.0002699 1.2559e-07
0.00027109 1.2559e-07
0.00027228 1.2559e-07
0.00027347 1.256e-07
0.00027467 1.256e-07
0.00027588 1.256e-07
0.00027709 1.256e-07
0.0002783 1.256e-07
0.00027952 1.256e-07
0.00028075 1.256e-07
0.00028198 1.256e-07
0.00028322 1.256e-07
0.00028446 1.256e-07
0.00028571 1.256e-07
0.00028696 1.256e-07
0.00028822 1.256e-07
0.00028948 1.256e-07
0.00029075 1.256e-07
0.00029203 1.256e-07
0.00029331 1.256e-07
0.0002946 1.256e-07
0.00029589 1.256e-07
0.00029719 1.256e-07
0.00029849 1.256e-07
0.0002998 1.256e-07
0.00030112 1.256e-07
0.00030244 1.256e-07
0.00030376 1.256e-07
0.0003051 1.256e-07
0.00030643 1.256e-07
0.00030778 1.256e-07
0.00030913 1.256e-07
0.00031048 1.256e-07
0.00031185 1.256e-07
0.00031321 1.256e-07
0.00031459 1.256e-07
0.00031597 1.256e-07
0.00031735 1.256e-07
0.00031875 1.256e-07
0.00032015 1.256e-07
0.00032155 1.256e-07
0.00032296 1.256e-07
0.00032438 1.256e-07
0.0003258 1.256e-07
0.00032723 1.256e-07
0.00032866 1.256e-07
0.00033011 1.256e-07
0.00033155 1.256e-07
0.00033301 1.256e-07
0.00033447 1.256e-07
0.00033594 1.256e-07
0.00033741 1.256e-07
0.00033889 1.256e-07
0.00034038 1.256e-07
0.00034187 1.256e-07
0.00034337 1.256e-07
0.00034488 1.256e-07
0.00034639 1.256e-07
0.00034791 1.256e-07
0.00034944 1.256e-07
0.00035097 1.256e-07
0.00035251 1.256e-07
0.00035405 1.256e-07
0.00035561 1.256e-07
0.00035717 1.256e-07
0.00035873 1.256e-07
0.00036031 1.256e-07
0.00036189 1.256e-07
0.00036348 1.256e-07
0.00036507 1.256e-07
0.00036667 1.256e-07
0.00036828 1.256e-07
0.0003699 1.256e-07
0.00037152 1.256e-07
0.00037315 1.256e-07
0.00037479 1.256e-07
0.00037643 1.256e-07
0.00037808 1.256e-07
0.00037974 1.256e-07
0.00038141 1.256e-07
0.00038308 1.256e-07
0.00038476 1.256e-07
0.00038645 1.256e-07
0.00038814 1.256e-07
0.00038984 1.256e-07
0.00039155 1.256e-07
0.00039327 1.256e-07
0.000395 1.256e-07
0.00039673 1.256e-07
0.00039847 1.256e-07
0.00040022 1.256e-07
0.00040197 1.256e-07
0.00040374 1.256e-07
0.00040551 1.256e-07
0.00040729 1.256e-07
0.00040907 1.256e-07
0.00041087 1.256e-07
0.00041267 1.256e-07
0.00041448 1.256e-07
0.0004163 1.256e-07
0.00041813 1.256e-07
0.00041996 1.256e-07
0.0004218 1.256e-07
0.00042365 1.256e-07
0.00042551 1.256e-07
0.00042738 1.256e-07
0.00042925 1.256e-07
0.00043114 1.256e-07
0.00043303 1.256e-07
0.00043493 1.256e-07
0.00043683 1.256e-07
0.00043875 1.256e-07
0.00044068 1.256e-07
0.00044261 1.256e-07
0.00044455 1.256e-07
0.0004465 1.256e-07
0.00044846 1.256e-07
0.00045043 1.256e-07
0.0004524 1.256e-07
0.00045439 1.256e-07
0.00045638 1.256e-07
0.00045838 1.256e-07
0.00046039 1.256e-07
0.00046241 1.256e-07
0.00046444 1.256e-07
0.00046648 1.256e-07
0.00046853 1.256e-07
0.00047058 1.256e-07
0.00047264 1.256e-07
0.00047472 1.256e-07
0.0004768 1.256e-07
0.00047889 1.256e-07
0.00048099 1.256e-07
0.0004831 1.256e-07
0.00048522 1.256e-07
0.00048735 1.256e-07
0.00048949 1.256e-07
0.00049164 1.256e-07
0.00049379 1.256e-07
0.00049596 1.256e-07
0.00049813 1.256e-07
0.00050032 1.256e-07
0.00050251 1.256e-07
0.00050472 1.256e-07
0.00050693 1.256e-07
0.00050916 1.256e-07
0.00051139 1.256e-07
0.00051363 1.256e-07
0.00051589 1.256e-07
0.00051815 1.256e-07
0.00052042 1.256e-07
0.00052271 1.256e-07
0.000525 1.256e-07
0.0005273 1.256e-07
0.00052962 1.256e-07
0.00053194 1.256e-07
0.00053427 1.256e-07
0.00053662 1.256e-07
0.00053897 1.256e-07
0.00054133 1.256e-07
0.00054371 1.256e-07
0.00054609 1.256e-07
0.00054849 1.256e-07
0.0005509 1.256e-07
0.00055331 1.256e-07
0.00055574 1.256e-07
0.00055818 1.256e-07
0.00056063 1.256e-07
0.00056309 1.256e-07
0.00056556 1.256e-07
0.00056804 1.256e-07
0.00057053 1.256e-07
0.00057303 1.256e-07
0.00057555 1.256e-07
0.00057807 1.256e-07
0.00058061 1.256e-07
0.00058315 1.256e-07
0.00058571 1.256e-07
0.00058828 1.256e-07
0.00059086 1.256e-07
0.00059345 1.256e-07
0.00059606 1.256e-07
0.00059867 1.256e-07
0.0006013 1.256e-07
0.00060394 1.256e-07
0.00060658 1.256e-07
0.00060925 1.256e-07
0.00061192 1.256e-07
0.0006146 1.256e-07
0.0006173 1.256e-07
0.00062001 1.256e-07
0.00062273 1.256e-07
0.00062546 1.256e-07
0.0006282 1.256e-07
0.00063096 1.256e-07
0.00063373 1.256e-07
0.00063651 1.256e-07
0.0006393 1.256e-07
0.0006421 1.256e-07
0.00064492 1.256e-07
0.00064775 1.256e-07
0.00065059 1.256e-07
0.00065344 1.256e-07
0.00065631 1.256e-07
0.00065919 1.256e-07
0.00066208 1.256e-07
0.00066499 1.256e-07
0.0006679 1.256e-07
0.00067083 1.256e-07
0.00067378 1.256e-07
0.00067673 1.256e-07
0.0006797 1.2561e-07
0.00068268 1.2561e-07
0.00068568 1.2561e-07
0.00068868 1.2561e-07
0.00069171 1.2561e-07
0.00069474 1.2561e-07
0.00069779 1.2561e-07
0.00070085 1.2561e-07
0.00070392 1.2561e-07
0.00070701 1.2561e-07
0.00071011 1.2561e-07
0.00071323 1.2561e-07
0.00071636 1.2561e-07
0.0007195 1.2561e-07
0.00072266 1.2561e-07
0.00072583 1.2561e-07
0.00072901 1.2561e-07
0.00073221 1.2561e-07
0.00073542 1.2561e-07
0.00073865 1.2561e-07
0.00074189 1.2561e-07
0.00074514 1.2561e-07
0.00074841 1.2561e-07
0.00075169 1.2561e-07
0.00075499 1.2561e-07
0.0007583 1.2561e-07
0.00076163 1.2561e-07
0.00076497 1.2561e-07
0.00076832 1.2561e-07
0.0007717 1.2561e-07
0.00077508 1.2561e-07
0.00077848 1.2561e-07
0.0007819 1.2561e-07
0.00078533 1.2561e-07
0.00078877 1.2561e-07
0.00079223 1.2561e-07
0.00079571 1.2561e-07
0.0007992 1.2561e-07
0.0008027 1.2561e-07
0.00080622 1.2561e-07
0.00080976 1.2561e-07
0.00081331 1.2561e-07
0.00081688 1.2561e-07
0.00082046 1.2561e-07
0.00082406 1.2561e-07
0.00082768 1.2561e-07
0.00083131 1.2561e-07
0.00083496 1.2561e-07
0.00083862 1.2561e-07
0.0008423 1.2561e-07
0.00084599 1.2561e-07
0.0008497 1.2561e-07
0.00085343 1.2561e-07
0.00085718 1.2561e-07
0.00086094 1.2561e-07
0.00086471 1.2561e-07
0.00086851 1.2561e-07
0.00087232 1.2561e-07
0.00087614 1.2561e-07
0.00087999 1.2561e-07
0.00088385 1.2561e-07
0.00088772 1.2561e-07
0.00089162 1.2561e-07
0.00089553 1.2561e-07
0.00089946 1.2561e-07
0.0009034 1.2561e-07
0.00090737 1.2561e-07
0.00091135 1.2561e-07
0.00091534 1.2561e-07
0.00091936 1.2561e-07
0.00092339 1.2561e-07
0.00092744 1.2561e-07
0.00093151 1.2561e-07
0.0009356 1.2561e-07
0.0009397 1.2561e-07
0.00094382 1.2561e-07
0.00094797 1.2561e-07
0.00095212 1.2561e-07
0.0009563 1.2561e-07
0.0009605 1.2561e-07
0.00096471 1.2561e-07
0.00096894 1.2561e-07
0.00097319 1.2561e-07
0.00097746 1.2561e-07
0.00098175 1.2561e-07
0.00098606 1.2561e-07
0.00099038 1.2561e-07
0.00099473 1.2561e-07
0.00099909 1.2561e-07
0.0010035 1.2561e-07
0.0010079 1.2561e-07
0.0010123 1.2561e-07
0.0010167 1.2561e-07
0.0010212 1.2561e-07
0.0010257 1.2561e-07
0.0010302 1.2561e-07
0.0010347 1.2561e-07
0.0010392 1.2561e-07
0.0010438 1.2561e-07
0.0010484 1.2561e-07
0.001053 1.2561e-07
0.0010576 1.2561e-07
0.0010622 1.2561e-07
0.0010669 1.2561e-07
0.0010716 1.2561e-07
0.0010763 1.2561e-07
0.001081 1.2561e-07
0.0010857 1.2561e-07
0.0010905 1.2561e-07
0.0010953 1.2561e-07
0.0011001 1.2561e-07
0.0011049 1.2561e-07
0.0011098 1.2561e-07
0.0011146 1.2561e-07
0.0011195 1.2561e-07
0.0011244 1.2561e-07
0.0011294 1.2561e-07
0.0011343 1.2561e-07
0.0011393 1.2561e-07
0.0011443 1.2561e-07
0.0011493 1.2561e-07
0.0011543 1.2561e-07
0.0011594 1.2561e-07
0.0011645 1.2561e-07
0.0011696 1.2561e-07
0.0011747 1.2561e-07
0.0011799 1.2561e-07
0.0011851 1.2561e-07
0.0011903 1.2561e-07
0.0011955 1.2562e-07
0.0012007 1.2562e-07
0.001206 1.2562e-07
0.0012113 1.2562e-07
0.0012166 1.2562e-07
0.0012219 1.2562e-07
0.0012273 1.2562e-07
0.0012327 1.2562e-07
0.0012381 1.2562e-07
0.0012435 1.2562e-07
0.001249 1.2562e-07
0.0012545 1.2562e-07
0.00126 1.2562e-07
0.0012655 1.2562e-07
0.001271 1.2562e-07
0.0012766 1.2562e-07
0.0012822 1.2562e-07
0.0012878 1.2562e-07
0.0012935 1.2562e-07
0.0012992 1.2562e-07
0.0013049 1.2562e-07
0.0013106 1.2562e-07
0.0013163 1.2562e-07
0.0013221 1.2562e-07
0.0013279 1.2562e-07
0.0013337 1.2562e-07
0.0013396 1.2562e-07
0.0013455 1.2562e-07
0.0013514 1.2562e-07
0.0013573 1.2562e-07
0.0013632 1.2562e-07
0.0013692 1.2562e-07
0.0013752 1.2562e-07
0.0013813 1.2562e-07
0.0013873 1.2562e-07
0.0013934 1.2562e-07
0.0013995 1.2562e-07
0.0014057 1.2562e-07
0.0014118 1.2562e-07
0.001418 1.2562e-07
0.0014242 1.2562e-07
0.0014305 1.2562e-07
0.0014368 1.2562e-07
0.0014431 1.2562e-07
0.0014494 1.2562e-07
0.0014558 1.2562e-07
0.0014621 1.2562e-07
0.0014686 1.2562e-07
0.001475 1.2562e-07
0.0014815 1.2562e-07
0.001488 1.2562e-07
0.0014945 1.2562e-07
0.0015011 1.2562e-07
0.0015076 1.2562e-07
0.0015143 1.2562e-07
0.0015209 1.2562e-07
0.0015276 1.2562e-07
0.0015343 1.2563e-07
0.001541 1.2563e-07
0.0015478 1.2563e-07
0.0015545 1.2563e-07
0.0015614 1.2563e-07
0.0015682 1.2563e-07
0.0015751 1.2563e-07
0.001582 1.2563e-07
0.0015889 1.2563e-07
0.0015959 1.2563e-07
0.0016029 1.2563e-07
0.0016099 1.2563e-07
0.001617 1.2563e-07
0.0016241 1.2563e-07
0.0016312 1.2563e-07
0.0016384 1.2563e-07
0.0016456 1.2563e-07
0.0016528 1.2563e-07
0.00166 1.2563e-07
0.0016673 1.2563e-07
0.0016746 1.2563e-07
0.001682 1.2563e-07
0.0016894 1.2563e-07
0.0016968 1.2563e-07
0.0017042 1.2563e-07
0.0017117 1.2563e-07
0.0017192 1.2563e-07
0.0017267 1.2563e-07
0.0017343 1.2563e-07
0.0017419 1.2563e-07
0.0017496 1.2563e-07
0.0017572 1.2563e-07
0.001765 1.2563e-07
0.0017727 1.2563e-07
0.0017805 1.2563e-07
0.0017883 1.2563e-07
0.0017961 1.2564e-07
0.001804 1.2564e-07
0.0018119 1.2564e-07
0.0018199 1.2564e-07
0.0018279 1.2564e-07
0.0018359 1.2564e-07
0.0018439 1.2564e-07
0.001852 1.2564e-07
0.0018601 1.2564e-07
0.0018683 1.2564e-07
0.0018765 1.2564e-07
0.0018847 1.2564e-07
0.001893 1.2564e-07
0.0019013 1.2564e-07
0.0019096 1.2564e-07
0.001918 1.2564e-07
0.0019264 1.2564e-07
0.0019349 1.2564e-07
0.0019434 1.2564e-07
0.0019519 1.2564e-07
0.0019605 1.2564e-07
0.0019691 1.2564e-07
0.0019777 1.2564e-07
0.0019864 1.2564e-07
0.0019951 1.2564e-07
0.0020038 1.2564e-07
0.0020126 1.2564e-07
0.0020215 1.2564e-07
0.0020303 1.2565e-07
0.0020392 1.2565e-07
0.0020482 1.2565e-07
0.0020572 1.2565e-07
0.0020662 1.2565e-07
0.0020752 1.2565e-07
0.0020844 1.2565e-07
0.0020935 1.2565e-07
0.0021027 1.2565e-07
0.0021119 1.2565e-07
0.0021212 1.2565e-07
0.0021305 1.2565e-07
0.0021398 1.2565e-07
0.0021492 1.2565e-07
0.0021586 1.2565e-07
0.0021681 1.2565e-07
0.0021776 1.2565e-07
0.0021872 1.2565e-07
0.0021968 1.2565e-07
0.0022064 1.2565e-07
0.0022161 1.2565e-07
0.0022258 1.2565e-07
0.0022356 1.2565e-07
0.0022454 1.2565e-07
0.0022552 1.2565e-07
0.0022651 1.2565e-07
0.002275 1.2565e-07
0.002285 1.2566e-07
0.0022951 1.2566e-07
0.0023051 1.2566e-07
0.0023152 1.2566e-07
0.0023254 1.2566e-07
0.0023356 1.2566e-07
0.0023458 1.2566e-07
0.0023561 1.2566e-07
0.0023665 1.2566e-07
0.0023768 1.2566e-07
0.0023873 1.2566e-07
0.0023977 1.2566e-07
0.0024083 1.2566e-07
0.0024188 1.2566e-07
0.0024294 1.2566e-07
0.0024401 1.2566e-07
0.0024508 1.2566e-07
0.0024615 1.2566e-07
0.0024723 1.2566e-07
0.0024832 1.2566e-07
0.0024941 1.2567e-07
0.002505 1.2567e-07
0.002516 1.2567e-07
0.0025271 1.2567e-07
0.0025381 1.2567e-07
0.0025493 1.2567e-07
0.0025605 1.2567e-07
0.0025717 1.2567e-07
0.002583 1.2567e-07
0.0025943 1.2567e-07
0.0026057 1.2567e-07
0.0026171 1.2567e-07
0.0026286 1.2567e-07
0.0026401 1.2568e-07
0.0026517 1.2568e-07
0.0026633 1.2568e-07
0.002675 1.2568e-07
0.0026868 1.2568e-07
0.0026985 1.2568e-07
0.0027104 1.2568e-07
0.0027223 1.2568e-07
0.0027342 1.2568e-07
0.0027462 1.2568e-07
0.0027583 1.2568e-07
0.0027704 1.2569e-07
0.0027825 1.2569e-07
0.0027947 1.2569e-07
0.002807 1.2569e-07
0.0028193 1.2569e-07
0.0028317 1.2569e-07
0.0028441 1.2569e-07
0.0028566 1.2569e-07
0.0028691 1.2569e-07
0.0028817 1.257e-07
0.0028943 1.257e-07
0.002907 1.257e-07
0.0029198 1.257e-07
0.0029326 1.257e-07
0.0029454 1.257e-07
0.0029584 1.257e-07
0.0029713 1.257e-07
0.0029844 1.257e-07
0.0029975 1.257e-07
0.0030106 1.2571e-07
0.0030238 1.2571e-07
0.0030371 1.2571e-07
0.0030504 1.2571e-07
0.0030638 1.2571e-07
0.0030772 1.2571e-07
0.0030907 1.2571e-07
0.0031043 1.2571e-07
0.0031179 1.2571e-07
0.0031316 1.2572e-07
0.0031453 1.2572e-07
0.0031591 1.2572e-07
0.003173 1.2572e-07
0.0031869 1.2572e-07
0.0032009 1.2572e-07
0.0032149 1.2572e-07
0.003229 1.2572e-07
0.0032432 1.2572e-07
0.0032574 1.2572e-07
0.0032717 1.2573e-07
0.003286 1.2573e-07
0.0033005 1.2573e-07
0.0033149 1.2573e-07
0.0033295 1.2573e-07
0.0033441 1.2573e-07
0.0033588 1.2573e-07
0.0033735 1.2573e-07
0.0033883 1.2573e-07
0.0034032 1.2574e-07
0.0034181 1.2574e-07
0.0034331 1.2574e-07
0.0034481 1.2574e-07
0.0034633 1.2574e-07
0.0034785 1.2574e-07
0.0034937 1.2574e-07
0.003509 1.2574e-07
0.0035244 1.2574e-07
0.0035399 1.2574e-07
0.0035554 1.2575e-07
0.003571 1.2575e-07
0.0035867 1.2575e-07
0.0036024 1.2575e-07
0.0036182 1.2575e-07
0.0036341 1.2575e-07
0.00365 1.2575e-07
0.0036661 1.2575e-07
0.0036821 1.2576e-07
0.0036983 1.2576e-07
0.0037145 1.2576e-07
0.0037308 1.2576e-07
0.0037472 1.2576e-07
0.0037636 1.2576e-07
0.0037801 1.2576e-07
0.0037967 1.2576e-07
0.0038134 1.2576e-07
0.0038301 1.2577e-07
0.0038469 1.2577e-07
0.0038638 1.2577e-07
0.0038807 1.2577e-07
0.0038977 1.2577e-07
0.0039148 1.2577e-07
0.003932 1.2577e-07
0.0039493 1.2577e-07
0.0039666 1.2578e-07
0.003984 1.2578e-07
0.0040015 1.2578e-07
0.004019 1.2578e-07
0.0040366 1.2578e-07
0.0040543 1.2578e-07
0.0040721 1.2578e-07
0.00409 1.2579e-07
0.0041079 1.2579e-07
0.004126 1.2579e-07
0.0041441 1.2579e-07
0.0041622 1.2579e-07
0.0041805 1.2579e-07
0.0041988 1.2579e-07
0.0042173 1.2579e-07
0.0042358 1.258e-07
0.0042543 1.258e-07
0.004273 1.258e-07
0.0042917 1.258e-07
0.0043106 1.258e-07
0.0043295 1.258e-07
0.0043485 1.2581e-07
0.0043676 1.2581e-07
0.0043867 1.2581e-07
0.004406 1.2581e-07
0.0044253 1.2581e-07
0.0044447 1.2581e-07
0.0044642 1.2582e-07
0.0044838 1.2582e-07
0.0045034 1.2582e-07
0.0045232 1.2582e-07
0.004543 1.2582e-07
0.004563 1.2583e-07
0.004583 1.2583e-07
0.0046031 1.2583e-07
0.0046233 1.2583e-07
0.0046436 1.2584e-07
0.0046639 1.2584e-07
0.0046844 1.2584e-07
0.0047049 1.2585e-07
0.0047256 1.2585e-07
0.0047463 1.2585e-07
0.0047671 1.2585e-07
0.0047881 1.2586e-07
0.0048091 1.2586e-07
0.0048302 1.2586e-07
0.0048513 1.2587e-07
0.0048726 1.2587e-07
0.004894 1.2587e-07
0.0049155 1.2588e-07
0.004937 1.2588e-07
0.0049587 1.2588e-07
0.0049804 1.2588e-07
0.0050023 1.2589e-07
0.0050242 1.2589e-07
0.0050463 1.2589e-07
0.0050684 1.2589e-07
0.0050906 1.259e-07
0.005113 1.259e-07
0.0051354 1.259e-07
0.0051579 1.259e-07
0.0051806 1.2591e-07
0.0052033 1.2591e-07
0.0052261 1.2591e-07
0.005249 1.2591e-07
0.0052721 1.2591e-07
0.0052952 1.2592e-07
0.0053184 1.2592e-07
0.0053418 1.2592e-07
0.0053652 1.2592e-07
0.0053887 1.2593e-07
0.0054124 1.2593e-07
0.0054361 1.2593e-07
0.0054599 1.2593e-07
0.0054839 1.2593e-07
0.005508 1.2594e-07
0.0055321 1.2594e-07
0.0055564 1.2594e-07
0.0055808 1.2594e-07
0.0056052 1.2595e-07
0.0056298 1.2595e-07
0.0056545 1.2595e-07
0.0056793 1.2595e-07
0.0057042 1.2595e-07
0.0057293 1.2596e-07
0.0057544 1.2596e-07
0.0057796 1.2596e-07
0.005805 1.2596e-07
0.0058305 1.2597e-07
0.005856 1.2597e-07
0.0058817 1.2597e-07
0.0059075 1.2597e-07
0.0059335 1.2598e-07
0.0059595 1.2598e-07
0.0059856 1.2598e-07
0.0060119 1.2598e-07
0.0060383 1.2599e-07
0.0060647 1.2599e-07
0.0060913 1.2599e-07
0.0061181 1.26e-07
0.0061449 1.26e-07
0.0061719 1.26e-07
0.0061989 1.26e-07
0.0062261 1.2601e-07
0.0062534 1.2601e-07
0.0062809 1.2601e-07
0.0063084 1.2602e-07
0.0063361 1.2602e-07
0.0063639 1.2602e-07
0.0063918 1.2603e-07
0.0064199 1.2603e-07
0.006448 1.2603e-07
0.0064763 1.2604e-07
0.0065047 1.2604e-07
0.0065332 1.2604e-07
0.0065619 1.2605e-07
0.0065907 1.2605e-07
0.0066196 1.2605e-07
0.0066486 1.2606e-07
0.0066778 1.2606e-07
0.0067071 1.2606e-07
0.0067365 1.2607e-07
0.0067661 1.2607e-07
0.0067958 1.2607e-07
0.0068256 1.2608e-07
0.0068555 1.2608e-07
0.0068856 1.2608e-07
0.0069158 1.2609e-07
0.0069461 1.2609e-07
0.0069766 1.2609e-07
0.0070072 1.261e-07
0.0070379 1.261e-07
0.0070688 1.261e-07
0.0070998 1.2611e-07
0.007131 1.2611e-07
0.0071623 1.2611e-07
0.0071937 1.2612e-07
0.0072252 1.2612e-07
0.0072569 1.2612e-07
0.0072888 1.2613e-07
0.0073207 1.2613e-07
0.0073529 1.2614e-07
0.0073851 1.2614e-07
0.0074175 1.2614e-07
0.00745 1.2615e-07
0.0074827 1.2615e-07
0.0075156 1.2615e-07
0.0075485 1.2616e-07
0.0075816 1.2616e-07
0.0076149 1.2616e-07
0.0076483 1.2617e-07
0.0076818 1.2617e-07
0.0077155 1.2618e-07
0.0077494 1.2618e-07
0.0077834 1.2618e-07
0.0078175 1.2619e-07
0.0078518 1.2619e-07
0.0078863 1.262e-07
0.0079209 1.262e-07
0.0079556 1.2621e-07
0.0079905 1.2621e-07
0.0080256 1.2622e-07
0.0080608 1.2622e-07
0.0080961 1.2623e-07
0.0081316 1.2624e-07
0.0081673 1.2624e-07
0.0082032 1.2625e-07
0.0082391 1.2625e-07
0.0082753 1.2626e-07
0.0083116 1.2627e-07
0.008348 1.2628e-07
0.0083847 1.2628e-07
0.0084214 1.2629e-07
0.0084584 1.263e-07
0.0084955 1.2631e-07
0.0085328 1.2631e-07
0.0085702 1.2632e-07
0.0086078 1.2633e-07
0.0086455 1.2634e-07
0.0086835 1.2635e-07
0.0087216 1.2636e-07
0.0087598 1.2636e-07
0.0087983 1.2637e-07
0.0088369 1.2638e-07
0.0088756 1.2639e-07
0.0089146 1.264e-07
0.0089537 1.2641e-07
0.0089929 1.2642e-07
0.0090324 1.2643e-07
0.009072 1.2644e-07
0.0091118 1.2645e-07
0.0091518 1.2646e-07
0.0091919 1.2647e-07
0.0092322 1.2648e-07
0.0092727 1.2649e-07
0.0093134 1.265e-07
0.0093543 1.2651e-07
0.0093953 1.2652e-07
0.0094365 1.2653e-07
0.0094779 1.2654e-07
0.0095195 1.2655e-07
0.0095613 1.2656e-07
0.0096032 1.2657e-07
0.0096453 1.2658e-07
0.0096876 1.2659e-07
0.0097301 1.266e-07
0.0097728 1.2661e-07
0.0098157 1.2662e-07
0.0098588 1.2663e-07
0.009902 1.2664e-07
0.0099454 1.2665e-07
0.0099891 1.2666e-07
0.010033 1.2667e-07
0.010077 1.2668e-07
0.010121 1.2669e-07
0.010166 1.267e-07
0.01021 1.2671e-07
0.010255 1.2672e-07
0.0103 1.2673e-07
0.010345 1.2674e-07
0.01039 1.2675e-07
0.010436 1.2676e-07
0.010482 1.2677e-07
0.010528 1.2678e-07
0.010574 1.2679e-07
0.01062 1.268e-07
0.010667 1.2681e-07
0.010714 1.2682e-07
0.010761 1.2683e-07
0.010808 1.2684e-07
0.010855 1.2685e-07
0.010903 1.2686e-07
0.010951 1.2687e-07
0.010999 1.2688e-07
0.011047 1.2689e-07
0.011096 1.269e-07
0.011144 1.2691e-07
0.011193 1.2692e-07
0.011242 1.2693e-07
0.011292 1.2694e-07
0.011341 1.2695e-07
0.011391 1.2696e-07
0.011441 1.2697e-07
0.011491 1.2698e-07
0.011541 1.2699e-07
0.011592 1.27e-07
0.011643 1.2701e-07
0.011694 1.2702e-07
0.011745 1.2703e-07
0.011797 1.2704e-07
0.011849 1.2705e-07
0.0119 1.2706e-07
0.011953 1.2707e-07
0.012005 1.2708e-07
0.012058 1.2709e-07
0.012111 1.271e-07
0.012164 1.2711e-07
0.012217 1.2712e-07
0.012271 1.2713e-07
0.012325 1.2714e-07
0.012379 1.2715e-07
0.012433 1.2716e-07
0.012488 1.2717e-07
0.012542 1.2718e-07
0.012597 1.2719e-07
0.012653 1.272e-07
0.012708 1.2721e-07
0.012764 1.2722e-07
0.01282 1.2723e-07
0.012876 1.2724e-07
0.012933 1.2725e-07
0.012989 1.2726e-07
0.013046 1.2727e-07
0.013103 1.2728e-07
0.013161 1.2729e-07
0.013219 1.273e-07
0.013277 1.2731e-07
0.013335 1.2732e-07
0.013393 1.2734e-07
0.013452 1.2735e-07
0.013511 1.2736e-07
0.01357 1.2737e-07
0.01363 1.2738e-07
0.01369 1.2739e-07
0.01375 1.274e-07
0.01381 1.2741e-07
0.013871 1.2742e-07
0.013932 1.2744e-07
0.013993 1.2745e-07
0.014054 1.2746e-07
0.014116 1.2747e-07
0.014178 1.2748e-07
0.01424 1.2749e-07
0.014302 1.2751e-07
0.014365 1.2752e-07
0.014428 1.2753e-07
0.014491 1.2754e-07
0.014555 1.2755e-07
0.014619 1.2757e-07
0.014683 1.2758e-07
0.014747 1.2759e-07
0.014812 1.276e-07
0.014877 1.2762e-07
0.014942 1.2763e-07
0.015008 1.2764e-07
0.015074 1.2765e-07
0.01514 1.2767e-07
0.015206 1.2768e-07
0.015273 1.2769e-07
0.01534 1.277e-07
0.015407 1.2772e-07
0.015475 1.2773e-07
0.015543 1.2774e-07
0.015611 1.2776e-07
0.015679 1.2777e-07
0.015748 1.2778e-07
0.015817 1.278e-07
0.015887 1.2781e-07
0.015956 1.2783e-07
0.016026 1.2784e-07
0.016097 1.2785e-07
0.016167 1.2787e-07
0.016238 1.2788e-07
0.016309 1.279e-07
0.016381 1.2791e-07
0.016453 1.2793e-07
0.016525 1.2794e-07
0.016597 1.2796e-07
0.01667 1.2797e-07
0.016743 1.2799e-07
0.016817 1.28e-07
0.016891 1.2802e-07
0.016965 1.2803e-07
0.017039 1.2805e-07
0.017114 1.2806e-07
0.017189 1.2808e-07
0.017264 1.2809e-07
0.01734 1.2811e-07
0.017416 1.2813e-07
0.017493 1.2814e-07
0.017569 1.2816e-07
0.017646 1.2818e-07
0.017724 1.2819e-07
0.017801 1.2821e-07
0.01788 1.2823e-07
0.017958 1.2824e-07
0.018037 1.2826e-07
0.018116 1.2828e-07
0.018195 1.2829e-07
0.018275 1.2831e-07
0.018355 1.2833e-07
0.018436 1.2835e-07
0.018517 1.2836e-07
0.018598 1.2838e-07
0.01868 1.284e-07
0.018762 1.2842e-07
0.018844 1.2844e-07
0.018926 1.2846e-07
0.01901 1.2848e-07
0.019093 1.2849e-07
0.019177 1.2851e-07
0.019261 1.2853e-07
0.019345 1.2855e-07
0.01943 1.2857e-07
0.019515 1.2859e-07
0.019601 1.2861e-07
0.019687 1.2863e-07
0.019773 1.2865e-07
0.01986 1.2867e-07
0.019947 1.2869e-07
0.020035 1.2871e-07
0.020123 1.2873e-07
0.020211 1.2876e-07
0.0203 1.2878e-07
0.020389 1.288e-07
0.020478 1.2882e-07
0.020568 1.2885e-07
0.020658 1.2887e-07
0.020749 1.289e-07
0.02084 1.2892e-07
0.020931 1.2895e-07
0.021023 1.2897e-07
0.021115 1.29e-07
0.021208 1.2903e-07
0.021301 1.2906e-07
0.021394 1.2909e-07
0.021488 1.2911e-07
0.021582 1.2914e-07
0.021677 1.2917e-07
0.021772 1.292e-07
0.021868 1.2924e-07
0.021964 1.2927e-07
0.02206 1.293e-07
0.022157 1.2933e-07
0.022254 1.2936e-07
0.022352 1.294e-07
0.02245 1.2943e-07
0.022548 1.2947e-07
0.022647 1.295e-07
0.022746 1.2954e-07
0.022846 1.2957e-07
0.022946 1.2961e-07
0.023047 1.2964e-07
0.023148 1.2968e-07
0.02325 1.2972e-07
0.023352 1.2976e-07
0.023454 1.298e-07
0.023557 1.2983e-07
0.02366 1.2987e-07
0.023764 1.2991e-07
0.023868 1.2995e-07
0.023973 1.2999e-07
0.024078 1.3003e-07
0.024184 1.3008e-07
0.02429 1.3012e-07
0.024396 1.3016e-07
0.024504 1.302e-07
0.024611 1.3024e-07
0.024719 1.3029e-07
0.024827 1.3033e-07
0.024936 1.3038e-07
0.025046 1.3042e-07
0.025156 1.3046e-07
0.025266 1.3051e-07
0.025377 1.3056e-07
0.025488 1.306e-07
0.0256 1.3065e-07
0.025712 1.3069e-07
0.025825 1.3074e-07
0.025938 1.3079e-07
0.026052 1.3084e-07
0.026166 1.3089e-07
0.026281 1.3093e-07
0.026396 1.3098e-07
0.026512 1.3103e-07
0.026629 1.3108e-07
0.026745 1.3113e-07
0.026863 1.3118e-07
0.026981 1.3123e-07
0.027099 1.3128e-07
0.027218 1.3133e-07
0.027337 1.3138e-07
0.027457 1.3144e-07
0.027578 1.3149e-07
0.027698 1.3154e-07
0.02782 1.3159e-07
0.027942 1.3165e-07
0.028065 1.317e-07
0.028188 1.3175e-07
0.028311 1.3181e-07
0.028436 1.3186e-07
0.02856 1.3192e-07
0.028686 1.3197e-07
0.028811 1.3203e-07
0.028938 1.3208e-07
0.029065 1.3214e-07
0.029192 1.3219e-07
0.02932 1.3225e-07
0.029449 1.323e-07
0.029578 1.3236e-07
0.029708 1.3242e-07
0.029838 1.3248e-07
0.029969 1.3253e-07
0.030101 1.3259e-07
0.030233 1.3265e-07
0.030365 1.3271e-07
0.030498 1.3277e-07
0.030632 1.3283e-07
0.030767 1.329e-07
0.030902 1.3296e-07
0.031037 1.3302e-07
0.031173 1.3309e-07
0.03131 1.3316e-07
0.031447 1.3322e-07
0.031585 1.3329e-07
0.031724 1.3336e-07
0.031863 1.3343e-07
0.032003 1.3351e-07
0.032143 1.3358e-07
0.032284 1.3365e-07
0.032426 1.3373e-07
0.032568 1.338e-07
0.032711 1.3388e-07
0.032854 1.3396e-07
0.032999 1.3403e-07
0.033143 1.3411e-07
0.033289 1.3419e-07
0.033435 1.3428e-07
0.033581 1.3436e-07
0.033729 1.3444e-07
0.033877 1.3452e-07
0.034025 1.3461e-07
0.034175 1.3469e-07
0.034325 1.3478e-07
0.034475 1.3487e-07
0.034626 1.3496e-07
0.034778 1.3504e-07
0.034931 1.3513e-07
0.035084 1.3522e-07
0.035238 1.3532e-07
0.035393 1.3541e-07
0.035548 1.355e-07
0.035704 1.3559e-07
0.03586 1.3569e-07
0.036018 1.3578e-07
0.036176 1.3588e-07
0.036334 1.3598e-07
0.036494 1.3608e-07
0.036654 1.3617e-07
0.036815 1.3627e-07
0.036976 1.3637e-07
0.037138 1.3647e-07
0.037301 1.3658e-07
0.037465 1.3668e-07
0.037629 1.3678e-07
0.037794 1.3688e-07
0.03796 1.3699e-07
0.038127 1.3709e-07
0.038294 1.372e-07
0.038462 1.3731e-07
0.038631 1.3741e-07
0.0388 1.3752e-07
0.03897 1.3763e-07
0.039141 1.3774e-07
0.039313 1.3785e-07
0.039485 1.3796e-07
0.039659 1.3807e-07
0.039833 1.3819e-07
0.040007 1.383e-07
0.040183 1.3841e-07
0.040359 1.3853e-07
0.040536 1.3865e-07
0.040714 1.3877e-07
0.040893 1.3889e-07
0.041072 1.3901e-07
0.041252 1.3914e-07
0.041433 1.3926e-07
0.041615 1.3939e-07
0.041797 1.3952e-07
0.041981 1.3966e-07
0.042165 1.3979e-07
0.04235 1.3993e-07
0.042536 1.4007e-07
0.042722 1.402e-07
0.04291 1.4035e-07
0.043098 1.4049e-07
0.043287 1.4063e-07
0.043477 1.4078e-07
0.043668 1.4093e-07
0.043859 1.4108e-07
0.044052 1.4123e-07
0.044245 1.4138e-07
0.044439 1.4153e-07
0.044634 1.4169e-07
0.04483 1.4184e-07
0.045026 1.42e-07
0.045224 1.4216e-07
0.045422 1.4232e-07
0.045621 1.4248e-07
0.045822 1.4265e-07
0.046023 1.4281e-07
0.046224 1.4298e-07
0.046427 1.4314e-07
0.046631 1.4331e-07
0.046835 1.4348e-07
0.047041 1.4365e-07
0.047247 1.4382e-07
0.047455 1.4399e-07
0.047663 1.4417e-07
0.047872 1.4434e-07
0.048082 1.4452e-07
0.048293 1.4469e-07
0.048505 1.4487e-07
0.048717 1.4505e-07
0.048931 1.4523e-07
0.049146 1.4541e-07
0.049361 1.4559e-07
0.049578 1.4577e-07
0.049795 1.4596e-07
0.050014 1.4614e-07
0.050233 1.4633e-07
0.050454 1.4652e-07
0.050675 1.4672e-07
0.050897 1.4692e-07
0.05112 1.4713e-07
0.051345 1.4734e-07
0.05157 1.4755e-07
0.051796 1.4777e-07
0.052023 1.4799e-07
0.052252 1.4821e-07
0.052481 1.4843e-07
0.052711 1.4865e-07
0.052942 1.4887e-07
0.053175 1.4909e-07
0.053408 1.4932e-07
0.053642 1.4955e-07
0.053877 1.4978e-07
0.054114 1.5001e-07
0.054351 1.5025e-07
0.05459 1.5049e-07
0.054829 1.5073e-07
0.05507 1.5098e-07
0.055311 1.5123e-07
0.055554 1.5148e-07
0.055797 1.5174e-07
0.056042 1.5199e-07
0.056288 1.5225e-07
0.056535 1.5251e-07
0.056783 1.5277e-07
0.057032 1.5304e-07
0.057282 1.5331e-07
0.057534 1.5358e-07
0.057786 1.5385e-07
0.058039 1.5413e-07
0.058294 1.5441e-07
0.05855 1.5469e-07
0.058807 1.5497e-07
0.059065 1.5526e-07
0.059324 1.5555e-07
0.059584 1.5584e-07
0.059845 1.5614e-07
0.060108 1.5644e-07
0.060372 1.5674e-07
0.060636 1.5705e-07
0.060902 1.5736e-07
0.06117 1.5768e-07
0.061438 1.5799e-07
0.061707 1.5832e-07
0.061978 1.5864e-07
0.06225 1.5897e-07
0.062523 1.593e-07
0.062797 1.5964e-07
0.063073 1.5998e-07
0.063349 1.6032e-07
0.063627 1.6067e-07
0.063907 1.6102e-07
0.064187 1.6137e-07
0.064468 1.6173e-07
0.064751 1.6209e-07
0.065035 1.6245e-07
0.065321 1.6282e-07
0.065607 1.6319e-07
0.065895 1.6357e-07
0.066184 1.6395e-07
0.066474 1.6433e-07
0.066766 1.6472e-07
0.067059 1.6511e-07
0.067353 1.6551e-07
0.067648 1.6591e-07
0.067945 1.6632e-07
0.068243 1.6673e-07
0.068543 1.6715e-07
0.068843 1.6757e-07
0.069145 1.68e-07
0.069449 1.6843e-07
0.069753 1.6887e-07
0.070059 1.6932e-07
0.070367 1.6977e-07
0.070675 1.7022e-07
0.070985 1.7068e-07
0.071297 1.7115e-07
0.07161 1.7161e-07
0.071924 1.7209e-07
0.072239 1.7256e-07
0.072556 1.7304e-07
0.072874 1.7353e-07
0.073194 1.7402e-07
0.073515 1.7452e-07
0.073838 1.7502e-07
0.074162 1.7552e-07
0.074487 1.7604e-07
0.074814 1.7655e-07
0.075142 1.7707e-07
0.075471 1.776e-07
0.075803 1.7814e-07
0.076135 1.7868e-07
0.076469 1.7922e-07
0.076805 1.7977e-07
0.077141 1.8033e-07
0.07748 1.8089e-07
0.07782 1.8146e-07
0.078161 1.8204e-07
0.078504 1.8262e-07
0.078848 1.8321e-07
0.079194 1.838e-07
0.079542 1.844e-07
0.079891 1.8501e-07
0.080241 1.8563e-07
0.080593 1.8625e-07
0.080947 1.8689e-07
0.081302 1.8753e-07
0.081658 1.8818e-07
0.082017 1.8884e-07
0.082376 1.8951e-07
0.082738 1.9018e-07
0.083101 1.9087e-07
0.083465 1.9156e-07
0.083831 1.9227e-07
0.084199 1.9298e-07
0.084568 1.937e-07
0.084939 1.9443e-07
0.085312 1.9517e-07
0.085686 1.9592e-07
0.086062 1.9667e-07
0.08644 1.9744e-07
0.086819 1.9821e-07
0.0872 1.9899e-07
0.087582 1.9979e-07
0.087967 2.0059e-07
0.088352 2.014e-07
0.08874 2.0221e-07
0.089129 2.0304e-07
0.08952 2.0388e-07
0.089913 2.0472e-07
0.090307 2.0558e-07
0.090704 2.0644e-07
0.091101 2.0731e-07
0.091501 2.082e-07
0.091902 2.0909e-07
0.092306 2.1e-07
0.092711 2.1091e-07
0.093117 2.1184e-07
0.093526 2.1278e-07
0.093936 2.1374e-07
0.094348 2.1471e-07
0.094762 2.1569e-07
0.095178 2.1668e-07
0.095595 2.1769e-07
0.096015 2.1872e-07
0.096436 2.1976e-07
0.096859 2.2081e-07
0.097284 2.2188e-07
0.09771 2.2297e-07
0.098139 2.2408e-07
0.09857 2.252e-07
0.099002 2.2634e-07
0.099436 2.2751e-07
0.099873 2.2869e-07
0.10031 2.2989e-07
0.10075 2.311e-07
0.10119 2.3233e-07
0.10164 2.3357e-07
0.10208 2.3483e-07
0.10253 2.3611e-07
0.10298 2.374e-07
0.10343 2.3871e-07
0.10389 2.4003e-07
0.10434 2.4137e-07
0.1048 2.4273e-07
0.10526 2.4411e-07
0.10572 2.455e-07
0.10618 2.4691e-07
0.10665 2.4834e-07
0.10712 2.4979e-07
0.10759 2.5125e-07
0.10806 2.5273e-07
0.10853 2.5424e-07
0.10901 2.5576e-07
0.10949 2.573e-07
0.10997 2.5886e-07
0.11045 2.6045e-07
0.11094 2.6205e-07
0.11142 2.6367e-07
0.11191 2.6532e-07
0.1124 2.6698e-07
0.11289 2.6867e-07
0.11339 2.7038e-07
0.11389 2.7211e-07
0.11439 2.7387e-07
0.11489 2.7565e-07
0.11539 2.7745e-07
0.1159 2.7928e-07
0.11641 2.8113e-07
0.11692 2.83e-07
0.11743 2.849e-07
0.11795 2.8683e-07
0.11846 2.8878e-07
0.11898 2.9076e-07
0.11951 2.9276e-07
0.12003 2.948e-07
0.12056 2.9686e-07
0.12108 2.9894e-07
0.12162 3.0106e-07
0.12215 3.032e-07
0.12269 3.0538e-07
0.12322 3.0758e-07
0.12376 3.0981e-07
0.12431 3.1208e-07
0.12485 3.1438e-07
0.1254 3.1671e-07
0.12595 3.1908e-07
0.1265 3.215e-07
0.12706 3.2396e-07
0.12761 3.2647e-07
0.12817 3.2902e-07
0.12874 3.3161e-07
0.1293 3.3426e-07
0.12987 3.3695e-07
0.13044 3.3968e-07
0.13101 3.4247e-07
0.13159 3.453e-07
0.13216 3.4818e-07
0.13274 3.5111e-07
0.13332 3.5409e-07
0.13391 3.5712e-07
0.1345 3.602e-07
0.13509 3.6333e-07
0.13568 3.6652e-07
0.13628 3.6975e-07
0.13687 3.7304e-07
0.13747 3.7639e-07
0.13808 3.7979e-07
0.13868 3.8324e-07
0.13929 3.8675e-07
0.1399 3.9032e-07
0.14052 3.9394e-07
0.14113 3.9762e-07
0.14175 4.0136e-07
0.14237 4.0516e-07
0.143 4.0902e-07
0.14362 4.1294e-07
0.14362 5.3047e-07
0.143 6.3747e-07
0.14237 7.6477e-07
0.14175 9.1571e-07
0.14113 1.094e-06
0.14052 1.3037e-06
0.1399 1.5493e-06
0.13929 1.8355e-06
0.13868 2.1673e-06
0.13808 2.5498e-06
0.13747 2.9882e-06
0.13687 3.4872e-06
0.13628 4.0514e-06
0.13568 4.6846e-06
0.13509 5.3896e-06
0.1345 6.1678e-06
0.13391 7.019e-06
0.13332 7.9409e-06
0.13274 8.9289e-06
0.13216 9.9754e-06
0.13159 1.107e-05
0.13101 1.2199e-05
0.13044 1.3346e-05
0.12987 1.4491e-05
0.1293 1.5611e-05
0.12874 1.6682e-05
0.12817 1.7678e-05
0.12761 1.8571e-05
0.12706 1.9336e-05
0.1265 1.9947e-05
0.12595 2.0383e-05
0.1254 2.0703e-05
0.12485 2.1016e-05
0.12431 2.1323e-05
0.12376 2.1625e-05
0.12322 2.192e-05
0.12269 2.2209e-05
0.12215 2.2492e-05
0.12162 2.2769e-05
0.12108 2.304e-05
0.12056 2.3305e-05
0.12003 2.3563e-05
0.11951 2.3816e-05
0.11898 2.4063e-05
0.11846 2.4304e-05
0.11795 2.4539e-05
0.11743 2.4768e-05
0.11692 2.4992e-05
0.11641 2.5211e-05
0.1159 2.5424e-05
0.11539 2.5633e-05
0.11489 2.5837e-05
0.11439 2.6036e-05
0.11389 2.6232e-05
0.11339 2.6423e-05
0.11289 2.661e-05
0.1124 2.6794e-05
0.11191 2.6974e-05
0.11142 2.7152e-05
0.11094 2.7327e-05
0.11045 2.75e-05
0.10997 2.767e-05
0.10949 2.7839e-05
0.10901 2.8007e-05
0.10853 2.8174e-05
0.10806 2.834e-05
0.10759 2.8505e-05
0.10712 2.8671e-05
0.10665 2.8838e-05
0.10618 2.9005e-05
0.10572 2.9174e-05
0.10526 2.9344e-05
0.1048 2.9517e-05
0.10434 2.9692e-05
0.10389 2.987e-05
0.10343 3.0052e-05
0.10298 3.0238e-05
0.10253 3.0428e-05
0.10208 3.0623e-05
0.10164 3.0823e-05
0.10119 3.103e-05
0.10075 3.1242e-05
0.10031 3.1462e-05
0.099873 3.169e-05
0.099436 3.1918e-05
0.099002 3.2147e-05
0.09857 3.2375e-05
0.098139 3.2603e-05
0.09771 3.2831e-05
0.097284 3.3059e-05
0.096859 3.3287e-05
0.096436 3.3514e-05
0.096015 3.3742e-05
0.095595 3.3969e-05
0.095178 3.4196e-05
0.094762 3.4424e-05
0.094348 3.4651e-05
0.093936 3.4879e-05
0.093526 3.5107e-05
0.093117 3.5335e-05
0.092711 3.5564e-05
0.092306 3.5792e-05
0.091902 3.6022e-05
0.091501 3.6251e-05
0.091101 3.6481e-05
0.090704 3.6712e-05
0.090307 3.6943e-05
0.089913 3.7175e-05
0.08952 3.7408e-05
0.089129 3.7641e-05
0.08874 3.7876e-05
0.088352 3.8111e-05
0.087967 3.8347e-05
0.087582 3.8584e-05
0.0872 3.8823e-05
0.086819 3.9063e-05
0.08644 3.9303e-05
0.086062 3.9546e-05
0.085686 3.9789e-05
0.085312 4.0035e-05
0.084939 4.0282e-05
0.084568 4.053e-05
0.084199 4.078e-05
0.083831 4.1033e-05
0.083465 4.1287e-05
0.083101 4.1543e-05
0.082738 4.1801e-05
0.082376 4.2062e-05
0.082017 4.2325e-05
0.081658 4.259e-05
0.081302 4.2858e-05
0.080947 4.3128e-05
0.080593 4.3401e-05
0.080241 4.3677e-05
0.079891 4.3956e-05
0.079542 4.4238e-05
0.079194 4.4523e-05
0.078848 4.481e-05
0.078504 4.5098e-05
0.078161 4.5389e-05
0.07782 4.5681e-05
0.07748 4.5975e-05
0.077141 4.6271e-05
0.076805 4.6569e-05
0.076469 4.6869e-05
0.076135 4.7171e-05
0.075803 4.7475e-05
0.075471 4.7781e-05
0.075142 4.8088e-05
0.074814 4.8398e-05
0.074487 4.871e-05
0.074162 4.9024e-05
0.073838 4.9339e-05
0.073515 4.9657e-05
0.073194 4.9977e-05
0.072874 5.0299e-05
0.072556 5.0623e-05
0.072239 5.0949e-05
0.071924 5.1277e-05
0.07161 5.1607e-05
0.071297 5.1939e-05
0.070985 5.2274e-05
0.070675 5.2611e-05
0.070367 5.295e-05
0.070059 5.3291e-05
0.069753 5.3634e-05
0.069449 5.3979e-05
0.069145 5.4327e-05
0.068843 5.4677e-05
0.068543 5.5029e-05
0.068243 5.5383e-05
0.067945 5.574e-05
0.067648 5.6099e-05
0.067353 5.646e-05
0.067059 5.6824e-05
0.066766 5.719e-05
0.066474 5.7558e-05
0.066184 5.7929e-05
0.065895 5.8302e-05
0.065607 5.8678e-05
0.065321 5.9055e-05
0.065035 5.9436e-05
0.064751 5.9819e-05
0.064468 6.0204e-05
0.064187 6.0592e-05
0.063907 6.0982e-05
0.063627 6.1375e-05
0.063349 6.177e-05
0.063073 6.2168e-05
0.062797 6.2571e-05
0.062523 6.2981e-05
0.06225 6.3397e-05
0.061978 6.382e-05
0.061707 6.4249e-05
0.061438 6.4685e-05
0.06117 6.5127e-05
0.060902 6.5574e-05
0.060636 6.6027e-05
0.060372 6.6486e-05
0.060108 6.6949e-05
0.059845 6.7418e-05
0.059584 6.7891e-05
0.059324 6.837e-05
0.059065 6.8852e-05
0.058807 6.9338e-05
0.05855 6.9829e-05
0.058294 7.0323e-05
0.058039 7.082e-05
0.057786 7.132e-05
0.057534 7.1824e-05
0.057282 7.2329e-05
0.057032 7.2837e-05
0.056783 7.3347e-05
0.056535 7.3858e-05
0.056288 7.4371e-05
0.056042 7.4884e-05
0.055797 7.5399e-05
0.055554 7.5913e-05
0.055311 7.6427e-05
0.05507 7.6941e-05
0.054829 7.7454e-05
0.05459 7.7966e-05
0.054351 7.8476e-05
0.054114 7.8984e-05
0.053877 7.949e-05
0.053642 7.9993e-05
0.053408 8.0492e-05
0.053175 8.0988e-05
0.052942 8.148e-05
0.052711 8.1967e-05
0.052481 8.2449e-05
0.052252 8.2926e-05
0.052023 8.3397e-05
0.051796 8.3861e-05
0.05157 8.4318e-05
0.051345 8.4768e-05
0.05112 8.521e-05
0.050897 8.5644e-05
0.050675 8.6069e-05
0.050454 8.6484e-05
0.050233 8.6889e-05
0.050014 8.7285e-05
0.049795 8.7675e-05
0.049578 8.806e-05
0.049361 8.844e-05
0.049146 8.8815e-05
0.048931 8.9186e-05
0.048717 8.9553e-05
0.048505 8.9916e-05
0.048293 9.0274e-05
0.048082 9.0629e-05
0.047872 9.0979e-05
0.047663 9.1326e-05
0.047455 9.167e-05
0.047247 9.201e-05
0.047041 9.2347e-05
0.046835 9.2681e-05
0.046631 9.3012e-05
0.046427 9.334e-05
0.046224 9.3666e-05
0.046023 9.3989e-05
0.045822 9.4311e-05
0.045621 9.463e-05
0.045422 9.4947e-05
0.045224 9.5263e-05
0.045026 9.5578e-05
0.04483 9.5891e-05
0.044634 9.6203e-05
0.044439 9.6515e-05
0.044245 9.6826e-05
0.044052 9.7136e-05
0.043859 9.7446e-05
0.043668 9.7756e-05
0.043477 9.8066e-05
0.043287 9.8377e-05
0.043098 9.8688e-05
0.04291 9.9001e-05
0.042722 9.9314e-05
0.042536 9.9628e-05
0.04235 9.9945e-05
0.042165 0.00010026
0.041981 0.00010058
0.041797 0.0001009
0.041615 0.00010123
0.041433 0.00010156
0.041252 0.00010189
0.041072 0.00010222
0.040893 0.00010256
0.040714 0.0001029
0.040536 0.00010324
0.040359 0.00010359
0.040183 0.00010395
0.040007 0.0001043
0.039833 0.00010467
0.039659 0.00010503
0.039485 0.0001054
0.039313 0.00010577
0.039141 0.00010614
0.03897 0.00010652
0.0388 0.00010689
0.038631 0.00010726
0.038462 0.00010764
0.038294 0.00010802
0.038127 0.0001084
0.03796 0.00010878
0.037794 0.00010916
0.037629 0.00010954
0.037465 0.00010993
0.037301 0.00011031
0.037138 0.0001107
0.036976 0.00011109
0.036815 0.00011148
0.036654 0.00011187
0.036494 0.00011226
0.036334 0.00011265
0.036176 0.00011305
0.036018 0.00011345
0.03586 0.00011384
0.035704 0.00011424
0.035548 0.00011464
0.035393 0.00011505
0.035238 0.00011545
0.035084 0.00011585
0.034931 0.00011626
0.034778 0.00011667
0.034626 0.00011708
0.034475 0.00011749
0.034325 0.0001179
0.034175 0.00011831
0.034025 0.00011873
0.033877 0.00011915
0.033729 0.00011956
0.033581 0.00011998
0.033435 0.0001204
0.033289 0.00012083
0.033143 0.00012125
0.032999 0.00012168
0.032854 0.0001221
0.032711 0.00012253
0.032568 0.00012296
0.032426 0.00012339
0.032284 0.00012382
0.032143 0.00012426
0.032003 0.0001247
0.031863 0.00012513
0.031724 0.00012557
0.031585 0.00012601
0.031447 0.00012645
0.03131 0.0001269
0.031173 0.00012734
0.031037 0.00012779
0.030902 0.00012824
0.030767 0.00012869
0.030632 0.00012914
0.030498 0.00012959
0.030365 0.00013005
0.030233 0.0001305
0.030101 0.00013096
0.029969 0.00013142
0.029838 0.00013188
0.029708 0.00013234
0.029578 0.00013281
0.029449 0.00013327
0.02932 0.00013374
0.029192 0.00013421
0.029065 0.00013468
0.028938 0.00013515
0.028811 0.00013563
0.028686 0.0001361
0.02856 0.00013658
0.028436 0.00013706
0.028311 0.00013754
0.028188 0.00013802
0.028065 0.00013851
0.027942 0.00013899
0.02782 0.00013948
0.027698 0.00013997
0.027578 0.00014046
0.027457 0.00014095
0.027337 0.00014145
0.027218 0.00014194
0.027099 0.00014244
0.026981 0.00014294
0.026863 0.00014344
0.026745 0.00014395
0.026629 0.00014445
0.026512 0.00014496
0.026396 0.00014547
0.026281 0.00014598
0.026166 0.00014649
0.026052 0.000147
0.025938 0.00014752
0.025825 0.00014804
0.025712 0.00014856
0.0256 0.00014908
0.025488 0.0001496
0.025377 0.00015012
0.025266 0.00015065
0.025156 0.00015118
0.025046 0.00015171
0.024936 0.00015224
0.024827 0.00015278
0.024719 0.00015332
0.024611 0.00015386
0.024504 0.0001544
0.024396 0.00015495
0.02429 0.0001555
0.024184 0.00015605
0.024078 0.0001566
0.023973 0.00015716
0.023868 0.00015772
0.023764 0.00015828
0.02366 0.00015884
0.023557 0.0001594
0.023454 0.00015997
0.023352 0.00016054
0.02325 0.00016111
0.023148 0.00016169
0.023047 0.00016226
0.022946 0.00016284
0.022846 0.00016342
0.022746 0.000164
0.022647 0.00016458
0.022548 0.00016517
0.02245 0.00016575
0.022352 0.00016634
0.022254 0.00016693
0.022157 0.00016752
0.02206 0.00016811
0.021964 0.00016871
0.021868 0.0001693
0.021772 0.0001699
0.021677 0.0001705
0.021582 0.00017109
0.021488 0.00017169
0.021394 0.0001723
0.021301 0.0001729
0.021208 0.0001735
0.021115 0.0001741
0.021023 0.00017471
0.020931 0.00017532
0.02084 0.00017592
0.020749 0.00017653
0.020658 0.00017714
0.020568 0.00017774
0.020478 0.00017835
0.020389 0.00017896
0.0203 0.00017957
0.020211 0.00018018
0.020123 0.00018079
0.020035 0.0001814
0.019947 0.00018201
0.01986 0.00018262
0.019773 0.00018323
0.019687 0.00018384
0.019601 0.00018445
0.019515 0.00018506
0.01943 0.00018567
0.019345 0.00018628
0.019261 0.00018689
0.019177 0.0001875
0.019093 0.00018812
0.01901 0.00018873
0.018926 0.00018934
0.018844 0.00018996
0.018762 0.00019057
0.01868 0.00019119
0.018598 0.00019181
0.018517 0.00019242
0.018436 0.00019304
0.018355 0.00019366
0.018275 0.00019428
0.018195 0.0001949
0.018116 0.00019553
0.018037 0.00019615
0.017958 0.00019678
0.01788 0.0001974
0.017801 0.00019803
0.017724 0.00019866
0.017646 0.00019929
0.017569 0.00019993
0.017493 0.00020056
0.017416 0.0002012
0.01734 0.00020183
0.017264 0.00020247
0.017189 0.00020311
0.017114 0.00020376
0.017039 0.0002044
0.016965 0.00020505
0.016891 0.0002057
0.016817 0.00020635
0.016743 0.00020701
0.01667 0.00020766
0.016597 0.00020832
0.016525 0.00020899
0.016453 0.00020965
0.016381 0.00021032
0.016309 0.00021099
0.016238 0.00021166
0.016167 0.00021234
0.016097 0.00021301
0.016026 0.0002137
0.015956 0.00021438
0.015887 0.00021507
0.015817 0.00021576
0.015748 0.00021645
0.015679 0.00021715
0.015611 0.00021785
0.015543 0.00021855
0.015475 0.00021925
0.015407 0.00021996
0.01534 0.00022066
0.015273 0.00022137
0.015206 0.00022208
0.01514 0.0002228
0.015074 0.00022351
0.015008 0.00022423
0.014942 0.00022495
0.014877 0.00022568
0.014812 0.0002264
0.014747 0.00022713
0.014683 0.00022786
0.014619 0.00022859
0.014555 0.00022933
0.014491 0.00023007
0.014428 0.00023081
0.014365 0.00023155
0.014302 0.00023229
0.01424 0.00023304
0.014178 0.00023379
0.014116 0.00023454
0.014054 0.00023529
0.013993 0.00023605
0.013932 0.00023681
0.013871 0.00023757
0.01381 0.00023833
0.01375 0.0002391
0.01369 0.00023987
0.01363 0.00024064
0.01357 0.00024141
0.013511 0.00024219
0.013452 0.00024297
0.013393 0.00024375
0.013335 0.00024453
0.013277 0.00024532
0.013219 0.00024611
0.013161 0.0002469
0.013103 0.00024769
0.013046 0.00024849
0.012989 0.00024929
0.012933 0.00025009
0.012876 0.0002509
0.01282 0.0002517
0.012764 0.00025251
0.012708 0.00025332
0.012653 0.00025414
0.012597 0.00025495
0.012542 0.00025578
0.012488 0.00025661
0.012433 0.00025745
0.012379 0.0002583
0.012325 0.00025916
0.012271 0.00026003
0.012217 0.00026091
0.012164 0.0002618
0.012111 0.00026269
0.012058 0.00026359
0.012005 0.00026449
0.011953 0.00026541
0.0119 0.00026633
0.011849 0.00026725
0.011797 0.00026818
0.011745 0.00026911
0.011694 0.00027005
0.011643 0.00027099
0.011592 0.00027193
0.011541 0.00027288
0.011491 0.00027383
0.011441 0.00027478
0.011391 0.00027573
0.011341 0.00027668
0.011292 0.00027763
0.011242 0.00027859
0.011193 0.00027954
0.011144 0.00028049
0.011096 0.00028144
0.011047 0.00028238
0.010999 0.00028333
0.010951 0.00028427
0.010903 0.0002852
0.010855 0.00028613
0.010808 0.00028706
0.010761 0.00028798
0.010714 0.00028889
0.010667 0.0002898
0.01062 0.0002907
0.010574 0.00029159
0.010528 0.00029248
0.010482 0.00029335
0.010436 0.00029421
0.01039 0.00029507
0.010345 0.00029591
0.0103 0.00029674
0.010255 0.00029756
0.01021 0.00029837
0.010166 0.00029916
0.010121 0.00029993
0.010077 0.0003007
0.010033 0.00030145
0.0099891 0.00030218
0.0099454 0.0003029
0.009902 0.00030361
0.0098588 0.00030431
0.0098157 0.000305
0.0097728 0.00030569
0.0097301 0.00030637
0.0096876 0.00030704
0.0096453 0.0003077
0.0096032 0.00030835
0.0095613 0.000309
0.0095195 0.00030964
0.0094779 0.00031028
0.0094365 0.00031091
0.0093953 0.00031153
0.0093543 0.00031215
0.0093134 0.00031276
0.0092727 0.00031337
0.0092322 0.00031397
0.0091919 0.00031457
0.0091518 0.00031517
0.0091118 0.00031576
0.009072 0.00031634
0.0090324 0.00031693
0.0089929 0.00031751
0.0089537 0.00031809
0.0089146 0.00031866
0.0088756 0.00031924
0.0088369 0.00031981
0.0087983 0.00032038
0.0087598 0.00032096
0.0087216 0.00032153
0.0086835 0.0003221
0.0086455 0.00032267
0.0086078 0.00032324
0.0085702 0.00032381
0.0085328 0.00032438
0.0084955 0.00032495
0.0084584 0.00032553
0.0084214 0.00032611
0.0083847 0.00032669
0.008348 0.00032727
0.0083116 0.00032785
0.0082753 0.00032844
0.0082391 0.00032904
0.0082032 0.00032964
0.0081673 0.00033024
0.0081316 0.00033084
0.0080961 0.00033146
0.0080608 0.00033207
0.0080256 0.0003327
0.0079905 0.00033333
0.0079556 0.00033397
0.0079209 0.00033461
0.0078863 0.00033526
0.0078518 0.0003359
0.0078175 0.00033655
0.0077834 0.0003372
0.0077494 0.00033785
0.0077155 0.0003385
0.0076818 0.00033915
0.0076483 0.00033981
0.0076149 0.00034046
0.0075816 0.00034112
0.0075485 0.00034178
0.0075156 0.00034243
0.0074827 0.00034309
0.00745 0.00034376
0.0074175 0.00034442
0.0073851 0.00034508
0.0073529 0.00034575
0.0073207 0.00034641
0.0072888 0.00034708
0.0072569 0.00034775
0.0072252 0.00034842
0.0071937 0.00034909
0.0071623 0.00034977
0.007131 0.00035044
0.0070998 0.00035112
0.0070688 0.00035179
0.0070379 0.00035247
0.0070072 0.00035315
0.0069766 0.00035383
0.0069461 0.00035451
0.0069158 0.0003552
0.0068856 0.00035588
0.0068555 0.00035657
0.0068256 0.00035726
0.0067958 0.00035794
0.0067661 0.00035863
0.0067365 0.00035933
0.0067071 0.00036002
0.0066778 0.00036071
0.0066486 0.00036141
0.0066196 0.0003621
0.0065907 0.0003628
0.0065619 0.0003635
0.0065332 0.0003642
0.0065047 0.0003649
0.0064763 0.00036561
0.006448 0.00036631
0.0064199 0.00036702
0.0063918 0.00036773
0.0063639 0.00036844
0.0063361 0.00036915
0.0063084 0.00036986
0.0062809 0.00037057
0.0062534 0.00037129
0.0062261 0.000372
0.0061989 0.00037272
0.0061719 0.00037344
0.0061449 0.00037416
0.0061181 0.00037488
0.0060913 0.0003756
0.0060647 0.00037632
0.0060383 0.00037705
0.0060119 0.00037778
0.0059856 0.00037851
0.0059595 0.00037923
0.0059335 0.00037997
0.0059075 0.0003807
0.0058817 0.00038143
0.005856 0.00038217
0.0058305 0.0003829
0.005805 0.00038364
0.0057796 0.00038438
0.0057544 0.00038512
0.0057293 0.00038587
0.0057042 0.00038661
0.0056793 0.00038735
0.0056545 0.0003881
0.0056298 0.00038885
0.0056052 0.0003896
0.0055808 0.00039035
0.0055564 0.0003911
0.0055321 0.00039186
0.005508 0.00039261
0.0054839 0.00039337
0.0054599 0.00039413
0.0054361 0.00039489
0.0054124 0.00039565
0.0053887 0.00039641
0.0053652 0.00039718
0.0053418 0.00039794
0.0053184 0.00039871
0.0052952 0.00039948
0.0052721 0.00040025
0.005249 0.00040102
0.0052261 0.00040179
0.0052033 0.00040257
0.0051806 0.00040334
0.0051579 0.00040412
0.0051354 0.0004049
0.005113 0.00040568
0.0050906 0.00040646
0.0050684 0.00040725
0.0050463 0.00040803
0.0050242 0.00040882
0.0050023 0.00040961
0.0049804 0.0004104
0.0049587 0.00041119
0.004937 0.00041198
0.0049155 0.00041277
0.004894 0.00041357
0.0048726 0.00041437
0.0048513 0.00041517
0.0048302 0.00041597
0.0048091 0.00041677
0.0047881 0.00041757
0.0047671 0.00041838
0.0047463 0.00041918
0.0047256 0.00041999
0.0047049 0.0004208
0.0046844 0.00042161
0.0046639 0.00042242
0.0046436 0.00042324
0.0046233 0.00042405
0.0046031 0.00042487
0.004583 0.00042569
0.004563 0.00042651
0.004543 0.00042733
0.0045232 0.00042816
0.0045034 0.00042898
0.0044838 0.00042981
0.0044642 0.00043064
0.0044447 0.00043147
0.0044253 0.0004323
0.004406 0.00043313
0.0043867 0.00043397
0.0043676 0.00043481
0.0043485 0.00043564
0.0043295 0.00043648
0.0043106 0.00043733
0.0042917 0.00043817
0.004273 0.00043901
0.0042543 0.00043986
0.0042358 0.00044071
0.0042173 0.00044156
0.0041988 0.00044241
0.0041805 0.00044326
0.0041622 0.00044412
0.0041441 0.00044497
0.004126 0.00044583
0.0041079 0.00044669
0.00409 0.00044755
0.0040721 0.00044841
0.0040543 0.00044928
0.0040366 0.00045014
0.004019 0.00045101
0.0040015 0.00045188
0.003984 0.00045275
0.0039666 0.00045363
0.0039493 0.00045452
0.003932 0.00045541
0.0039148 0.00045632
0.0038977 0.00045724
0.0038807 0.00045816
0.0038638 0.0004591
0.0038469 0.00046004
0.0038301 0.00046099
0.0038134 0.00046195
0.0037967 0.00046291
0.0037801 0.00046388
0.0037636 0.00046485
0.0037472 0.00046583
0.0037308 0.00046682
0.0037145 0.0004678
0.0036983 0.00046879
0.0036821 0.00046979
0.0036661 0.00047078
0.00365 0.00047178
0.0036341 0.00047277
0.0036182 0.00047377
0.0036024 0.00047476
0.0035867 0.00047576
0.003571 0.00047675
0.0035554 0.00047774
0.0035399 0.00047873
0.0035244 0.00047972
0.003509 0.0004807
0.0034937 0.00048168
0.0034785 0.00048265
0.0034633 0.00048361
0.0034481 0.00048457
0.0034331 0.00048552
0.0034181 0.00048647
0.0034032 0.0004874
0.0033883 0.00048833
0.0033735 0.00048924
0.0033588 0.00049015
0.0033441 0.00049104
0.0033295 0.00049193
0.0033149 0.0004928
0.0033005 0.00049365
0.003286 0.00049449
0.0032717 0.00049532
0.0032574 0.00049614
0.0032432 0.00049693
0.003229 0.00049771
0.0032149 0.00049848
0.0032009 0.00049922
0.0031869 0.00049995
0.003173 0.00050066
0.0031591 0.00050134
0.0031453 0.00050202
0.0031316 0.00050268
0.0031179 0.00050333
0.0031043 0.00050398
0.0030907 0.00050461
0.0030772 0.00050523
0.0030638 0.00050585
0.0030504 0.00050645
0.0030371 0.00050705
0.0030238 0.00050764
0.0030106 0.00050822
0.0029975 0.0005088
0.0029844 0.00050937
0.0029713 0.00050993
0.0029584 0.00051048
0.0029454 0.00051103
0.0029326 0.00051157
0.0029198 0.00051211
0.002907 0.00051264
0.0028943 0.00051317
0.0028817 0.00051369
0.0028691 0.0005142
0.0028566 0.00051472
0.0028441 0.00051523
0.0028317 0.00051574
0.0028193 0.00051624
0.002807 0.00051674
0.0027947 0.00051724
0.0027825 0.00051774
0.0027704 0.00051823
0.0027583 0.00051873
0.0027462 0.00051922
0.0027342 0.00051971
0.0027223 0.00052021
0.0027104 0.0005207
0.0026985 0.00052119
0.0026868 0.00052169
0.002675 0.00052219
0.0026633 0.00052268
0.0026517 0.00052318
0.0026401 0.00052368
0.0026286 0.00052419
0.0026171 0.00052469
0.0026057 0.00052521
0.0025943 0.00052572
0.002583 0.00052624
0.0025717 0.00052676
0.0025605 0.00052729
0.0025493 0.00052782
0.0025381 0.00052836
0.0025271 0.0005289
0.002516 0.00052946
0.002505 0.00053001
0.0024941 0.00053057
0.0024832 0.00053113
0.0024723 0.00053168
0.0024615 0.00053224
0.0024508 0.0005328
0.0024401 0.00053336
0.0024294 0.00053392
0.0024188 0.00053448
0.0024083 0.00053505
0.0023977 0.00053561
0.0023873 0.00053617
0.0023768 0.00053673
0.0023665 0.0005373
0.0023561 0.00053786
0.0023458 0.00053843
0.0023356 0.000539
0.0023254 0.00053956
0.0023152 0.00054013
0.0023051 0.0005407
0.0022951 0.00054126
0.002285 0.00054183
0.002275 0.0005424
0.0022651 0.00054297
0.0022552 0.00054354
0.0022454 0.00054412
0.0022356 0.00054469
0.0022258 0.00054526
0.0022161 0.00054583
0.0022064 0.00054641
0.0021968 0.00054698
0.0021872 0.00054756
0.0021776 0.00054813
0.0021681 0.00054871
0.0021586 0.00054928
0.0021492 0.00054986
0.0021398 0.00055044
0.0021305 0.00055102
0.0021212 0.0005516
0.0021119 0.00055218
0.0021027 0.00055276
0.0020935 0.00055334
0.0020844 0.00055392
0.0020752 0.0005545
0.0020662 0.00055509
0.0020572 0.00055567
0.0020482 0.00055625
0.0020392 0.00055684
0.0020303 0.00055742
0.0020215 0.00055801
0.0020126 0.00055859
0.0020038 0.00055918
0.0019951 0.00055977
0.0019864 0.00056036
0.0019777 0.00056095
0.0019691 0.00056154
0.0019605 0.00056213
0.0019519 0.00056272
0.0019434 0.00056331
0.0019349 0.0005639
0.0019264 0.00056449
0.001918 0.00056509
0.0019096 0.00056568
0.0019013 0.00056628
0.001893 0.00056687
0.0018847 0.00056747
0.0018765 0.00056806
0.0018683 0.00056866
0.0018601 0.00056926
0.001852 0.00056986
0.0018439 0.00057046
0.0018359 0.00057105
0.0018279 0.00057166
0.0018199 0.00057226
0.0018119 0.00057286
0.001804 0.00057346
0.0017961 0.00057406
0.0017883 0.00057467
0.0017805 0.00057527
0.0017727 0.00057587
0.001765 0.00057648
0.0017572 0.00057709
0.0017496 0.00057769
0.0017419 0.0005783
0.0017343 0.00057891
0.0017267 0.00057952
0.0017192 0.00058012
0.0017117 0.00058073
0.0017042 0.00058135
0.0016968 0.00058196
0.0016894 0.00058257
0.001682 0.00058318
0.0016746 0.00058379
0.0016673 0.00058441
0.00166 0.00058502
0.0016528 0.00058564
0.0016456 0.00058625
0.0016384 0.00058687
0.0016312 0.00058748
0.0016241 0.0005881
0.001617 0.00058872
0.0016099 0.00058934
0.0016029 0.00058996
0.0015959 0.00059058
0.0015889 0.0005912
0.001582 0.00059182
0.0015751 0.00059244
0.0015682 0.00059307
0.0015614 0.00059369
0.0015545 0.00059431
0.0015478 0.00059494
0.001541 0.00059556
0.0015343 0.00059619
0.0015276 0.00059682
0.0015209 0.00059744
0.0015143 0.00059807
0.0015076 0.0005987
0.0015011 0.00059933
0.0014945 0.00059996
0.001488 0.00060059
0.0014815 0.00060122
0.001475 0.00060185
0.0014686 0.00060248
0.0014621 0.00060312
0.0014558 0.00060375
0.0014494 0.00060439
0.0014431 0.00060502
0.0014368 0.00060566
0.0014305 0.00060629
0.0014242 0.00060693
0.001418 0.00060757
0.0014118 0.00060821
0.0014057 0.00060885
0.0013995 0.00060949
0.0013934 0.00061013
0.0013873 0.00061077
0.0013813 0.00061141
0.0013752 0.00061205
0.0013692 0.0006127
0.0013632 0.00061334
0.0013573 0.00061399
0.0013514 0.00061463
0.0013455 0.00061528
0.0013396 0.00061592
0.0013337 0.00061657
0.0013279 0.00061722
0.0013221 0.00061787
0.0013163 0.00061852
0.0013106 0.00061917
0.0013049 0.00061982
0.0012992 0.00062047
0.0012935 0.00062112
0.0012878 0.00062177
0.0012822 0.00062243
0.0012766 0.00062308
0.001271 0.00062374
0.0012655 0.00062439
0.00126 0.00062505
0.0012545 0.00062571
0.001249 0.00062638
0.0012435 0.00062707
0.0012381 0.00062777
0.0012327 0.00062847
0.0012273 0.00062919
0.0012219 0.00062992
0.0012166 0.00063065
0.0012113 0.00063139
0.001206 0.00063214
0.0012007 0.0006329
0.0011955 0.00063366
0.0011903 0.00063443
0.0011851 0.0006352
0.0011799 0.00063598
0.0011747 0.00063676
0.0011696 0.00063754
0.0011645 0.00063832
0.0011594 0.0006391
0.0011543 0.00063988
0.0011493 0.00064066
0.0011443 0.00064144
0.0011393 0.00064222
0.0011343 0.000643
0.0011294 0.00064377
0.0011244 0.00064454
0.0011195 0.0006453
0.0011146 0.00064606
0.0011098 0.00064681
0.0011049 0.00064755
0.0011001 0.00064828
0.0010953 0.00064901
0.0010905 0.00064972
0.0010857 0.00065043
0.001081 0.00065112
0.0010763 0.0006518
0.0010716 0.00065247
0.0010669 0.00065312
0.0010622 0.00065376
0.0010576 0.00065439
0.001053 0.000655
0.0010484 0.00065559
0.0010438 0.00065616
0.0010392 0.00065672
0.0010347 0.00065726
0.0010302 0.00065777
0.0010257 0.00065827
0.0010212 0.00065874
0.0010167 0.0006592
0.0010123 0.00065963
0.0010079 0.00066003
0.0010035 0.00066041
0.00099909 0.00066077
0.00099473 0.00066111
0.00099038 0.00066144
0.00098606 0.00066176
0.00098175 0.00066208
0.00097746 0.00066239
0.00097319 0.00066269
0.00096894 0.00066299
0.00096471 0.00066327
0.0009605 0.00066355
0.0009563 0.00066383
0.00095212 0.0006641
0.00094797 0.00066436
0.00094382 0.00066462
0.0009397 0.00066487
0.0009356 0.00066512
0.00093151 0.00066536
0.00092744 0.00066559
0.00092339 0.00066583
0.00091936 0.00066605
0.00091534 0.00066628
0.00091135 0.0006665
0.00090737 0.00066672
0.0009034 0.00066693
0.00089946 0.00066714
0.00089553 0.00066735
0.00089162 0.00066756
0.00088772 0.00066776
0.00088385 0.00066796
0.00087999 0.00066816
0.00087614 0.00066836
0.00087232 0.00066856
0.00086851 0.00066875
0.00086471 0.00066895
0.00086094 0.00066915
0.00085718 0.00066934
0.00085343 0.00066954
0.0008497 0.00066973
0.00084599 0.00066993
0.0008423 0.00067013
0.00083862 0.00067032
0.00083496 0.00067052
0.00083131 0.00067072
0.00082768 0.00067093
0.00082406 0.00067113
0.00082046 0.00067134
0.00081688 0.00067155
0.00081331 0.00067176
0.00080976 0.00067198
0.00080622 0.0006722
0.0008027 0.00067242
0.0007992 0.00067265
0.00079571 0.00067288
0.00079223 0.00067312
0.00078877 0.00067335
0.00078533 0.00067359
0.0007819 0.00067383
0.00077848 0.00067406
0.00077508 0.0006743
0.0007717 0.00067453
0.00076832 0.00067477
0.00076497 0.00067501
0.00076163 0.00067524
0.0007583 0.00067548
0.00075499 0.00067572
0.00075169 0.00067595
0.00074841 0.00067619
0.00074514 0.00067643
0.00074189 0.00067666
0.00073865 0.0006769
0.00073542 0.00067714
0.00073221 0.00067738
0.00072901 0.00067761
0.00072583 0.00067785
0.00072266 0.00067809
0.0007195 0.00067832
0.00071636 0.00067856
0.00071323 0.0006788
0.00071011 0.00067904
0.00070701 0.00067928
0.00070392 0.00067951
0.00070085 0.00067975
0.00069779 0.00067999
0.00069474 0.00068023
0.00069171 0.00068047
0.00068868 0.0006807
0.00068568 0.00068094
0.00068268 0.00068118
0.0006797 0.00068142
0.00067673 0.00068166
0.00067378 0.0006819
0.00067083 0.00068214
0.0006679 0.00068237
0.00066499 0.00068261
0.00066208 0.00068285
0.00065919 0.00068309
0.00065631 0.00068333
0.00065344 0.00068357
0.00065059 0.00068381
0.00064775 0.00068405
0.00064492 0.00068429
0.0006421 0.00068453
0.0006393 0.00068477
0.00063651 0.00068501
0.00063373 0.00068525
0.00063096 0.00068549
0.0006282 0.00068573
0.00062546 0.00068597
0.00062273 0.00068621
0.00062001 0.00068645
0.0006173 0.00068669
0.0006146 0.00068693
0.00061192 0.00068717
0.00060925 0.00068741
0.00060658 0.00068765
0.00060394 0.00068789
0.0006013 0.00068813
0.00059867 0.00068837
0.00059606 0.00068862
0.00059345 0.00068886
0.00059086 0.0006891
0.00058828 0.00068934
0.00058571 0.00068958
0.00058315 0.00068982
0.00058061 0.00069006
0.00057807 0.00069031
0.00057555 0.00069055
0.00057303 0.00069079
0.00057053 0.00069103
0.00056804 0.00069127
0.00056556 0.00069152
0.00056309 0.00069176
0.00056063 0.000692
0.00055818 0.00069224
0.00055574 0.00069248
0.00055331 0.00069273
0.0005509 0.00069297
0.00054849 0.00069321
0.00054609 0.00069346
0.00054371 0.0006937
0.00054133 0.00069394
0.00053897 0.00069418
0.00053662 0.00069443
0.00053427 0.00069467
0.00053194 0.00069491
0.00052962 0.00069516
0.0005273 0.0006954
0.000525 0.00069564
0.00052271 0.00069589
0.00052042 0.00069613
0.00051815 0.00069638
0.00051589 0.00069662
0.00051363 0.00069686
0.00051139 0.00069711
0.00050916 0.00069735
0.00050693 0.0006976
0.00050472 0.00069784
0.00050251 0.00069808
0.00050032 0.00069833
0.00049813 0.00069857
0.00049596 0.00069882
0.00049379 0.00069906
0.00049164 0.00069931
0.00048949 0.00069955
0.00048735 0.0006998
0.00048522 0.00070004
0.0004831 0.00070029
0.00048099 0.00070053
0.00047889 0.00070078
0.0004768 0.00070102
0.00047472 0.00070127
0.00047264 0.00070152
0.00047058 0.00070176
0.00046853 0.00070201
0.00046648 0.00070225
0.00046444 0.0007025
0.00046241 0.00070274
0.00046039 0.00070299
0.00045838 0.00070324
0.00045638 0.00070348
0.00045439 0.00070373
0.0004524 0.00070398
0.00045043 0.00070422
0.00044846 0.00070447
0.0004465 0.00070472
0.00044455 0.00070496
0.00044261 0.00070521
0.00044068 0.00070546
0.00043875 0.0007057
0.00043683 0.00070595
0.00043493 0.0007062
0.00043303 0.00070645
0.00043114 0.00070669
0.00042925 0.00070694
0.00042738 0.00070719
0.00042551 0.00070744
0.00042365 0.00070768
0.0004218 0.00070793
0.00041996 0.00070818
0.00041813 0.00070843
0.0004163 0.00070868
0.00041448 0.00070892
0.00041267 0.00070917
0.00041087 0.00070942
0.00040907 0.00070967
0.00040729 0.00070992
0.00040551 0.00071017
0.00040374 0.00071041
0.00040197 0.00071066
0.00040022 0.00071091
0.00039847 0.00071116
0.00039673 0.00071141
0.000395 0.00071166
0.00039327 0.00071191
0.00039155 0.00071216
0.00038984 0.00071241
0.00038814 0.00071266
0.00038645 0.00071291
0.00038476 0.00071316
0.00038308 0.00071341
0.00038141 0.00071366
0.00037974 0.00071391
0.00037808 0.00071416
0.00037643 0.00071441
0.00037479 0.00071466
0.00037315 0.00071491
0.00037152 0.00071516
0.0003699 0.00071541
0.00036828 0.00071566
0.00036667 0.00071591
0.00036507 0.00071616
0.00036348 0.00071641
0.00036189 0.00071666
0.00036031 0.00071691
0.00035873 0.00071716
0.00035717 0.00071741
0.00035561 0.00071767
0.00035405 0.00071792
0.00035251 0.00071817
0.00035097 0.00071842
0.00034944 0.00071867
0.00034791 0.00071892
0.00034639 0.00071918
0.00034488 0.00071943
0.00034337 0.00071968
0.00034187 0.00071993
0.00034038 0.00072018
0.00033889 0.00072044
0.00033741 0.00072069
0.00033594 0.00072094
0.00033447 0.00072119
0.00033301 0.00072145
0.00033155 0.0007217
0.00033011 0.00072195
0.00032866 0.0007222
0.00032723 0.00072246
0.0003258 0.00072271
0.00032438 0.00072296
0.00032296 0.00072322
0.00032155 0.00072347
0.00032015 0.00072372
0.00031875 0.00072398
0.00031735 0.00072423
0.00031597 0.00072448
0.00031459 0.00072474
0.00031321 0.00072499
0.00031185 0.00072524
0.00031048 0.0007255
0.00030913 0.00072575
0.00030778 0.00072601
0.00030643 0.00072626
0.0003051 0.00072652
0.00030376 0.00072677
0.00030244 0.00072702
0.00030112 0.00072728
0.0002998 0.00072753
0.00029849 0.00072779
0.00029719 0.00072804
0.00029589 0.0007283
0.0002946 0.00072855
0.00029331 0.00072881
0.00029203 0.00072906
0.00029075 0.00072932
0.00028948 0.00072958
0.00028822 0.00072983
0.00028696 0.00073009
0.00028571 0.00073034
0.00028446 0.0007306
0.00028322 0.00073085
0.00028198 0.00073111
0.00028075 0.00073137
0.00027952 0.00073162
0.0002783 0.00073188
0.00027709 0.00073213
0.00027588 0.00073239
0.00027467 0.00073265
0.00027347 0.0007329
0.00027228 0.00073316
0.00027109 0.00073342
0.0002699 0.00073367
0.00026872 0.00073393
0.00026755 0.00073419
0.00026638 0.00073445
0.00026522 0.0007347
0.00026406 0.00073496
0.00026291 0.00073522
0.00026176 0.00073547
0.00026062 0.00073573
0.00025948 0.00073599
0.00025834 0.00073625
0.00025722 0.00073651
0.00025609 0.00073676
0.00025497 0.00073702
0.00025386 0.00073728
0.00025275 0.00073754
0.00025165 0.0007378
0.00025055 0.00073805
0.00024945 0.00073831
0.00024836 0.00073857
0.00024728 0.00073883
0.0002462 0.00073909
0.00024512 0.00073935
0.00024405 0.00073961
0.00024299 0.00073987
0.00024193 0.00074013
0.00024087 0.00074038
0.00023982 0.00074064
0.00023877 0.0007409
0.00023773 0.00074116
0.00023669 0.00074142
0.00023566 0.00074168
0.00023463 0.00074194
0.0002336 0.0007422
0.00023258 0.00074246
0.00023157 0.00074272
0.00023055 0.00074298
0.00022955 0.00074324
0.00022854 0.0007435
0.00022755 0.00074376
0.00022655 0.00074402
0.00022556 0.00074428
0.00022458 0.00074454
0.0002236 0.00074481
0.00022262 0.00074507
0.00022165 0.00074533
0.00022068 0.00074559
0.00021972 0.00074585
0.00021876 0.00074611
0.0002178 0.00074637
0.00021685 0.00074663
0.0002159 0.00074689
0.00021496 0.00074716
0.00021402 0.00074742
0.00021309 0.00074768
0.00021216 0.00074794
0.00021123 0.0007482
0.00021031 0.00074847
0.00020939 0.00074873
0.00020847 0.00074899
0.00020756 0.00074925
0.00020666 0.00074951
0.00020575 0.00074978
0.00020485 0.00075004
0.00020396 0.0007503
0.00020307 0.00075057
0.00020218 0.00075083
0.0002013 0.00075109
0.00020042 0.00075135
0.00019954 0.00075162
0.00019867 0.00075188
0.00019781 0.00075214
0.00019694 0.00075241
0.00019608 0.00075267
0.00019522 0.00075293
0.00019437 0.0007532
0.00019352 0.00075346
0.00019268 0.00075373
0.00019184 0.00075399
0.000191 0.00075425
0.00019016 0.00075452
0.00018933 0.00075478
0.00018851 0.00075505
0.00018768 0.00075531
0.00018686 0.00075558
0.00018605 0.00075584
0.00018524 0.00075611
0.00018443 0.00075637
0.00018362 0.00075663
0.00018282 0.0007569
0.00018202 0.00075716
0.00018123 0.00075743
0.00018043 0.0007577
0.00017965 0.00075796
0.00017886 0.00075823
0.00017808 0.00075849
0.0001773 0.00075876
0.00017653 0.00075902
0.00017576 0.00075929
0.00017499 0.00075955
0.00017422 0.00075982
0.00017346 0.00076009
0.00017271 0.00076035
0.00017195 0.00076062
0.0001712 0.00076089
0.00017045 0.00076115
0.00016971 0.00076142
0.00016897 0.00076169
0.00016823 0.00076195
0.00016749 0.00076222
0.00016676 0.00076249
0.00016603 0.00076275
0.00016531 0.00076302
0.00016459 0.00076329
0.00016387 0.00076356
0.00016315 0.00076382
0.00016244 0.00076409
0.00016173 0.00076436
0.00016102 0.00076463
0.00016032 0.00076489
0.00015962 0.00076516
0.00015892 0.00076543
0.00015823 0.0007657
0.00015754 0.00076597
0.00015685 0.00076623
0.00015617 0.0007665
0.00015548 0.00076677
0.0001548 0.00076704
0.00015413 0.00076731
0.00015345 0.00076758
0.00015278 0.00076785
0.00015212 0.00076811
0.00015145 0.00076838
0.00015079 0.00076865
0.00015013 0.00076892
0.00014948 0.00076919
0.00014882 0.00076946
0.00014817 0.00076973
0.00014753 0.00077
0.00014688 0.00077027
0.00014624 0.00077054
0.0001456 0.00077081
0.00014497 0.00077108
0.00014433 0.00077135
0.0001437 0.00077162
0.00014308 0.00077189
0.00014245 0.00077216
0.00014183 0.00077243
0.00014121 0.0007727
0.00014059 0.00077297
0.00013998 0.00077324
0.00013937 0.00077351
0.00013876 0.00077378
0.00013815 0.00077405
0.00013755 0.00077433
0.00013695 0.0007746
0.00013635 0.00077487
0.00013575 0.00077514
0.00013516 0.00077541
0.00013457 0.00077568
0.00013398 0.00077595
0.0001334 0.00077623
0.00013282 0.0007765
0.00013224 0.00077677
0.00013166 0.00077704
0.00013108 0.00077731
0.00013051 0.00077759
0.00012994 0.00077786
0.00012937 0.00077813
0.00012881 0.0007784
0.00012824 0.00077868
0.00012768 0.00077895
0.00012713 0.00077922
0.00012657 0.00077949
0.00012602 0.00077977
0.00012547 0.00078004
0.00012492 0.00078031
0.00012437 0.00078059
0.00012383 0.00078086
0.00012329 0.00078113
0.00012275 0.00078141
0.00012222 0.00078168
0.00012168 0.00078195
0.00012115 0.00078223
0.00012062 0.0007825
0.0001201 0.00078278
0.00011957 0.00078305
0.00011905 0.00078333
0.00011853 0.0007836
0.00011801 0.00078387
0.0001175 0.00078415
0.00011698 0.00078442
0.00011647 0.0007847
0.00011596 0.00078497
0.00011546 0.00078525
0.00011495 0.00078552
0.00011445 0.0007858
0.00011395 0.00078607
0.00011345 0.00078635
0.00011296 0.00078662
0.00011246 0.0007869
0.00011197 0.00078717
0.00011148 0.00078745
0.000111 0.00078773
0.00011051 0.000788
0.00011003 0.00078828
0.00010955 0.00078855
0.00010907 0.00078883
0.00010859 0.00078911
0.00010812 0.00078938
0.00010765 0.00078966
0.00010718 0.00078994
0.00010671 0.00079021
0.00010624 0.00079049
0.00010578 0.00079077
0.00010532 0.00079104
0.00010486 0.00079132
0.0001044 0.0007916
0.00010394 0.00079187
0.00010349 0.00079215
0.00010304 0.00079243
0.00010259 0.00079271
0.00010214 0.00079298
0.00010169 0.00079326
0.00010125 0.00079354
0.00010081 0.00079382
0.00010037 0.0007941
9.9927e-05 0.00079437
9.9491e-05 0.00079465
9.9056e-05 0.00079493
9.8624e-05 0.00079521
9.8193e-05 0.00079549
9.7764e-05 0.00079577
9.7337e-05 0.00079605
9.6912e-05 0.00079632
9.6488e-05 0.0007966
9.6067e-05 0.00079688
9.5647e-05 0.00079716
9.523e-05 0.00079744
9.4814e-05 0.00079772
9.44e-05 0.000798
9.3987e-05 0.00079828
9.3577e-05 0.00079856
9.3168e-05 0.00079884
9.2761e-05 0.00079912
9.2356e-05 0.0007994
9.1953e-05 0.00079968
9.1551e-05 0.00079996
9.1151e-05 0.00080024
9.0753e-05 0.00080052
9.0357e-05 0.0008008
8.9962e-05 0.00080108
8.9569e-05 0.00080136
8.9178e-05 0.00080164
8.8789e-05 0.00080192
8.8401e-05 0.0008022
8.8015e-05 0.00080248
8.763e-05 0.00080276
8.7247e-05 0.00080304
8.6866e-05 0.00080333
8.6487e-05 0.00080361
8.6109e-05 0.00080389
8.5733e-05 0.00080417
8.5359e-05 0.00080445
8.4986e-05 0.00080473
8.4615e-05 0.00080502
8.4245e-05 0.0008053
8.3877e-05 0.00080558
8.3511e-05 0.00080586
8.3146e-05 0.00080614
8.2783e-05 0.00080643
8.2421e-05 0.00080671
8.2061e-05 0.00080699
8.1703e-05 0.00080727
8.1346e-05 0.00080756
8.0991e-05 0.00080784
8.0637e-05 0.00080812
8.0285e-05 0.00080841
7.9934e-05 0.00080869
7.9585e-05 0.00080897
7.9238e-05 0.00080926
7.8891e-05 0.00080954
7.8547e-05 0.00080982
7.8204e-05 0.00081011
7.7862e-05 0.00081039
7.7522e-05 0.00081067
7.7184e-05 0.00081096
7.6846e-05 0.00081124
7.6511e-05 0.00081153
7.6177e-05 0.00081181
7.5844e-05 0.00081209
7.5513e-05 0.00081238
7.5183e-05 0.00081266
7.4855e-05 0.00081295
7.4528e-05 0.00081323
7.4202e-05 0.00081352
7.3878e-05 0.0008138
7.3555e-05 0.00081409
7.3234e-05 0.00081437
7.2914e-05 0.00081466
7.2596e-05 0.00081494
7.2279e-05 0.00081523
7.1963e-05 0.00081551
7.1649e-05 0.0008158
7.1336e-05 0.00081609
7.1024e-05 0.00081637
7.0714e-05 0.00081666
7.0405e-05 0.00081694
7.0098e-05 0.00081723
6.9791e-05 0.00081752
6.9487e-05 0.0008178
6.9183e-05 0.00081809
6.8881e-05 0.00081837
6.858e-05 0.00081866
6.8281e-05 0.00081895
6.7982e-05 0.00081923
6.7685e-05 0.00081952
6.739e-05 0.00081981
6.7095e-05 0.0008201
6.6802e-05 0.00082038
6.6511e-05 0.00082067
6.622e-05 0.00082096
6.5931e-05 0.00082125
6.5643e-05 0.00082153
6.5356e-05 0.00082182
6.5071e-05 0.00082211
6.4787e-05 0.0008224
6.4504e-05 0.00082268
6.4222e-05 0.00082297
6.3941e-05 0.00082326
6.3662e-05 0.00082355
6.3384e-05 0.00082384
6.3107e-05 0.00082413
6.2832e-05 0.00082441
6.2557e-05 0.0008247
6.2284e-05 0.00082499
6.2012e-05 0.00082528
6.1741e-05 0.00082557
6.1471e-05 0.00082586
6.1203e-05 0.00082615
6.0936e-05 0.00082644
6.067e-05 0.00082673
6.0405e-05 0.00082702
6.0141e-05 0.00082731
5.9878e-05 0.0008276
5.9617e-05 0.00082789
5.9356e-05 0.00082818
5.9097e-05 0.00082847
5.8839e-05 0.00082876
5.8582e-05 0.00082905
5.8326e-05 0.00082934
5.8071e-05 0.00082963
5.7818e-05 0.00082992
5.7565e-05 0.00083021
5.7314e-05 0.0008305
5.7063e-05 0.00083079
5.6814e-05 0.00083108
5.6566e-05 0.00083137
5.6319e-05 0.00083166
5.6073e-05 0.00083195
5.5828e-05 0.00083225
5.5584e-05 0.00083254
5.5341e-05 0.00083283
5.51e-05 0.00083312
5.4859e-05 0.00083341
5.4619e-05 0.0008337
5.4381e-05 0.000834
5.4143e-05 0.00083429
5.3907e-05 0.00083458
5.3671e-05 0.00083487
5.3437e-05 0.00083517
5.3204e-05 0.00083546
5.2971e-05 0.00083575
5.274e-05 0.00083604
5.251e-05 0.00083634
5.228e-05 0.00083663
5.2052e-05 0.00083692
5.1824e-05 0.00083722
5.1598e-05 0.00083751
5.1373e-05 0.0008378
5.1148e-05 0.0008381
5.0925e-05 0.00083839
5.0703e-05 0.00083868
5.0481e-05 0.00083898
5.0261e-05 0.00083927
5.0041e-05 0.00083956
4.9823e-05 0.00083986
4.9605e-05 0.00084015
4.9388e-05 0.00084045
4.9173e-05 0.00084074
4.8958e-05 0.00084104
4.8744e-05 0.00084133
4.8531e-05 0.00084162
4.8319e-05 0.00084192
4.8108e-05 0.00084221
4.7898e-05 0.00084251
4.7689e-05 0.0008428
4.748e-05 0.0008431
4.7273e-05 0.00084339
4.7067e-05 0.00084369
4.6861e-05 0.00084399
4.6656e-05 0.00084428
4.6453e-05 0.00084458
4.625e-05 0.00084487
4.6048e-05 0.00084517
4.5847e-05 0.00084546
4.5646e-05 0.00084576
4.5447e-05 0.00084606
4.5249e-05 0.00084635
4.5051e-05 0.00084665
4.4854e-05 0.00084695
4.4658e-05 0.00084724
4.4463e-05 0.00084754
4.4269e-05 0.00084784
4.4076e-05 0.00084813
4.3883e-05 0.00084843
4.3691e-05 0.00084873
4.3501e-05 0.00084902
4.3311e-05 0.00084932
4.3121e-05 0.00084962
4.2933e-05 0.00084992
4.2746e-05 0.00085021
4.2559e-05 0.00085051
4.2373e-05 0.00085081
4.2188e-05 0.00085111
4.2004e-05 0.00085141
4.182e-05 0.0008517
4.1638e-05 0.000852
4.1456e-05 0.0008523
4.1275e-05 0.0008526
4.1094e-05 0.0008529
4.0915e-05 0.0008532
4.0736e-05 0.0008535
4.0558e-05 0.0008538
4.0381e-05 0.00085409
4.0205e-05 0.00085439
4.0029e-05 0.00085469
3.9854e-05 0.00085499
3.968e-05 0.00085529
3.9507e-05 0.00085559
3.9334e-05 0.00085589
3.9163e-05 0.00085619
3.8992e-05 0.00085649
3.8821e-05 0.00085679
3.8652e-05 0.00085709
3.8483e-05 0.00085739
3.8315e-05 0.00085769
3.8147e-05 0.00085799
3.7981e-05 0.00085829
3.7815e-05 0.00085859
3.765e-05 0.00085889
3.7485e-05 0.00085919
3.7322e-05 0.00085949
3.7159e-05 0.0008598
3.6996e-05 0.0008601
3.6835e-05 0.0008604
3.6674e-05 0.0008607
3.6514e-05 0.000861
3.6354e-05 0.0008613
3.6195e-05 0.0008616
3.6037e-05 0.00086191
3.588e-05 0.00086221
3.5723e-05 0.00086251
3.5567e-05 0.00086281
3.5412e-05 0.00086311
3.5257e-05 0.00086342
3.5103e-05 0.00086372
3.495e-05 0.00086402
3.4797e-05 0.00086432
3.4645e-05 0.00086463
3.4494e-05 0.00086493
3.4343e-05 0.00086523
3.4193e-05 0.00086554
3.4044e-05 0.00086584
3.3895e-05 0.00086614
3.3747e-05 0.00086644
3.36e-05 0.00086675
3.3453e-05 0.00086705
3.3307e-05 0.00086736
3.3161e-05 0.00086766
3.3017e-05 0.00086796
3.2872e-05 0.00086827
3.2729e-05 0.00086857
3.2586e-05 0.00086888
3.2444e-05 0.00086918
3.2302e-05 0.00086948
3.2161e-05 0.00086979
3.202e-05 0.00087009
3.188e-05 0.0008704
3.1741e-05 0.0008707
3.1603e-05 0.00087101
3.1465e-05 0.00087131
3.1327e-05 0.00087162
3.119e-05 0.00087192
3.1054e-05 0.00087223
3.0918e-05 0.00087253
3.0783e-05 0.00087284
3.0649e-05 0.00087315
3.0515e-05 0.00087345
3.0382e-05 0.00087376
3.0249e-05 0.00087406
3.0117e-05 0.00087437
2.9985e-05 0.00087468
2.9855e-05 0.00087498
2.9724e-05 0.00087529
2.9594e-05 0.0008756
2.9465e-05 0.0008759
2.9336e-05 0.00087621
2.9208e-05 0.00087652
2.9081e-05 0.00087682
2.8954e-05 0.00087713
2.8827e-05 0.00087744
2.8701e-05 0.00087774
2.8576e-05 0.00087805
2.8451e-05 0.00087836
2.8327e-05 0.00087867
2.8203e-05 0.00087897
2.808e-05 0.00087928
2.7957e-05 0.00087959
2.7835e-05 0.0008799
2.7714e-05 0.00088021
2.7593e-05 0.00088051
2.7472e-05 0.00088082
2.7352e-05 0.00088113
2.7233e-05 0.00088144
2.7114e-05 0.00088175
2.6995e-05 0.00088206
2.6877e-05 0.00088237
2.676e-05 0.00088268
2.6643e-05 0.00088298
2.6527e-05 0.00088329
2.6411e-05 0.0008836
2.6296e-05 0.00088391
2.6181e-05 0.00088422
2.6066e-05 0.00088453
2.5952e-05 0.00088484
2.5839e-05 0.00088515
2.5726e-05 0.00088546
2.5614e-05 0.00088577
2.5502e-05 0.00088608
2.5391e-05 0.00088639
2.528e-05 0.0008867
2.5169e-05 0.00088701
2.5059e-05 0.00088732
2.495e-05 0.00088764
2.4841e-05 0.00088795
2.4732e-05 0.00088826
2.4624e-05 0.00088857
2.4517e-05 0.00088888
2.441e-05 0.00088919
2.4303e-05 0.0008895
2.4197e-05 0.00088981
2.4091e-05 0.00089013
2.3986e-05 0.00089044
2.3881e-05 0.00089075
2.3777e-05 0.00089106
2.3673e-05 0.00089137
2.357e-05 0.00089169
2.3467e-05 0.000892
2.3364e-05 0.00089231
2.3262e-05 0.00089262
2.3161e-05 0.00089293
2.306e-05 0.00089325
2.2959e-05 0.00089356
2.2859e-05 0.00089387
2.2759e-05 0.00089419
2.2659e-05 0.0008945
2.256e-05 0.00089481
2.2462e-05 0.00089513
2.2364e-05 0.00089544
2.2266e-05 0.00089575
2.2169e-05 0.00089607
2.2072e-05 0.00089638
2.1976e-05 0.00089669
2.188e-05 0.00089701
2.1784e-05 0.00089732
2.1689e-05 0.00089764
2.1594e-05 0.00089795
2.15e-05 0.00089827
2.1406e-05 0.00089858
2.1312e-05 0.0008989
2.1219e-05 0.00089921
2.1127e-05 0.00089953
2.1034e-05 0.00089984
2.0943e-05 0.00090016
2.0851e-05 0.00090047
2.076e-05 0.00090079
2.0669e-05 0.0009011
2.0579e-05 0.00090142
2.0489e-05 0.00090173
2.04e-05 0.00090205
2.0311e-05 0.00090236
2.0222e-05 0.00090268
2.0134e-05 0.000903
2.0046e-05 0.00090331
1.9958e-05 0.00090363
1.9871e-05 0.00090395
1.9784e-05 0.00090426
1.9698e-05 0.00090458
1.9612e-05 0.0009049
1.9526e-05 0.00090521
1.9441e-05 0.00090553
1.9356e-05 0.00090585
1.9271e-05 0.00090616
1.9187e-05 0.00090648
1.9103e-05 0.0009068
1.902e-05 0.00090712
1.8937e-05 0.00090743
1.8854e-05 0.00090775
1.8772e-05 0.00090807
1.869e-05 0.00090839
1.8608e-05 0.00090871
1.8527e-05 0.00090902
1.8446e-05 0.00090934
1.8365e-05 0.00090966
1.8285e-05 0.00090998
1.8205e-05 0.0009103
1.8126e-05 0.00091062
1.8047e-05 0.00091094
1.7968e-05 0.00091126
1.7889e-05 0.00091158
1.7811e-05 0.00091189
1.7733e-05 0.00091221
1.7656e-05 0.00091253
1.7579e-05 0.00091285
1.7502e-05 0.00091317
1.7426e-05 0.00091349
1.735e-05 0.00091381
1.7274e-05 0.00091413
1.7198e-05 0.00091445
1.7123e-05 0.00091477
1.7048e-05 0.00091509
1.6974e-05 0.00091541
1.69e-05 0.00091573
1.6826e-05 0.00091606
1.6752e-05 0.00091638
1.6679e-05 0.0009167
1.6606e-05 0.00091702
1.6534e-05 0.00091734
1.6462e-05 0.00091766
1.639e-05 0.00091798
1.6318e-05 0.0009183
1.6247e-05 0.00091862
1.6176e-05 0.00091895
1.6105e-05 0.00091927
1.6035e-05 0.00091959
1.5965e-05 0.00091991
1.5895e-05 0.00092023
1.5826e-05 0.00092056
1.5757e-05 0.00092088
1.5688e-05 0.0009212
1.5619e-05 0.00092152
1.5551e-05 0.00092185
1.5483e-05 0.00092217
1.5416e-05 0.00092249
1.5348e-05 0.00092282
1.5281e-05 0.00092314
1.5214e-05 0.00092346
1.5148e-05 0.00092379
1.5082e-05 0.00092411
1.5016e-05 0.00092443
1.495e-05 0.00092476
1.4885e-05 0.00092508
1.482e-05 0.00092541
1.4755e-05 0.00092573
1.4691e-05 0.00092605
1.4627e-05 0.00092638
1.4563e-05 0.0009267
1.4499e-05 0.00092703
1.4436e-05 0.00092735
1.4373e-05 0.00092768
1.431e-05 0.000928
1.4248e-05 0.00092833
1.4185e-05 0.00092865
1.4123e-05 0.00092898
1.4062e-05 0.0009293
1.4e-05 0.00092963
1.3939e-05 0.00092995
1.3878e-05 0.00093028
1.3818e-05 0.0009306
1.3757e-05 0.00093093
1.3697e-05 0.00093126
1.3637e-05 0.00093158
1.3578e-05 0.00093191
1.3519e-05 0.00093224
1.346e-05 0.00093256
1.3401e-05 0.00093289
1.3342e-05 0.00093322
1.3284e-05 0.00093354
1.3226e-05 0.00093387
1.3168e-05 0.0009342
1.3111e-05 0.00093452
1.3053e-05 0.00093485
1.2996e-05 0.00093518
1.294e-05 0.00093551
1.2883e-05 0.00093583
1.2827e-05 0.00093616
1.2771e-05 0.00093649
1.2715e-05 0.00093682
1.2659e-05 0.00093714
1.2604e-05 0.00093747
1.2549e-05 0.0009378
1.2494e-05 0.00093813
1.244e-05 0.00093846
1.2385e-05 0.00093879
1.2331e-05 0.00093912
1.2277e-05 0.00093944
1.2224e-05 0.00093977
1.217e-05 0.0009401
1.2117e-05 0.00094043
1.2064e-05 0.00094076
1.2012e-05 0.00094109
1.1959e-05 0.00094142
1.1907e-05 0.00094175
1.1855e-05 0.00094208
1.1803e-05 0.00094241
1.1752e-05 0.00094274
1.17e-05 0.00094307
1.1649e-05 0.0009434
1.1598e-05 0.00094373
1.1548e-05 0.00094406
1.1497e-05 0.00094439
1.1447e-05 0.00094472
1.1397e-05 0.00094505
1.1347e-05 0.00094538
1.1298e-05 0.00094572
1.1248e-05 0.00094605
1.1199e-05 0.00094638
1.115e-05 0.00094671
1.1102e-05 0.00094704
1.1053e-05 0.00094737
1.1005e-05 0.00094771
1.0957e-05 0.00094804
1.0909e-05 0.00094837
1.0861e-05 0.0009487
1.0814e-05 0.00094903
1.0767e-05 0.00094937
1.072e-05 0.0009497
1.0673e-05 0.00095003
1.0626e-05 0.00095036
1.058e-05 0.0009507
1.0534e-05 0.00095103
1.0488e-05 0.00095136
1.0442e-05 0.0009517
1.0396e-05 0.00095203
1.0351e-05 0.00095236
1.0306e-05 0.0009527
1.0261e-05 0.00095303
1.0216e-05 0.00095336
1.0171e-05 0.0009537
1.0127e-05 0.00095403
1.0082e-05 0.00095437
1.0038e-05 0.0009547
9.9945e-06 0.00095503
9.9509e-06 0.00095537
9.9074e-06 0.0009557
9.8641e-06 0.00095604
9.8211e-06 0.00095637
9.7782e-06 0.00095671
9.7355e-06 0.00095704
9.6929e-06 0.00095738
9.6506e-06 0.00095771
9.6085e-06 0.00095805
9.5665e-06 0.00095838
9.5247e-06 0.00095872
9.4831e-06 0.00095906
9.4417e-06 0.00095939
9.4005e-06 0.00095973
9.3594e-06 0.00096006
9.3185e-06 0.0009604
9.2778e-06 0.00096074
9.2373e-06 0.00096107
9.1969e-06 0.00096141
9.1568e-06 0.00096175
9.1168e-06 0.00096208
9.077e-06 0.00096242
9.0373e-06 0.00096276
8.9979e-06 0.00096309
8.9586e-06 0.00096343
8.9194e-06 0.00096377
8.8805e-06 0.00096411
8.8417e-06 0.00096444
8.8031e-06 0.00096478
8.7646e-06 0.00096512
8.7263e-06 0.00096546
8.6882e-06 0.0009658
8.6503e-06 0.00096613
8.6125e-06 0.00096647
8.5749e-06 0.00096681
8.5374e-06 0.00096715
8.5001e-06 0.00096749
8.463e-06 0.00096783
8.426e-06 0.00096817
8.3892e-06 0.00096851
8.3526e-06 0.00096884
8.3161e-06 0.00096918
8.2798e-06 0.00096952
8.2436e-06 0.00096986
8.2076e-06 0.0009702
8.1718e-06 0.00097054
8.1361e-06 0.00097088
8.1006e-06 0.00097122
8.0652e-06 0.00097156
8.03e-06 0.0009719
7.9949e-06 0.00097224
7.96e-06 0.00097258
7.9252e-06 0.00097292
7.8906e-06 0.00097327
7.8561e-06 0.00097361
7.8218e-06 0.00097395
7.7876e-06 0.00097429
7.7536e-06 0.00097463
7.7198e-06 0.00097497
7.686e-06 0.00097531
7.6525e-06 0.00097565
7.6191e-06 0.000976
7.5858e-06 0.00097634
7.5526e-06 0.00097668
7.5197e-06 0.00097702
7.4868e-06 0.00097736
7.4541e-06 0.00097771
7.4216e-06 0.00097805
7.3891e-06 0.00097839
7.3569e-06 0.00097873
7.3247e-06 0.00097908
7.2927e-06 0.00097942
7.2609e-06 0.00097976
7.2292e-06 0.00098011
7.1976e-06 0.00098045
7.1662e-06 0.00098079
7.1349e-06 0.00098114
7.1037e-06 0.00098148
7.0727e-06 0.00098182
7.0418e-06 0.00098217
7.011e-06 0.00098251
6.9804e-06 0.00098286
6.9499e-06 0.0009832
6.9196e-06 0.00098354
6.8894e-06 0.00098389
6.8593e-06 0.00098423
6.8293e-06 0.00098458
6.7995e-06 0.00098492
6.7698e-06 0.00098527
6.7402e-06 0.00098561
6.7108e-06 0.00098596
6.6815e-06 0.0009863
6.6523e-06 0.00098665
6.6232e-06 0.00098699
6.5943e-06 0.00098734
6.5655e-06 0.00098769
6.5368e-06 0.00098803
6.5083e-06 0.00098838
6.4798e-06 0.00098872
6.4515e-06 0.00098907
6.4234e-06 0.00098942
6.3953e-06 0.00098976
6.3674e-06 0.00099011
6.3396e-06 0.00099046
6.3119e-06 0.0009908
6.2843e-06 0.00099115
6.2569e-06 0.0009915
6.2295e-06 0.00099184
6.2023e-06 0.00099219
6.1752e-06 0.00099254
6.1483e-06 0.00099289
6.1214e-06 0.00099323
6.0947e-06 0.00099358
6.0681e-06 0.00099393
6.0416e-06 0.00099428
6.0152e-06 0.00099463
5.9889e-06 0.00099498
5.9627e-06 0.00099532
5.9367e-06 0.00099567
5.9108e-06 0.00099602
5.885e-06 0.00099637
5.8592e-06 0.00099672
5.8337e-06 0.00099707
5.8082e-06 0.00099742
5.7828e-06 0.00099777
5.7576e-06 0.00099812
5.7324e-06 0.00099847
5.7074e-06 0.00099882
5.6824e-06 0.00099916
5.6576e-06 0.00099951
5.6329e-06 0.00099987
5.6083e-06 0.0010002
5.5838e-06 0.0010006
5.5594e-06 0.0010009
5.5351e-06 0.0010013
5.511e-06 0.0010016
5.4869e-06 0.001002
5.4629e-06 0.0010023
5.4391e-06 0.0010027
5.4153e-06 0.001003
5.3917e-06 0.0010034
5.3681e-06 0.0010037
5.3447e-06 0.0010041
5.3213e-06 0.0010044
5.2981e-06 0.0010048
5.2749e-06 0.0010051
5.2519e-06 0.0010055
5.229e-06 0.0010058
5.2061e-06 0.0010062
5.1834e-06 0.0010065
5.1608e-06 0.0010069
5.1382e-06 0.0010072
5.1158e-06 0.0010076
5.0934e-06 0.001008
5.0712e-06 0.0010083
5.049e-06 0.0010087
5.027e-06 0.001009
5.005e-06 0.0010094
4.9832e-06 0.0010097
4.9614e-06 0.0010101
4.9397e-06 0.0010104
4.9182e-06 0.0010108
4.8967e-06 0.0010111
4.8753e-06 0.0010115
4.854e-06 0.0010118
4.8328e-06 0.0010122
4.8117e-06 0.0010125
4.7907e-06 0.0010129
4.7697e-06 0.0010133
4.7489e-06 0.0010136
4.7282e-06 0.001014
4.7075e-06 0.0010143
4.687e-06 0.0010147
4.6665e-06 0.001015
4.6461e-06 0.0010154
4.6258e-06 0.0010157
4.6056e-06 0.0010161
4.5855e-06 0.0010165
4.5655e-06 0.0010168
4.5455e-06 0.0010172
4.5257e-06 0.0010175
4.5059e-06 0.0010179
4.4862e-06 0.0010182
4.4666e-06 0.0010186
4.4471e-06 0.001019
4.4277e-06 0.0010193
4.4084e-06 0.0010197
4.3891e-06 0.00102
4.3699e-06 0.0010204
4.3509e-06 0.0010207
4.3319e-06 0.0010211
4.3129e-06 0.0010215
4.2941e-06 0.0010218
4.2753e-06 0.0010222
4.2567e-06 0.0010225
4.2381e-06 0.0010229
4.2196e-06 0.0010232
4.2011e-06 0.0010236
4.1828e-06 0.001024
4.1645e-06 0.0010243
4.1463e-06 0.0010247
4.1282e-06 0.001025
4.1102e-06 0.0010254
4.0922e-06 0.0010258
4.0744e-06 0.0010261
4.0566e-06 0.0010265
4.0388e-06 0.0010268
4.0212e-06 0.0010272
4.0036e-06 0.0010276
3.9862e-06 0.0010279
3.9687e-06 0.0010283
3.9514e-06 0.0010286
3.9342e-06 0.001029
3.917e-06 0.0010294
3.8999e-06 0.0010297
3.8828e-06 0.0010301
3.8659e-06 0.0010304
3.849e-06 0.0010308
3.8322e-06 0.0010312
3.8154e-06 0.0010315
3.7988e-06 0.0010319
3.7822e-06 0.0010322
3.7657e-06 0.0010326
3.7492e-06 0.001033
3.7328e-06 0.0010333
3.7165e-06 0.0010337
3.7003e-06 0.001034
3.6841e-06 0.0010344
3.6681e-06 0.0010348
3.652e-06 0.0010351
3.6361e-06 0.0010355
3.6202e-06 0.0010359
3.6044e-06 0.0010362
3.5886e-06 0.0010366
3.573e-06 0.0010369
3.5574e-06 0.0010373
3.5418e-06 0.0010377
3.5264e-06 0.001038
3.511e-06 0.0010384
3.4956e-06 0.0010388
3.4804e-06 0.0010391
3.4652e-06 0.0010395
3.45e-06 0.0010399
3.435e-06 0.0010402
3.42e-06 0.0010406
3.405e-06 0.001041
3.3901e-06 0.0010413
3.3753e-06 0.0010417
3.3606e-06 0.001042
3.3459e-06 0.0010424
3.3313e-06 0.0010428
3.3168e-06 0.0010431
3.3023e-06 0.0010435
3.2878e-06 0.0010439
3.2735e-06 0.0010442
3.2592e-06 0.0010446
3.245e-06 0.001045
3.2308e-06 0.0010453
3.2167e-06 0.0010457
3.2026e-06 0.0010461
3.1886e-06 0.0010464
3.1747e-06 0.0010468
3.1608e-06 0.0010472
3.147e-06 0.0010475
3.1333e-06 0.0010479
3.1196e-06 0.0010483
3.106e-06 0.0010486
3.0924e-06 0.001049
3.0789e-06 0.0010494
3.0655e-06 0.0010497
3.0521e-06 0.0010501
3.0387e-06 0.0010505
3.0255e-06 0.0010508
3.0123e-06 0.0010512
2.9991e-06 0.0010516
2.986e-06 0.0010519
2.973e-06 0.0010523
2.96e-06 0.0010527
2.947e-06 0.0010531
2.9342e-06 0.0010534
2.9214e-06 0.0010538
2.9086e-06 0.0010542
2.8959e-06 0.0010545
2.8832e-06 0.0010549
2.8707e-06 0.0010553
2.8581e-06 0.0010556
2.8456e-06 0.001056
2.8332e-06 0.0010564
2.8208e-06 0.0010567
2.8085e-06 0.0010571
2.7962e-06 0.0010575
2.784e-06 0.0010579
2.7719e-06 0.0010582
2.7598e-06 0.0010586
2.7477e-06 0.001059
2.7357e-06 0.0010593
2.7238e-06 0.0010597
2.7119e-06 0.0010601
2.7e-06 0.0010605
2.6882e-06 0.0010608
2.6765e-06 0.0010612
2.6648e-06 0.0010616
2.6532e-06 0.0010619
2.6416e-06 0.0010623
2.63e-06 0.0010627
2.6185e-06 0.0010631
2.6071e-06 0.0010634
2.5957e-06 0.0010638
2.5844e-06 0.0010642
2.5731e-06 0.0010645
2.5619e-06 0.0010649
2.5507e-06 0.0010653
2.5395e-06 0.0010657
2.5284e-06 0.001066
2.5174e-06 0.0010664
2.5064e-06 0.0010668
2.4954e-06 0.0010672
2.4845e-06 0.0010675
2.4737e-06 0.0010679
2.4629e-06 0.0010683
2.4521e-06 0.0010687
2.4414e-06 0.001069
2.4308e-06 0.0010694
2.4201e-06 0.0010698
2.4096e-06 0.0010702
2.3991e-06 0.0010705
2.3886e-06 0.0010709
2.3781e-06 0.0010713
2.3678e-06 0.0010717
2.3574e-06 0.001072
2.3471e-06 0.0010724
2.3369e-06 0.0010728
2.3267e-06 0.0010732
2.3165e-06 0.0010735
2.3064e-06 0.0010739
2.2963e-06 0.0010743
2.2863e-06 0.0010747
2.2763e-06 0.001075
2.2663e-06 0.0010754
2.2565e-06 0.0010758
2.2466e-06 0.0010762
2.2368e-06 0.0010765
2.227e-06 0.0010769
2.2173e-06 0.0010773
2.2076e-06 0.0010777
2.198e-06 0.001078
2.1884e-06 0.0010784
2.1788e-06 0.0010788
2.1693e-06 0.0010792
2.1598e-06 0.0010796
2.1504e-06 0.0010799
2.141e-06 0.0010803
2.1316e-06 0.0010807
2.1223e-06 0.0010811
2.1131e-06 0.0010815
2.1038e-06 0.0010818
2.0946e-06 0.0010822
2.0855e-06 0.0010826
2.0764e-06 0.001083
2.0673e-06 0.0010833
2.0583e-06 0.0010837
2.0493e-06 0.0010841
2.0403e-06 0.0010845
2.0314e-06 0.0010849
2.0226e-06 0.0010852
2.0137e-06 0.0010856
2.0049e-06 0.001086
1.9962e-06 0.0010864
1.9875e-06 0.0010868
1.9788e-06 0.0010871
1.9701e-06 0.0010875
1.9615e-06 0.0010879
1.953e-06 0.0010883
1.9444e-06 0.0010887
1.9359e-06 0.0010891
1.9275e-06 0.0010894
1.9191e-06 0.0010898
1.9107e-06 0.0010902
1.9023e-06 0.0010906
1.894e-06 0.001091
1.8858e-06 0.0010913
1.8775e-06 0.0010917
1.8693e-06 0.0010921
1.8612e-06 0.0010925
1.853e-06 0.0010929
1.8449e-06 0.0010933
1.8369e-06 0.0010936
1.8289e-06 0.001094
1.8209e-06 0.0010944
1.8129e-06 0.0010948
1.805e-06 0.0010952
1.7971e-06 0.0010956
1.7893e-06 0.0010959
1.7814e-06 0.0010963
1.7737e-06 0.0010967
1.7659e-06 0.0010971
1.7582e-06 0.0010975
1.7505e-06 0.0010979
1.7429e-06 0.0010982
1.7353e-06 0.0010986
1.7277e-06 0.001099
1.7201e-06 0.0010994
1.7126e-06 0.0010998
1.7051e-06 0.0011002
1.6977e-06 0.0011006
1.6903e-06 0.0011009
1.6829e-06 0.0011013
1.6756e-06 0.0011017
1.6682e-06 0.0011021
1.661e-06 0.0011025
1.6537e-06 0.0011029
1.6465e-06 0.0011033
1.6393e-06 0.0011036
1.6321e-06 0.001104
1.625e-06 0.0011044
1.6179e-06 0.0011048
1.6108e-06 0.0011052
1.6038e-06 0.0011056
1.5968e-06 0.001106
1.5898e-06 0.0011063
1.5829e-06 0.0011067
1.576e-06 0.0011071
1.5691e-06 0.0011075
1.5622e-06 0.0011079
1.5554e-06 0.0011083
1.5486e-06 0.0011087
1.5418e-06 0.0011091
1.5351e-06 0.0011095
1.5284e-06 0.0011098
1.5217e-06 0.0011102
1.5151e-06 0.0011106
1.5085e-06 0.001111
1.5019e-06 0.0011114
1.4953e-06 0.0011118
1.4888e-06 0.0011122
1.4823e-06 0.0011126
1.4758e-06 0.001113
1.4694e-06 0.0011133
1.4629e-06 0.0011137
1.4566e-06 0.0011141
1.4502e-06 0.0011145
1.4439e-06 0.0011149
1.4376e-06 0.0011153
1.4313e-06 0.0011157
1.425e-06 0.0011161
1.4188e-06 0.0011165
1.4126e-06 0.0011169
1.4064e-06 0.0011173
1.4003e-06 0.0011176
1.3942e-06 0.001118
1.3881e-06 0.0011184
1.382e-06 0.0011188
1.376e-06 0.0011192
1.37e-06 0.0011196
1.364e-06 0.00112
1.358e-06 0.0011204
1.3521e-06 0.0011208
1.3462e-06 0.0011212
1.3403e-06 0.0011216
1.3345e-06 0.001122
1.3286e-06 0.0011223
1.3228e-06 0.0011227
1.3171e-06 0.0011231
1.3113e-06 0.0011235
1.3056e-06 0.0011239
1.2999e-06 0.0011243
1.2942e-06 0.0011247
1.2885e-06 0.0011251
1.2829e-06 0.0011255
1.2773e-06 0.0011259
1.2717e-06 0.0011263
1.2662e-06 0.0011267
1.2606e-06 0.0011271
1.2551e-06 0.0011275
1.2497e-06 0.0011279
1.2442e-06 0.0011283
1.2388e-06 0.0011287
1.2334e-06 0.001129
1.228e-06 0.0011294
1.2226e-06 0.0011298
1.2173e-06 0.0011302
1.212e-06 0.0011306
1.2067e-06 0.001131
1.2014e-06 0.0011314
1.1961e-06 0.0011318
1.1909e-06 0.0011322
1.1857e-06 0.0011326
1.1805e-06 0.001133
1.1754e-06 0.0011334
1.1702e-06 0.0011338
1.1651e-06 0.0011342
1.16e-06 0.0011346
1.155e-06 0.001135
1.1499e-06 0.0011354
1.1449e-06 0.0011358
1.1399e-06 0.0011362
1.1349e-06 0.0011366
1.13e-06 0.001137
1.125e-06 0.0011374
1.1201e-06 0.0011378
1.1152e-06 0.0011382
1.1104e-06 0.0011386
1.1055e-06 0.001139
1.1007e-06 0.0011394
1.0959e-06 0.0011398
1.0911e-06 0.0011402
1.0863e-06 0.0011406
1.0816e-06 0.001141
1.0769e-06 0.0011414
1.0722e-06 0.0011418
1.0675e-06 0.0011422
1.0628e-06 0.0011426
1.0582e-06 0.001143
1.0535e-06 0.0011434
1.0489e-06 0.0011438
1.0444e-06 0.0011442
1.0398e-06 0.0011446
1.0353e-06 0.001145
1.0307e-06 0.0011454
1.0262e-06 0.0011458
1.0218e-06 0.0011462
1.0173e-06 0.0011466
1.0128e-06 0.001147
1.0084e-06 0.0011474
1.004e-06 0.0011478
9.9964e-07 0.0011482
9.9527e-07 0.0011486
9.9092e-07 0.001149
9.8659e-07 0.0011494
9.8229e-07 0.0011498
9.78e-07 0.0011502
9.7372e-07 0.0011506
9.6947e-07 0.001151
9.6524e-07 0.0011514
9.6102e-07 0.0011518
9.5682e-07 0.0011522
9.5264e-07 0.0011526
9.4848e-07 0.001153
9.4434e-07 0.0011534
9.4022e-07 0.0011538
9.3611e-07 0.0011542
9.3202e-07 0.0011546
9.2795e-07 0.001155
9.239e-07 0.0011554
9.1986e-07 0.0011559
9.1584e-07 0.0011563
9.1184e-07 0.0011567
9.0786e-07 0.0011571
9.039e-07 0.0011575
8.9995e-07 0.0011579
8.9602e-07 0.0011583
8.9211e-07 0.0011587
8.8821e-07 0.0011591
8.8433e-07 0.0011595
8.8047e-07 0.0011599
8.7662e-07 0.0011603
8.7279e-07 0.0011607
8.6898e-07 0.0011611
8.6519e-07 0.0011615
8.6141e-07 0.0011619
8.5764e-07 0.0011623
8.539e-07 0.0011628
8.5017e-07 0.0011632
8.4646e-07 0.0011636
8.4276e-07 0.001164
8.3908e-07 0.0011644
8.3541e-07 0.0011648
8.3176e-07 0.0011652
8.2813e-07 0.0011656
8.2451e-07 0.001166
8.2091e-07 0.0011664
8.1733e-07 0.0011668
8.1376e-07 0.0011672
8.102e-07 0.0011676
8.0667e-07 0.0011681
8.0314e-07 0.0011685
7.9963e-07 0.0011689
7.9614e-07 0.0011693
7.9266e-07 0.0011697
7.892e-07 0.0011701
7.8576e-07 0.0011705
7.8232e-07 0.0011709
7.7891e-07 0.0011713
7.755e-07 0.0011717
7.7212e-07 0.0011722
7.6875e-07 0.0011726
7.6539e-07 0.001173
7.6204e-07 0.0011734
7.5872e-07 0.0011738
7.554e-07 0.0011742
7.521e-07 0.0011746
7.4882e-07 0.001175
7.4555e-07 0.0011754
7.4229e-07 0.0011759
7.3905e-07 0.0011763
7.3582e-07 0.0011767
7.3261e-07 0.0011771
7.2941e-07 0.0011775
7.2622e-07 0.0011779
7.2305e-07 0.0011783
7.1989e-07 0.0011787
7.1675e-07 0.0011792
7.1362e-07 0.0011796
7.105e-07 0.00118
7.074e-07 0.0011804
7.0431e-07 0.0011808
7.0123e-07 0.0011812
6.9817e-07 0.0011816
6.9512e-07 0.001182
6.9208e-07 0.0011825
6.8906e-07 0.0011829
6.8605e-07 0.0011833
6.8305e-07 0.0011837
6.8007e-07 0.0011841
6.771e-07 0.0011845
6.7414e-07 0.0011849
6.712e-07 0.0011854
6.6827e-07 0.0011858
6.6535e-07 0.0011862
6.6244e-07 0.0011866
6.5955e-07 0.001187
6.5667e-07 0.0011874
6.538e-07 0.0011879
6.5095e-07 0.0011883
6.481e-07 0.0011887
6.4527e-07 0.0011891
6.4245e-07 0.0011895
6.3965e-07 0.0011899
6.3685e-07 0.0011904
6.3407e-07 0.0011908
6.313e-07 0.0011912
6.2855e-07 0.0011916
6.258e-07 0.001192
6.2307e-07 0.0011924
6.2035e-07 0.0011929
6.1764e-07 0.0011933
6.1494e-07 0.0011937
6.1225e-07 0.0011941
6.0958e-07 0.0011945
6.0692e-07 0.0011949
6.0427e-07 0.0011954
6.0163e-07 0.0011958
5.99e-07 0.0011962
5.9638e-07 0.0011966
5.9378e-07 0.001197
5.9118e-07 0.0011975
5.886e-07 0.0011979
5.8603e-07 0.0011983
5.8347e-07 0.0011987
5.8092e-07 0.0011991
5.7839e-07 0.0011996
5.7586e-07 0.0012
5.7334e-07 0.0012004
5.7084e-07 0.0012008
5.6835e-07 0.0012012
5.6587e-07 0.0012017
5.6339e-07 0.0012021
5.6093e-07 0.0012025
5.5848e-07 0.0012029
5.5604e-07 0.0012033
5.5362e-07 0.0012038
5.512e-07 0.0012042
5.4879e-07 0.0012046
5.4639e-07 0.001205
5.4401e-07 0.0012055
5.4163e-07 0.0012059
5.3926e-07 0.0012063
5.3691e-07 0.0012067
5.3456e-07 0.0012071
5.3223e-07 0.0012076
5.2991e-07 0.001208
5.2759e-07 0.0012084
5.2529e-07 0.0012088
5.2299e-07 0.0012093
5.2071e-07 0.0012097
5.1843e-07 0.0012101
5.1617e-07 0.0012105
5.1391e-07 0.001211
5.1167e-07 0.0012114
5.0944e-07 0.0012118
5.0721e-07 0.0012122
5.05e-07 0.0012127
5.0279e-07 0.0012131
5.0059e-07 0.0012135
4.9841e-07 0.0012139
4.9623e-07 0.0012144
4.9406e-07 0.0012148
4.9191e-07 0.0012152
4.8976e-07 0.0012156
4.8762e-07 0.0012161
4.8549e-07 0.0012165
4.8337e-07 0.0012169
4.8126e-07 0.0012173
4.7915e-07 0.0012178
4.7706e-07 0.0012182
4.7498e-07 0.0012186
4.729e-07 0.001219
4.7084e-07 0.0012195
4.6878e-07 0.0012199
4.6673e-07 0.0012203
4.647e-07 0.0012207
4.6267e-07 0.0012212
4.6065e-07 0.0012216
4.5863e-07 0.001222
4.5663e-07 0.0012225
4.5464e-07 0.0012229
4.5265e-07 0.0012233
4.5067e-07 0.0012237
4.487e-07 0.0012242
4.4674e-07 0.0012246
4.4479e-07 0.001225
4.4285e-07 0.0012255
4.4092e-07 0.0012259
4.3899e-07 0.0012263
4.3707e-07 0.0012267
4.3516e-07 0.0012272
4.3326e-07 0.0012276
4.3137e-07 0.001228
4.2949e-07 0.0012285
4.2761e-07 0.0012289
4.2574e-07 0.0012293
4.2388e-07 0.0012298
4.2203e-07 0.0012302
4.2019e-07 0.0012306
4.1835e-07 0.0012311
4.1653e-07 0.0012315
4.1471e-07 0.0012319
4.129e-07 0.0012323
4.1109e-07 0.0012328
4.093e-07 0.0012332
4.0751e-07 0.0012336
4.0573e-07 0.0012341
4.0396e-07 0.0012345
4.0219e-07 0.0012349
4.0044e-07 0.0012354
3.9869e-07 0.0012358
3.9695e-07 0.0012362
3.9521e-07 0.0012367
3.9349e-07 0.0012371
3.9177e-07 0.0012375
3.9006e-07 0.001238
3.8835e-07 0.0012384
3.8666e-07 0.0012388
3.8497e-07 0.0012393
3.8329e-07 0.0012397
3.8161e-07 0.0012401
3.7995e-07 0.0012406
3.7829e-07 0.001241
3.7664e-07 0.0012414
3.7499e-07 0.0012419
3.7335e-07 0.0012423
3.7172e-07 0.0012427
3.701e-07 0.0012432
3.6848e-07 0.0012436
3.6687e-07 0.0012441
3.6527e-07 0.0012445
3.6367e-07 0.0012449
3.6209e-07 0.0012454
3.605e-07 0.0012458
3.5893e-07 0.0012462
3.5736e-07 0.0012467
3.558e-07 0.0012471
3.5425e-07 0.0012475
3.527e-07 0.001248
3.5116e-07 0.0012484
3.4963e-07 0.0012489
3.481e-07 0.0012493
3.4658e-07 0.0012497
3.4507e-07 0.0012502
3.4356e-07 0.0012506
3.4206e-07 0.001251
3.4056e-07 0.0012515
3.3908e-07 0.0012519
3.376e-07 0.0012524
3.3612e-07 0.0012528
3.3465e-07 0.0012532
3.3319e-07 0.0012537
3.3174e-07 0.0012541
3.3029e-07 0.0012546
3.2884e-07 0.001255
3.2741e-07 0.0012554
3.2598e-07 0.0012559
3.2455e-07 0.0012563
3.2314e-07 0.0012568
3.2173e-07 0.0012572
3.2032e-07 0.0012576
3.1892e-07 0.0012581
3.1753e-07 0.0012585
3.1614e-07 0.001259
3.1476e-07 0.0012594
3.1339e-07 0.0012598
3.1202e-07 0.0012603
3.1065e-07 0.0012607
3.093e-07 0.0012612
3.0795e-07 0.0012616
3.066e-07 0.001262
3.0526e-07 0.0012625
3.0393e-07 0.0012629
3.026e-07 0.0012634
3.0128e-07 0.0012638
2.9996e-07 0.0012643
2.9865e-07 0.0012647
2.9735e-07 0.0012651
2.9605e-07 0.0012656
2.9476e-07 0.001266
2.9347e-07 0.0012665
2.9219e-07 0.0012669
2.9091e-07 0.0012674
2.8964e-07 0.0012678
2.8838e-07 0.0012682
2.8712e-07 0.0012687
2.8586e-07 0.0012691
2.8461e-07 0.0012696
2.8337e-07 0.00127
2.8213e-07 0.0012705
2.809e-07 0.0012709
2.7967e-07 0.0012714
2.7845e-07 0.0012718
2.7724e-07 0.0012722
2.7603e-07 0.0012727
2.7482e-07 0.0012731
2.7362e-07 0.0012736
2.7243e-07 0.001274
2.7124e-07 0.0012745
2.7005e-07 0.0012749
2.6887e-07 0.0012754
2.677e-07 0.0012758
2.6653e-07 0.0012763
2.6536e-07 0.0012767
2.642e-07 0.0012772
2.6305e-07 0.0012776
2.619e-07 0.0012781
2.6076e-07 0.0012785
2.5962e-07 0.0012789
2.5849e-07 0.0012794
2.5736e-07 0.0012798
2.5623e-07 0.0012803
2.5511e-07 0.0012807
2.54e-07 0.0012812
2.5289e-07 0.0012816
2.5178e-07 0.0012821
2.5069e-07 0.0012825
2.4959e-07 0.001283
2.485e-07 0.0012834
2.4741e-07 0.0012839
2.4633e-07 0.0012843
2.4526e-07 0.0012848
2.4419e-07 0.0012852
2.4312e-07 0.0012857
2.4206e-07 0.0012861
2.41e-07 0.0012866
2.3995e-07 0.001287
2.389e-07 0.0012875
2.3786e-07 0.0012879
2.3682e-07 0.0012884
2.3578e-07 0.0012888
2.3475e-07 0.0012893
2.3373e-07 0.0012897
2.3271e-07 0.0012902
2.3169e-07 0.0012906
2.3068e-07 0.0012911
2.2967e-07 0.0012916
2.2867e-07 0.001292
2.2767e-07 0.0012925
2.2668e-07 0.0012929
2.2569e-07 0.0012934
2.247e-07 0.0012938
2.2372e-07 0.0012943
2.2274e-07 0.0012947
2.2177e-07 0.0012952
2.208e-07 0.0012956
2.1984e-07 0.0012961
2.1888e-07 0.0012965
2.1792e-07 0.001297
2.1697e-07 0.0012974
2.1602e-07 0.0012979
2.1508e-07 0.0012984
2.1414e-07 0.0012988
2.132e-07 0.0012993
2.1227e-07 0.0012997
2.1134e-07 0.0013002
2.1042e-07 0.0013006
2.095e-07 0.0013011
2.0859e-07 0.0013015
2.0768e-07 0.001302
2.0677e-07 0.0013025
2.0587e-07 0.0013029
2.0497e-07 0.0013034
2.0407e-07 0.0013038
2.0318e-07 0.0013043
2.0229e-07 0.0013047
2.0141e-07 0.0013052
2.0053e-07 0.0013056
1.9965e-07 0.0013061
1.9878e-07 0.0013066
1.9791e-07 0.001307
1.9705e-07 0.0013075
1.9619e-07 0.0013079
1.9533e-07 0.0013084
1.9448e-07 0.0013089
1.9363e-07 0.0013093
1.9278e-07 0.0013098
1.9194e-07 0.0013102
1.911e-07 0.0013107
1.9027e-07 0.0013111
1.8944e-07 0.0013116
1.8861e-07 0.0013121
1.8779e-07 0.0013125
1.8697e-07 0.001313
1.8615e-07 0.0013134
1.8534e-07 0.0013139
1.8453e-07 0.0013144
1.8372e-07 0.0013148
1.8292e-07 0.0013153
1.8212e-07 0.0013157
1.8132e-07 0.0013162
1.8053e-07 0.0013167
1.7974e-07 0.0013171
1.7896e-07 0.0013176
1.7818e-07 0.001318
1.774e-07 0.0013185
1.7662e-07 0.001319
1.7585e-07 0.0013194
1.7508e-07 0.0013199
1.7432e-07 0.0013204
1.7356e-07 0.0013208
1.728e-07 0.0013213
1.7205e-07 0.0013217
1.7129e-07 0.0013222
1.7055e-07 0.0013227
1.698e-07 0.0013231
1.6906e-07 0.0013236
1.6832e-07 0.0013241
1.6759e-07 0.0013245
1.6685e-07 0.001325
1.6613e-07 0.0013255
1.654e-07 0.0013259
1.6468e-07 0.0013264
1.6396e-07 0.0013268
1.6324e-07 0.0013273
1.6253e-07 0.0013278
1.6182e-07 0.0013282
1.6111e-07 0.0013287
1.6041e-07 0.0013292
1.5971e-07 0.0013296
1.5901e-07 0.0013301
1.5832e-07 0.0013306
1.5762e-07 0.001331
1.5694e-07 0.0013315
1.5625e-07 0.001332
1.5557e-07 0.0013324
1.5489e-07 0.0013329
1.5421e-07 0.0013334
1.5354e-07 0.0013338
1.5287e-07 0.0013343
1.522e-07 0.0013348
1.5154e-07 0.0013352
1.5087e-07 0.0013357
1.5021e-07 0.0013362
1.4956e-07 0.0013366
1.4891e-07 0.0013371
1.4826e-07 0.0013376
1.4761e-07 0.001338
1.4696e-07 0.0013385
1.4632e-07 0.001339
1.4568e-07 0.0013395
1.4505e-07 0.0013399
1.4441e-07 0.0013404
1.4378e-07 0.0013409
1.4315e-07 0.0013413
1.4253e-07 0.0013418
1.4191e-07 0.0013423
1.4129e-07 0.0013427
1.4067e-07 0.0013432
1.4005e-07 0.0013437
1.3944e-07 0.0013442
1.3883e-07 0.0013446
1.3823e-07 0.0013451
1.3762e-07 0.0013456
1.3702e-07 0.001346
1.3642e-07 0.0013465
1.3583e-07 0.001347
1.3524e-07 0.0013475
1.3464e-07 0.0013479
1.3406e-07 0.0013484
1.3347e-07 0.0013489
1.3289e-07 0.0013493
1.3231e-07 0.0013498
1.3173e-07 0.0013503
1.3115e-07 0.0013508
1.3058e-07 0.0013512
1.3001e-07 0.0013517
1.2944e-07 0.0013522
1.2888e-07 0.0013527
1.2831e-07 0.0013531
1.2775e-07 0.0013536
1.272e-07 0.0013541
1.2664e-07 0.0013545
1.2609e-07 0.001355
1.2554e-07 0.0013555
1.2499e-07 0.001356
1.2444e-07 0.0013564
1.239e-07 0.0013569
1.2336e-07 0.0013574
1.2282e-07 0.0013579
1.2228e-07 0.0013583
1.2175e-07 0.0013588
1.2122e-07 0.0013593
1.2069e-07 0.0013598
1.2016e-07 0.0013603
1.1964e-07 0.0013607
1.1911e-07 0.0013612
1.1859e-07 0.0013617
1.1808e-07 0.0013622
1.1756e-07 0.0013626
1.1705e-07 0.0013631
1.1653e-07 0.0013636
1.1603e-07 0.0013641
1.1552e-07 0.0013645
1.1501e-07 0.001365
1.1451e-07 0.0013655
1.1401e-07 0.001366
1.1351e-07 0.0013665
1.1302e-07 0.0013669
1.1252e-07 0.0013674
1.1203e-07 0.0013679
1.1154e-07 0.0013684
1.1106e-07 0.0013689
1.1057e-07 0.0013693
1.1009e-07 0.0013698
1.0961e-07 0.0013703
1.0913e-07 0.0013708
1.0865e-07 0.0013713
1.0818e-07 0.0013717
1.0771e-07 0.0013722
1.0724e-07 0.0013727
1.0677e-07 0.0013732
1.063e-07 0.0013737
1.0584e-07 0.0013741
1.0537e-07 0.0013746
1.0491e-07 0.0013751
1.0446e-07 0.0013756
1.04e-07 0.0013761
1.0354e-07 0.0013765
1.0309e-07 0.001377
1.0264e-07 0.0013775
1.0219e-07 0.001378
1.0175e-07 0.0013785
1.013e-07 0.001379
1.0086e-07 0.0013794
1.0042e-07 0.0013799
9.9982e-08 0.0013804
9.9545e-08 0.0013809
9.911e-08 0.0013814
9.8677e-08 0.0013819
9.8246e-08 0.0013823
9.7817e-08 0.0013828
9.739e-08 0.0013833
9.6965e-08 0.0013838
9.6541e-08 0.0013843
9.612e-08 0.0013848
9.57e-08 0.0013852
9.5282e-08 0.0013857
9.4866e-08 0.0013862
9.4451e-08 0.0013867
9.4039e-08 0.0013872
9.3628e-08 0.0013877
9.3219e-08 0.0013882
9.2812e-08 0.0013886
9.2407e-08 0.0013891
9.2003e-08 0.0013896
9.1601e-08 0.0013901
9.1201e-08 0.0013906
9.0803e-08 0.0013911
9.0406e-08 0.0013916
9.0011e-08 0.0013921
8.9618e-08 0.0013925
8.9227e-08 0.001393
8.8837e-08 0.0013935
8.8449e-08 0.001394
8.8063e-08 0.0013945
8.7678e-08 0.001395
8.7295e-08 0.0013955
8.6914e-08 0.001396
8.6534e-08 0.0013964
8.6156e-08 0.0013969
8.578e-08 0.0013974
8.5405e-08 0.0013979
8.5032e-08 0.0013984
8.4661e-08 0.0013989
8.4291e-08 0.0013994
8.3923e-08 0.0013999
8.3557e-08 0.0014004
8.3192e-08 0.0014009
8.2828e-08 0.0014013
8.2466e-08 0.0014018
8.2106e-08 0.0014023
8.1748e-08 0.0014028
8.1391e-08 0.0014033
8.1035e-08 0.0014038
8.0681e-08 0.0014043
8.0329e-08 0.0014048
7.9978e-08 0.0014053
7.9629e-08 0.0014058
7.9281e-08 0.0014063
7.8935e-08 0.0014068
7.859e-08 0.0014072
7.8247e-08 0.0014077
7.7905e-08 0.0014082
7.7565e-08 0.0014087
7.7226e-08 0.0014092
7.6889e-08 0.0014097
7.6553e-08 0.0014102
7.6218e-08 0.0014107
7.5885e-08 0.0014112
7.5554e-08 0.0014117
7.5224e-08 0.0014122
7.4895e-08 0.0014127
7.4568e-08 0.0014132
7.4243e-08 0.0014137
7.3918e-08 0.0014142
7.3596e-08 0.0014147
7.3274e-08 0.0014152
7.2954e-08 0.0014157
7.2635e-08 0.0014161
7.2318e-08 0.0014166
7.2002e-08 0.0014171
7.1688e-08 0.0014176
7.1375e-08 0.0014181
7.1063e-08 0.0014186
7.0753e-08 0.0014191
7.0444e-08 0.0014196
7.0136e-08 0.0014201
6.983e-08 0.0014206
6.9525e-08 0.0014211
6.9221e-08 0.0014216
6.8919e-08 0.0014221
6.8618e-08 0.0014226
6.8318e-08 0.0014231
6.802e-08 0.0014236
6.7722e-08 0.0014241
6.7427e-08 0.0014246
6.7132e-08 0.0014251
6.6839e-08 0.0014256
6.6547e-08 0.0014261
6.6256e-08 0.0014266
6.5967e-08 0.0014271
6.5679e-08 0.0014276
6.5392e-08 0.0014281
6.5106e-08 0.0014286
6.4822e-08 0.0014291
6.4539e-08 0.0014296
6.4257e-08 0.0014301
6.3976e-08 0.0014306
6.3697e-08 0.0014311
6.3419e-08 0.0014316
6.3142e-08 0.0014321
6.2866e-08 0.0014326
6.2591e-08 0.0014331
6.2318e-08 0.0014336
6.2046e-08 0.0014341
6.1775e-08 0.0014346
6.1505e-08 0.0014351
6.1236e-08 0.0014356
6.0969e-08 0.0014361
6.0703e-08 0.0014366
6.0438e-08 0.0014371
6.0174e-08 0.0014376
5.9911e-08 0.0014381
5.9649e-08 0.0014386
5.9389e-08 0.0014391
5.9129e-08 0.0014396
5.8871e-08 0.0014402
5.8614e-08 0.0014407
5.8358e-08 0.0014412
5.8103e-08 0.0014417
5.7849e-08 0.0014422
5.7597e-08 0.0014427
5.7345e-08 0.0014432
5.7094e-08 0.0014437
5.6845e-08 0.0014442
5.6597e-08 0.0014447
5.635e-08 0.0014452
5.6104e-08 0.0014457
5.5858e-08 0.0014462
5.5615e-08 0.0014467
5.5372e-08 0.0014472
5.513e-08 0.0014477
5.4889e-08 0.0014482
5.4649e-08 0.0014487
5.4411e-08 0.0014493
5.4173e-08 0.0014498
5.3936e-08 0.0014503
5.3701e-08 0.0014508
5.3466e-08 0.0014513
5.3233e-08 0.0014518
5.3e-08 0.0014523
5.2769e-08 0.0014528
5.2538e-08 0.0014533
5.2309e-08 0.0014538
5.208e-08 0.0014543
5.1853e-08 0.0014548
5.1626e-08 0.0014554
5.1401e-08 0.0014559
5.1176e-08 0.0014564
5.0953e-08 0.0014569
5.073e-08 0.0014574
5.0509e-08 0.0014579
5.0288e-08 0.0014584
5.0068e-08 0.0014589
4.985e-08 0.0014594
4.9632e-08 0.00146
4.9415e-08 0.0014605
4.9199e-08 0.001461
4.8985e-08 0.0014615
4.8771e-08 0.001462
4.8558e-08 0.0014625
4.8346e-08 0.001463
4.8134e-08 0.0014635
4.7924e-08 0.001464
4.7715e-08 0.0014646
4.7506e-08 0.0014651
4.7299e-08 0.0014656
4.7092e-08 0.0014661
4.6887e-08 0.0014666
4.6682e-08 0.0014671
4.6478e-08 0.0014676
4.6275e-08 0.0014682
4.6073e-08 0.0014687
4.5872e-08 0.0014692
4.5671e-08 0.0014697
4.5472e-08 0.0014702
4.5273e-08 0.0014707
4.5076e-08 0.0014712
4.4879e-08 0.0014718
4.4683e-08 0.0014723
4.4487e-08 0.0014728
4.4293e-08 0.0014733
4.41e-08 0.0014738
4.3907e-08 0.0014743
4.3715e-08 0.0014749
4.3524e-08 0.0014754
4.3334e-08 0.0014759
4.3145e-08 0.0014764
4.2957e-08 0.0014769
4.2769e-08 0.0014774
4.2582e-08 0.001478
4.2396e-08 0.0014785
4.2211e-08 0.001479
4.2027e-08 0.0014795
4.1843e-08 0.00148
4.166e-08 0.0014805
4.1478e-08 0.0014811
4.1297e-08 0.0014816
4.1117e-08 0.0014821
4.0937e-08 0.0014826
4.0758e-08 0.0014831
4.058e-08 0.0014837
4.0403e-08 0.0014842
4.0227e-08 0.0014847
4.0051e-08 0.0014852
3.9876e-08 0.0014857
3.9702e-08 0.0014863
3.9529e-08 0.0014868
3.9356e-08 0.0014873
3.9184e-08 0.0014878
3.9013e-08 0.0014883
3.8842e-08 0.0014889
3.8673e-08 0.0014894
3.8504e-08 0.0014899
3.8336e-08 0.0014904
3.8168e-08 0.001491
3.8002e-08 0.0014915
3.7836e-08 0.001492
3.767e-08 0.0014925
3.7506e-08 0.001493
3.7342e-08 0.0014936
3.7179e-08 0.0014941
3.7017e-08 0.0014946
3.6855e-08 0.0014951
3.6694e-08 0.0014957
3.6534e-08 0.0014962
3.6374e-08 0.0014967
3.6215e-08 0.0014972
3.6057e-08 0.0014978
3.59e-08 0.0014983
3.5743e-08 0.0014988
3.5587e-08 0.0014993
3.5431e-08 0.0014999
3.5276e-08 0.0015004
3.5122e-08 0.0015009
3.4969e-08 0.0015014
3.4816e-08 0.001502
3.4664e-08 0.0015025
3.4513e-08 0.001503
3.4362e-08 0.0015035
3.4212e-08 0.0015041
3.4063e-08 0.0015046
3.3914e-08 0.0015051
3.3766e-08 0.0015056
3.3618e-08 0.0015062
3.3471e-08 0.0015067
3.3325e-08 0.0015072
3.318e-08 0.0015078
3.3035e-08 0.0015083
3.289e-08 0.0015088
3.2747e-08 0.0015093
3.2604e-08 0.0015099
3.2461e-08 0.0015104
3.232e-08 0.0015109
3.2178e-08 0.0015115
3.2038e-08 0.001512
3.1898e-08 0.0015125
3.1759e-08 0.001513
3.162e-08 0.0015136
3.1482e-08 0.0015141
3.1344e-08 0.0015146
3.1207e-08 0.0015152
3.1071e-08 0.0015157
3.0935e-08 0.0015162
3.08e-08 0.0015168
3.0666e-08 0.0015173
3.0532e-08 0.0015178
3.0398e-08 0.0015183
3.0266e-08 0.0015189
3.0133e-08 0.0015194
3.0002e-08 0.0015199
2.9871e-08 0.0015205
2.974e-08 0.001521
2.961e-08 0.0015215
2.9481e-08 0.0015221
2.9352e-08 0.0015226
2.9224e-08 0.0015231
2.9097e-08 0.0015237
2.8969e-08 0.0015242
2.8843e-08 0.0015247
2.8717e-08 0.0015253
2.8592e-08 0.0015258
2.8467e-08 0.0015263
2.8342e-08 0.0015269
2.8219e-08 0.0015274
2.8095e-08 0.001528
2.7973e-08 0.0015285
2.785e-08 0.001529
2.7729e-08 0.0015296
2.7608e-08 0.0015301
2.7487e-08 0.0015306
2.7367e-08 0.0015312
2.7248e-08 0.0015317
2.7128e-08 0.0015322
2.701e-08 0.0015328
2.6892e-08 0.0015333
2.6775e-08 0.0015338
2.6658e-08 0.0015344
2.6541e-08 0.0015349
2.6425e-08 0.0015355
2.631e-08 0.001536
2.6195e-08 0.0015365
2.6081e-08 0.0015371
2.5967e-08 0.0015376
2.5853e-08 0.0015382
2.574e-08 0.0015387
2.5628e-08 0.0015392
2.5516e-08 0.0015398
2.5405e-08 0.0015403
2.5294e-08 0.0015408
2.5183e-08 0.0015414
2.5073e-08 0.0015419
2.4964e-08 0.0015425
2.4855e-08 0.001543
2.4746e-08 0.0015435
2.4638e-08 0.0015441
2.453e-08 0.0015446
2.4423e-08 0.0015452
2.4316e-08 0.0015457
2.421e-08 0.0015463
2.4105e-08 0.0015468
2.3999e-08 0.0015473
2.3894e-08 0.0015479
2.379e-08 0.0015484
2.3686e-08 0.001549
2.3583e-08 0.0015495
2.348e-08 0.00155
2.3377e-08 0.0015506
2.3275e-08 0.0015511
2.3173e-08 0.0015517
2.3072e-08 0.0015522
2.2971e-08 0.0015528
2.2871e-08 0.0015533
2.2771e-08 0.0015539
2.2672e-08 0.0015544
2.2573e-08 0.0015549
2.2474e-08 0.0015555
2.2376e-08 0.001556
2.2278e-08 0.0015566
2.2181e-08 0.0015571
2.2084e-08 0.0015577
2.1988e-08 0.0015582
2.1892e-08 0.0015588
2.1796e-08 0.0015593
2.1701e-08 0.0015598
2.1606e-08 0.0015604
2.1512e-08 0.0015609
2.1418e-08 0.0015615
2.1324e-08 0.001562
2.1231e-08 0.0015626
2.1138e-08 0.0015631
2.1046e-08 0.0015637
2.0954e-08 0.0015642
2.0863e-08 0.0015648
2.0771e-08 0.0015653
2.0681e-08 0.0015659
2.059e-08 0.0015664
2.05e-08 0.001567
2.0411e-08 0.0015675
2.0322e-08 0.0015681
2.0233e-08 0.0015686
2.0145e-08 0.0015692
2.0057e-08 0.0015697
1.9969e-08 0.0015703
1.9882e-08 0.0015708
1.9795e-08 0.0015714
1.9708e-08 0.0015719
1.9622e-08 0.0015725
1.9537e-08 0.001573
1.9451e-08 0.0015736
1.9366e-08 0.0015741
1.9282e-08 0.0015747
1.9198e-08 0.0015752
1.9114e-08 0.0015758
1.903e-08 0.0015763
1.8947e-08 0.0015769
1.8864e-08 0.0015774
1.8782e-08 0.001578
1.87e-08 0.0015785
1.8618e-08 0.0015791
1.8537e-08 0.0015796
1.8456e-08 0.0015802
1.8375e-08 0.0015807
1.8295e-08 0.0015813
1.8215e-08 0.0015818
1.8136e-08 0.0015824
1.8057e-08 0.001583
1.7978e-08 0.0015835
1.7899e-08 0.0015841
1.7821e-08 0.0015846
1.7743e-08 0.0015852
1.7666e-08 0.0015857
1.7588e-08 0.0015863
1.7512e-08 0.0015868
1.7435e-08 0.0015874
1.7359e-08 0.001588
1.7283e-08 0.0015885
1.7208e-08 0.0015891
1.7133e-08 0.0015896
1.7058e-08 0.0015902
1.6983e-08 0.0015907
1.6909e-08 0.0015913
1.6835e-08 0.0015919
1.6762e-08 0.0015924
1.6688e-08 0.001593
1.6616e-08 0.0015935
1.6543e-08 0.0015941
1.6471e-08 0.0015946
1.6399e-08 0.0015952
1.6327e-08 0.0015958
1.6256e-08 0.0015963
1.6185e-08 0.0015969
1.6114e-08 0.0015974
1.6044e-08 0.001598
1.5974e-08 0.0015986
1.5904e-08 0.0015991
1.5834e-08 0.0015997
1.5765e-08 0.0016002
1.5696e-08 0.0016008
1.5628e-08 0.0016014
1.556e-08 0.0016019
1.5492e-08 0.0016025
1.5424e-08 0.001603
1.5357e-08 0.0016036
1.529e-08 0.0016042
1.5223e-08 0.0016047
1.5156e-08 0.0016053
1.509e-08 0.0016058
1.5024e-08 0.0016064
1.4959e-08 0.001607
1.4893e-08 0.0016075
1.4828e-08 0.0016081
1.4763e-08 0.0016087
1.4699e-08 0.0016092
1.4635e-08 0.0016098
1.4571e-08 0.0016104
1.4507e-08 0.0016109
1.4444e-08 0.0016115
1.4381e-08 0.001612
1.4318e-08 0.0016126
1.4255e-08 0.0016132
1.4193e-08 0.0016137
1.4131e-08 0.0016143
1.4069e-08 0.0016149
1.4008e-08 0.0016154
1.3947e-08 0.001616
1.3886e-08 0.0016166
1.3825e-08 0.0016171
1.3765e-08 0.0016177
1.3705e-08 0.0016183
1.3645e-08 0.0016188
1.3585e-08 0.0016194
1.3526e-08 0.00162
1.3467e-08 0.0016205
1.3408e-08 0.0016211
1.335e-08 0.0016217
1.3291e-08 0.0016222
1.3233e-08 0.0016228
1.3175e-08 0.0016234
1.3118e-08 0.0016239
1.3061e-08 0.0016245
1.3003e-08 0.0016251
1.2947e-08 0.0016257
1.289e-08 0.0016262
1.2834e-08 0.0016268
1.2778e-08 0.0016274
1.2722e-08 0.0016279
1.2666e-08 0.0016285
1.2611e-08 0.0016291
1.2556e-08 0.0016296
1.2501e-08 0.0016302
1.2447e-08 0.0016308
1.2392e-08 0.0016314
1.2338e-08 0.0016319
1.2284e-08 0.0016325
1.2231e-08 0.0016331
1.2177e-08 0.0016336
1.2124e-08 0.0016342
1.2071e-08 0.0016348
1.2018e-08 0.0016354
1.1966e-08 0.0016359
1.1914e-08 0.0016365
1.1861e-08 0.0016371
1.181e-08 0.0016376
1.1758e-08 0.0016382
1.1707e-08 0.0016388
1.1656e-08 0.0016394
1.1605e-08 0.0016399
1.1554e-08 0.0016405
1.1504e-08 0.0016411
1.1453e-08 0.0016417
1.1403e-08 0.0016422
1.1353e-08 0.0016428
1.1304e-08 0.0016434
1.1255e-08 0.001644
1.1205e-08 0.0016445
1.1156e-08 0.0016451
1.1108e-08 0.0016457
1.1059e-08 0.0016463
1.1011e-08 0.0016469
1.0963e-08 0.0016474
1.0915e-08 0.001648
1.0867e-08 0.0016486
1.082e-08 0.0016492
1.0773e-08 0.0016497
1.0725e-08 0.0016503
1.0679e-08 0.0016509
1.0632e-08 0.0016515
1.0586e-08 0.001652
1.0539e-08 0.0016526
1.0493e-08 0.0016532
1.0447e-08 0.0016538
1.0402e-08 0.0016544
1.0356e-08 0.0016549
1.0311e-08 0.0016555
1.0266e-08 0.0016561
1.0221e-08 0.0016567
1.0177e-08 0.0016573
1.0132e-08 0.0016578
1.0088e-08 0.0016584
1.0044e-08 0.001659
1e-08 0.0016596
